0.0023490434748856,0.0129380053908356,0.0215956793400393,0.0080822861618095,0.0083626735439207,0,0,0,0,0,0,0,0,0,0,0,0,0,0,0,0,0,6.58156863954e-05,4.75208663696e-05,6.84985461184e-05,4.38390695157e-05,0.0003518256575004,0.0002655745715131,0.0002729952473425,0.0004206952374103,0.000383534776141,0.000292574415108,0.0003164918241277,0.0002656031125739,0.0003690644582735,0.000352653348266,0.0003182042877807,0.0003519398217439,0.0004439562020296,0.0004358219996781,0.000454801805165,0.0003551364205628,0.0002946293714916,0.0004182121651135,0.0003962640892947,0.0003940378865459,0.0004841134746915,0.0004331962220769,0.0004503493996673,0.0004285154880921,0.000428058831118,0.0004481231969185,0.000532633278192,0.0005366575677765,0.0003909269109096,0.0003360424508323,0.0003415508755827,0.0003374124217547,0.0003329029341352,0.0002795596913456,0.0001891701515302,0.0002181107872652,0.0002208792701708,0.0001482708112854,0.0001918244701923,7.41496761731e-05,5.59119382691e-05,5.49415421991e-05,0.0001036896741867,6.20768074198e-05,1.34142986148e-05,0,0,0,0,0,0,0,0,0,0,0,0,0,0
0.0125700443225832,0.0629498254160511,0.108879213196507,0.0407748632388761,0.0407430576814719,0,0,0,0,0,0,0,0,0,0,0,0,0,0,0,0,0,0.0002738272705896,0.0002052803325747,0.0003362460236121,0.0001959910023825,0.0016177299206275,0.0015645450391095,0.001620364208294,0.0016485649509967,0.0017672188133616,0.0017791424312201,0.0015927735111561,0.00143241471563,0.0019536709214572,0.002029233383468,0.0017639744801303,0.0019185378427901,0.0017628930357198,0.0020429316793334,0.0019996739029162,0.0019393903093707,0.0018562577364869,0.002046702870098,0.0019110509199487,0.0023294589894096,0.0021298631723257,0.0024172778214053,0.0026140452454158,0.0023735763754864,0.0021157489363024,0.0021907845407799,0.002466247842657,0.0021691556525713,0.0021005532558686,0.0017158086098504,0.0017838841490197,0.0017761199327397,0.001926523893821,0.0016072482286495,0.0010246269848664,0.0012295468359709,0.0012917160248987,0.0010811948463351,0.0011459151348977,0.000414110021163,0.0004090078218933,0.0003315597645002,0.0004410906727361,0.0004090910099249,0.0001018776093313,0,0,0,0,0,0,0,0,0,0,0,0,0,0
0.0209692804654045,0.108815847963136,0.186434385659191,0.0705634205634205,0.0713064116164892,0,0,0,0,0,0,0,0,0,0,0,0,0,0,0,0,0,0.0005709197569663,0.0005281028536842,0.0006296163272907,0.0004511987070127,0.0029086672497525,0.0027701566461256,0.0024774220510655,0.0030497274683321,0.002771597732838,0.0025620581822132,0.0029016003822205,0.0028326776388792,0.0030432702913323,0.003348364976272,0.0027818793322669,0.0033910987399359,0.0031143546647423,0.0032770034708019,0.0036521017141172,0.0033460647801733,0.0031986859506239,0.0035976729775179,0.0036177096254616,0.0037191953858621,0.0037746772242896,0.0043050525608665,0.0041656551346474,0.0040991711534347,0.0037680260548478,0.0039017145606293,0.0041059886021126,0.0037255417100378,0.003558597357047,0.0031435643838745,0.0029825783701753,0.0030168873192129,0.0031827785703755,0.0026169026169026,0.001770596731837,0.0020613082628587,0.0019551943970549,0.0018450621163799,0.0018421245165431,0.0007530509468494,0.0005567028822843,0.0005573402860225,0.000758870720111,0.0007575681994287,0.0001691614094715,0,0,0,0,0,0,0,0,0,0,0,0,0,0
0.0078066005487041,0.0405369217435028,0.0701924985444344,0.193582334286064,0.199327885254383,0,0,0,0,0,0,0,0,0,0,0,0,0,0,0,0,0,0.0004153660918898,0.0003197312692728,0.0004713771855537,0.0005421246552221,0.002272621179508,0.0022198998110215,0.0022988409630453,0.0022943934016322,0.002397465331075,0.002275151266097,0.002462356232271,0.0024816259353356,0.0027260365881151,0.002593691005487,0.0025281231682908,0.002463455870389,0.0027098421961103,0.0026027729749015,0.0028024690949617,0.0029860872192523,0.002701663829049,0.0028145191683771,0.0026850773655146,0.0031118839821137,0.0034656213304555,0.0034815277949309,0.0038696112218713,0.0032031570089647,0.0029975154917263,0.0036723869902825,0.0033304699859442,0.0029049130973455,0.0029210339759386,0.0025839106586606,0.0029656014818343,0.0024530445334447,0.0026019918949013,0.0026238743871432,0.0014221720860754,0.001450287903025,0.0016739340800336,0.0016095638988377,0.0016025280527179,0.0005395149291037,0.0005315050302777,0.0004657166528461,0.0005629412029931,0.0005416223135749,7.1504045198e-05,0,0,0,0,0,0,0,0,0,0,0,0,0,0
0.0081912332376121,0.041076013347289,0.0719309957685874,0.202136375089829,0.206165349382282,0,0,0,0,0,0,0,0,0,0,0,0,0,0,0,0,0,0.000483442249716,0.0003547951785553,0.0006097627645627,0.0005099382782315,0.0022710420089717,0.0024741078200124,0.0023540773939985,0.0025574258707595,0.0026118498936928,0.0020713495492755,0.0025579135467826,0.0024553649083989,0.002477012132634,0.0025491260597169,0.0027552918750317,0.0024595210263536,0.0028868650023309,0.0028781924452834,0.0031370179524416,0.0031744012705172,0.0028591202746989,0.0032068954034951,0.0027218938329919,0.0033405372711215,0.0030512708402291,0.0035416057848192,0.003781464732761,0.0036607633639383,0.0031818561906154,0.0038665191586477,0.0033786940371573,0.0030496866697083,0.0030194103754596,0.0026108403732629,0.0027472591986259,0.0024113467114359,0.0027798216683714,0.0023718946530331,0.0015240372716185,0.0015358874883579,0.0017345486841072,0.0018199230503147,0.0015682915410513,0.000583841386138,0.000595356131473,0.0005456380268516,0.0007412333867106,0.000542096939805,0.0001524034165402,0,0,0,0,0,0,0,0,0,0,0,0,0,0
0,0,0,0,0,0.125354712455893,0.123598504584146,0.124997696862302,0.124808299325485,0.121478737562269,0.107126047653574,0.0930520609509074,0.0819970824429512,0.0126281876408119,0.0109255227995636,0.009189829818686,0.0068479845307048,0.006422495510243,8.2878586455e-06,1.24547601387e-05,1.62024491238e-05,1.04670620307e-05,5.7725656717e-06,3.2931057862e-06,5.8141092624e-06,0.0001550188442129,0.0007995575756943,0.0006712505272006,0.0006836005188451,0.0006678241935316,0.0013258279837826,0.001320780134961,0.0012544287004115,0.001340725715519,0.0013342473615265,0.0015550865562458,0.0015764578442701,0.001479053036999,0.0015316487231416,0.0015394918489615,0.0018581851143414,0.0017723718907717,0.0017934130329937,0.001706587447624,0.0017750177446273,0.0014481611780683,0.0015947046118381,0.00174305940827,0.0015727069994994,0.0015056745673033,0.0015058661883432,0.0015726102387098,0.00149978432565,0.0014117662947659,0.0014403303434536,0.001435995556425,0.0014033514301123,0.001403692956208,0.0012405026023263,0.001242710709372,0.0005877255492103,0.0005567590493018,0.0004890993217026,0.0005654236498806,0.0005194062176579,0.0001360088911825,9.29337921521e-05,0.0001422175897282,0.0001064186637267,0.0001312917450283,2.17692762272e-05,0,0,0,0,0,0,0,0,0,0,0,0,0,0
0,0,0,0,0,0.124638612351555,0.123418472677012,0.124530194234384,0.12484301412813,0.121304447852498,0.106820729645057,0.0925991427758776,0.0811400965099743,0.013261013533402,0.0114117989908357,0.0097051008887768,0.0075477055251366,0.0069972394419672,1.02349908804e-05,1.20377600388e-05,1.72731787505e-05,2.20314752216e-05,8.9853154782e-06,6.4216444702e-06,2.87196597611e-05,0.0002692336891046,0.0007848145862706,0.0006861434734062,0.0006819689968674,0.0006609204884156,0.0013138523915954,0.0013433484607334,0.001238764931562,0.0013410630236122,0.0013239752003257,0.0015548819922615,0.0015754974075442,0.0015015788024964,0.0015713588266234,0.0015094848929922,0.0018518472206257,0.001760877763398,0.0017967838960692,0.0017225794243629,0.0017732902902408,0.0014454473763752,0.0016054121445436,0.001740019569685,0.0016115009076962,0.0014976003963574,0.0014990294852486,0.0015917430226372,0.0015362013283764,0.0014147781241212,0.0014443743748482,0.0014555222262271,0.0014075896127464,0.0013778362823973,0.0012321206608527,0.0012443020540955,0.0005661255555955,0.0005413069036197,0.0004869831674521,0.0005684471812373,0.0005162128037399,0.0001287675055787,9.37283029518e-05,0.0001440160751032,0.000108671026917,0.0001365337496466,2.01918242355e-05,0,0,0,0,0,0,0,0,0,0,0,0,0,0
0,0,0,0,0,0.124316707902927,0.122818210806054,0.124844560730391,0.124638003029576,0.121422733811337,0.107003473228215,0.0933891264586713,0.0815689124148954,0.0131851672487004,0.0111293627739065,0.0095798702896196,0.0073492632309289,0.0069695338187773,9.9001157349e-06,1.12097746934e-05,1.87952382549e-05,1.9414623846e-05,9.0304669387e-06,6.3053489706e-06,2.99361759053e-05,0.0002525962758013,0.000806345209149,0.0006849392228289,0.0006830574040374,0.0006357189684254,0.0013172227420221,0.0013409425155859,0.0012283922762419,0.0013551224516822,0.0013409856311521,0.0015318324192162,0.0015577071923811,0.0014951111659544,0.00154307779566,0.0015267179146885,0.0018711068985599,0.0017732969470035,0.0017898049897693,0.0017494378358198,0.0017847263614469,0.001446186527538,0.0016057744945736,0.0017468362427976,0.0016240284553812,0.0015213616729591,0.0015030602001196,0.0015955980545812,0.0015247686032433,0.0014136628279314,0.0014409600300402,0.0014327473324249,0.0013898206572073,0.0014002032437153,0.0012258998492517,0.0012496358825841,0.0005746249213145,0.0005461463296477,0.0004910105781189,0.0005475894034701,0.0005033335193097,0.0001318037645835,8.78754410794e-05,0.0001388147456495,0.0001074991363079,0.0001417243011238,2.13740792773e-05,0,0,0,0,0,0,0,0,0,0,0,0,0,0
0,0,0,0,0,0.123271003593031,0.122276309589937,0.123777144254191,0.1250150496681,0.121821551419438,0.1075176671449,0.0932879104073124,0.0818291573944738,0.0132625123722688,0.0116109503694875,0.0098899436307655,0.0076367649851705,0.0070924818740788,8.5282800953e-06,1.08524642459e-05,1.93850669664e-05,2.13943939158e-05,9.7036255535e-06,5.9167427517e-06,3.02165408915e-05,0.0002580726669722,0.000796248216233,0.0006740967235128,0.0006764323791506,0.0006499497403313,0.0013159885808267,0.001326734048971,0.001231281142075,0.0013612079030908,0.0013270566332917,0.0015301576516569,0.0015881714665173,0.0014924828939405,0.0015396964610211,0.0015359072968387,0.0018442582843366,0.001759035097622,0.001789481864262,0.0017438771075395,0.0017574904866064,0.0014424662247968,0.0016121249638427,0.0017380099747443,0.0016373732361661,0.0015150737062961,0.0014959709842911,0.0016107985853904,0.001521314148322,0.0014091099582404,0.0014239628396096,0.0014423165549658,0.0014041750048418,0.0013643412421818,0.0012295540069253,0.0012381189209627,0.00057350950743,0.0005545273102313,0.0004891188386503,0.0005666061428132,0.0005097122922351,0.0001351846397193,9.6784903864e-05,0.0001373366444486,0.000104917416492,0.0001341703966767,2.13510934938e-05,0,0,0,0,0,0,0,0,0,0,0,0,0,0
0,0,0,0,0,0.11958873379736,0.118420620967942,0.120188389163157,0.121421797372603,0.124361961165125,0.110333143153967,0.0963617927593246,0.0852930240980379,0.013821453550244,0.0122170803749928,0.0105094670409706,0.008084184840588,0.0075471453136116,8.5703141176e-06,1.22837074477e-05,2.01285118341e-05,2.14485750643e-05,8.0485082254e-06,5.6171649556e-06,3.25751427146e-05,0.000256508743215,0.0007755141726076,0.0006778243633279,0.0006895666369733,0.000650963154341,0.0013373189038985,0.0013284883337701,0.001210812043352,0.0013336790790094,0.0013454865439334,0.0015257430005489,0.0015851841972265,0.0014708262130999,0.0015345901730114,0.0015665998047664,0.0018556128043775,0.001748966994493,0.0017736369127485,0.0017491579158482,0.0017642006540228,0.0014827504276513,0.0016033156519345,0.0017259209689334,0.0016325196521905,0.001545319276652,0.0014984883585498,0.0016332928996759,0.0014991362130002,0.0014522119010432,0.0014393599570584,0.0014669867673995,0.0013725866393473,0.001394775105875,0.0012352560202717,0.0012200534105739,0.0005880408673261,0.0005482884664488,0.0005067736654752,0.0005632442494198,0.0005206621319379,0.0001433934059714,9.47171600405e-05,0.0001327077514145,0.0001109762589949,0.0001283154435744,2.27611823868e-05,0,0,0,0,0,0,0,0,0,0,0,0,0,0
0,0,0,0,0,0.102711144384461,0.101563728780619,0.103155614556121,0.104372203478426,0.107457932066055,0.12361271613981,0.109048725538642,0.0976926162095695,0.0237256123791607,0.0220992433058939,0.0195938657308359,0.0167445658565295,0.0161409247371678,1.13656494161e-05,8.2578918722e-06,1.27029245996e-05,2.25523152655e-05,1.10253116113e-05,7.6005841347e-06,3.6386259772e-05,0.0002612145218178,0.0007770944356243,0.000673966626061,0.0006700324477452,0.0006357076988728,0.0013496470123109,0.0013385733641539,0.0012118832121556,0.0013261821234056,0.0013679418063434,0.0015429310723663,0.0016255786157625,0.0014991189856907,0.0015512242855121,0.0015821246552166,0.0018128480043275,0.0017600733914044,0.0017988801501632,0.0017500398093215,0.0017695506806909,0.0014971163229557,0.0015875288477007,0.0017164365729204,0.001611737233008,0.0015606067180831,0.0015947582928981,0.0015862157153673,0.001531632430591,0.0014655091006665,0.0014117019460231,0.0014501905500539,0.0013644606215713,0.0014209440068855,0.0012372258920997,0.001233863897801,0.0005657247769666,0.0005420967617942,0.0005261201952069,0.000567315265045,0.0005315303128018,0.000150239587685,0.0001039172756129,0.000142748536488,0.0001158723351381,0.0001229435833859,2.81662223416e-05,0,0,0,0,0,0,0,0,0,0,0,0,0,0
0,0,0,0,0,0.0869437081237515,0.085798508776656,0.0877366374045996,0.0882510865649173,0.0914591236848423,0.106269899714705,0.135301080723288,0.123299718802246,0.0559073795521498,0.0258365106224592,0.0228278051244683,0.0196123882779221,0.018840609843465,8.8707871716e-06,9.7259152815e-06,8.3269412633e-06,8.1373766247e-06,1.0571975277e-05,7.8484943619e-06,3.28459643682e-05,0.0002244945998883,0.0007471137491378,0.000690542732794,0.0006666300690133,0.0006638708259443,0.0014280425295521,0.0012216335700655,0.001308909742511,0.0013471381883042,0.0013466143158327,0.0016038150293656,0.0016292043586842,0.0014291538240901,0.0015361381008268,0.0015196963409519,0.0018217152559434,0.0017458181541831,0.001777183389087,0.0016714894759583,0.0017470350141138,0.001487261564798,0.0015893453893596,0.0016854453389998,0.0015998691853348,0.0015689494571344,0.0015994733164111,0.0015507510775484,0.0015232627372361,0.0014245068595246,0.0014364503989638,0.0014027724218203,0.0013866631640516,0.0014308691193539,0.0013066232331904,0.0013436756676512,0.0005785792100786,0.0005612801200486,0.0004936315886557,0.0005173413511549,0.0005541978640698,0.0001537894621066,9.57986733555e-05,0.0001449561010777,0.0001186776303151,0.0001152025110934,3.36026205995e-05,0,0,0,0,0,0,0,0,0,0,0,0,0,0
0,0,0,0,0,0.0751896981190708,0.0737829596812442,0.0752068022618098,0.0759714742525002,0.0794480891788709,0.0934327637585708,0.121006824749622,0.148282370440403,0.0785284314064697,0.0460488449685636,0.0300479902191165,0.026084147450419,0.0250704830580866,1.00366770243e-05,9.7476964515e-06,6.6710743944e-06,1.35088073149e-05,1.34000882716e-05,1.03219101378e-05,2.58020120954e-05,0.0002157345184526,0.0007807294079086,0.0006848102261534,0.0006126654346928,0.0006454881387439,0.0014536541404334,0.0011948604585269,0.0013121452213203,0.0013901646256251,0.0013485864091104,0.0015621805552178,0.0016661482422665,0.0014490084100627,0.0015466563301678,0.0014944090905713,0.0017998086851648,0.0017482317272339,0.0017759973822645,0.0016854924978349,0.001733852124507,0.001412402808196,0.0015813246082963,0.0016563552213542,0.00159952262761,0.001557723258047,0.0016303278345957,0.0015087449332194,0.0014827160997916,0.0015059467058488,0.0014517999087103,0.001449929597469,0.0013925965665546,0.0014926957364624,0.001275346305904,0.0013488102868059,0.0005368987373851,0.0006002852879819,0.0004959951036185,0.0005276162802294,0.0005432936904514,0.0001485054590089,9.64152288985e-05,0.0001311154669238,0.0001258975149016,0.0001152637336655,4.14795613742e-05,0,0,0,0,0,0,0,0,0,0,0,0,0,0
0,0,0,0,0,0.0112480119963215,0.0117131060073496,0.0118084500721014,0.0119603277321131,0.0125054252722476,0.0220409185344482,0.0532956445635206,0.0762784265202283,0.227785600157287,0.163153021255822,0.126337403003551,0.109889938721395,0.107628025363594,5.4903571477e-06,1.58327035064e-05,1.75530268986e-05,2.23362618548e-05,1.19361108758e-05,2.1260550332e-05,4.24109470249e-05,0.0002912099932965,0.0008205428331837,0.0007096399817749,0.000673265349334,0.000725968385625,0.001500848815728,0.0013151478728301,0.0013909836013638,0.0014382087448061,0.0013025909290006,0.0015088980398633,0.0016819036058998,0.0015524062862611,0.0017250752208902,0.0016806187839864,0.0018642884207698,0.0018895542506122,0.0018742746822609,0.0016864951126315,0.0017007743508496,0.001481842241662,0.0016961333160076,0.0018279907577834,0.0016221063934032,0.0015202094226042,0.0018507597744524,0.0015095417462486,0.0015154891718044,0.0016232096178248,0.0013560663395769,0.0014689524602273,0.0014160950429288,0.0015428223938181,0.0014783140712348,0.0014011997146754,0.0005552636573147,0.0005709421613526,0.000589451465367,0.0005910122479594,0.0005967419887854,0.000158797189564,9.93168471204e-05,0.0001194892446468,0.0001310934676284,0.0001139229618155,4.94218856068e-05,0,0,0,0,0,0,0,0,0,0,0,0,0,0
0,0,0,0,0,0.009338239721495,0.009672472757972,0.0095645733035634,0.0100478488464036,0.0106071869736499,0.0197005208495162,0.0236343948979835,0.0429221621575007,0.156560848656467,0.200862998820612,0.164206495404438,0.145459601889044,0.141828817190522,5.9172720309e-06,1.00314143255e-05,1.71383404406e-05,3.1227502416e-05,1.75680661765e-05,2.13194902302e-05,4.38322241761e-05,0.0003321432856034,0.0008138864860454,0.0007092248930231,0.0007256511396839,0.000713660383274,0.001445113337265,0.001416263061854,0.0014667817732153,0.0014789970666511,0.0013470281043909,0.0014704463245271,0.0015795388751731,0.0016638772913457,0.0017162340283954,0.0018212740375058,0.0019043665413916,0.0019916247352732,0.0019457925796189,0.0018514340047134,0.0017819632326799,0.0015478400838789,0.0016544119662721,0.0018380747269579,0.0017025699111816,0.001627875763205,0.0017626880955191,0.0015553603573249,0.0015360888593642,0.0016220592150435,0.0013543187945526,0.0015009883349534,0.0014515705319746,0.0014685469761493,0.0014520269761189,0.0014157149843897,0.0005501223950149,0.000581374285664,0.000619717813306,0.0007255468401424,0.0005943370860113,0.0001801831854037,0.0001086756399539,0.0001181655686115,0.0001492429990816,0.0001156973394951,3.83043098369e-05,0,0,0,0,0,0,0,0,0,0,0,0,0,0
0,0,0,0,0,0.0075425911959599,0.0078990300562541,0.0079057893769297,0.0082184411716754,0.0087620110335269,0.0167729998327981,0.0200523416266781,0.0268948167061001,0.11641536433188,0.157681463531722,0.153490916694939,0.134213472091097,0.130688860793636,4.8361024721e-06,9.1174793508e-06,3.11039677349e-05,2.23562617707e-05,4.75397794765e-05,3.526447922e-05,3.74469195657e-05,0.000536279707608,0.000668297870977,0.0005787661948088,0.0006470540960208,0.0006001465293695,0.0012351330633465,0.0011844195732051,0.0012716342820198,0.0012500171824256,0.0011983979247604,0.0012825864352606,0.0013069030484136,0.0013717631900078,0.0014248572948437,0.0015492271212726,0.0016135850228421,0.0016890524493883,0.0016833906010959,0.0016011334763473,0.0015367906125363,0.0013571935978311,0.0013543457661273,0.0015824393220193,0.0014652075129353,0.0013811303450799,0.0014529030983378,0.001287621243184,0.0013163112889835,0.0013403177958167,0.001115984571302,0.001280929690302,0.0012307163535333,0.0012345793693817,0.0012652098871867,0.0011947329320867,0.0004956311477047,0.0004929604522975,0.0005194856445223,0.0006163658515927,0.0004950032142676,0.0001490330593255,0.0001023921396493,9.8748888313e-05,0.0001214210537336,0.0001043720979976,2.73394203148e-05,0,0,0,0,0,0,0,0,0,0,0,0,0,0
0,0,0,0,0,0.0055581976419873,0.0060750068763667,0.0059977385198396,0.0062757144476564,0.0066652654807141,0.0141749854258737,0.0170368592449629,0.0230880854095242,0.10013695976875,0.138130892782421,0.132725455921475,0.169881226302074,0.167509980211995,5.13198152122e-05,0.0001126433720872,0.0001896326335198,0.0001473255332728,0.000144413503443,0.0001666308429013,0.0001235430207056,0.0025366184201752,0.0006455051967416,0.0005909624026646,0.0006091630161901,0.0005943783193005,0.0013020919187736,0.0011852226412219,0.0012876104530936,0.0012237577774138,0.001158609256251,0.0012308930043216,0.0013249110844626,0.0014481756802558,0.0013965417829407,0.0015620776739251,0.0016303812899091,0.0017162675212762,0.0016861894325234,0.0016578097613105,0.0015038366065876,0.0013109750362587,0.001449472438446,0.0016183637343953,0.0014496159961537,0.001417973912367,0.0015167143587896,0.0012759176460793,0.0014563075275137,0.0013654733123976,0.0012145677415752,0.0012730080467257,0.0012122885815056,0.0011691938630038,0.0012505254282679,0.0011796897154354,0.0005129882924062,0.0005355042111244,0.0005118231278976,0.0006093080525564,0.0005112679354166,0.0001392408402611,9.75388982591e-05,0.0001125251109271,0.0001169452361365,9.40579541959e-05,2.84240587725e-05,0,0,0,0,0,0,0,0,0,0,0,0,0,0
0,0,0,0,0,0.0051992726848721,0.0056172807793514,0.0056730292920378,0.0058132574151419,0.0062062819330207,0.0136283950038654,0.0163238118308617,0.0221330643554719,0.0978203954033952,0.134332307897773,0.128903365818553,0.16707376453692,0.18622999410544,5.42150728674e-05,0.0001133400437337,0.0001820131464251,0.0001508561132949,0.0001424134915549,0.0001609959855828,0.0001229603580339,0.0024838914529681,0.0006405731472755,0.0005787987147729,0.0006222122547784,0.0005736315920192,0.0013196886224096,0.0011852208562644,0.0012656263297221,0.001256709058409,0.0011705267519351,0.0012846534095053,0.0013276465079719,0.0014722191013075,0.0014375183418263,0.0015774281701373,0.0016758401296423,0.0017184923517837,0.0017277761189199,0.0016823675143572,0.001490125809414,0.0013450847156865,0.0014361099340744,0.0015986450732177,0.001439901621891,0.0014923651668472,0.0014883661869522,0.0012979769303047,0.001443824226204,0.0013624738860499,0.0012215019907144,0.0012401333624097,0.0012112788795609,0.0011500962708199,0.0012379350780592,0.0011559868172825,0.0005351457628135,0.0005716055987929,0.000503238688798,0.0005976370508427,0.0005336580513645,0.0001353545148637,9.78736367334e-05,0.0001081858955856,0.0001125329304569,9.39827745812e-05,2.69673904884e-05,0,0,0,0,0,0,0,0,0,0,0,0,0,0
0,0,0,0,0,6.6607181696e-06,8.1569310985e-06,8.0000279548e-06,6.9394126253e-06,6.9965745338e-06,9.5268755616e-06,7.6300734769e-06,8.796476169e-06,4.9538696452e-06,5.5638763165e-06,4.7354484847e-06,5.08150774268e-05,5.38220186673e-05,0.0855979233029041,0.0871703459675966,0.0827444411885196,0.085876059403442,0.085490717503897,0.0846186240519653,0.0844108233411285,0.0807256793064117,0.003289921757854,0.0029893361758963,0.0029012118372177,0.002902108983495,0.0036299201634818,0.0032109681091647,0.0033800950998527,0.0032414286549173,0.0035826995639463,0.0034230752893478,0.0006065194828211,0.0006259334080544,0.0006200642478569,0.0006641463319658,0.0005807047246227,0.0006417177188226,0.0006806187035269,0.0006479368084829,0.0006506818509183,0.0007413927284466,0.0006587844041439,0.000732508147436,0.0008382064290741,0.0008200410026611,0.0011873567425947,0.0011162554927166,0.0010846550735353,0.0010622258432471,0.0010686200178791,0.000943480156933,0.0009181694589739,0.0008925672158005,0.0008374509214139,0.0009427145191441,0.0006429874160339,0.0006139532797964,0.0005221066227272,0.0005411517690017,0.0005773539893197,0.0001945678978993,0.0002314685015874,0.0002581717796081,0.0001904336952329,0.0001776477886428,3.4378167169e-05,0,0,0,0,0,0,0,0,0,0,0,0,0,0
0,0,0,0,0,9.8007815901e-06,9.393590762e-06,8.8694101179e-06,8.6464182644e-06,9.8189446073e-06,6.7775393717e-06,8.1911270656e-06,8.3650279874e-06,1.39876796537e-05,9.2355916104e-06,8.7415215105e-06,0.0001092093371182,0.0001101716700769,0.0853523317084636,0.0869455712533301,0.0824986384264617,0.0856631650991876,0.0852431028563972,0.0843837592482991,0.0841668479624633,0.0805077023262311,0.0032542880668233,0.0029559585330756,0.0028734807853828,0.0028654217512949,0.0035959817611451,0.0031691472025426,0.0033525630046509,0.0032041769428514,0.0035460145484558,0.0033892675097354,0.0006055262756658,0.0006237289498023,0.0006187511763333,0.0006607256350716,0.0005778848915653,0.000637779178306,0.0006805871319857,0.0006454890931257,0.0006495606477365,0.0007387860200649,0.000654868682543,0.0007307206493733,0.0008380738187039,0.0008189586775492,0.0011867369425479,0.0011154413336058,0.0010813916289633,0.0010599300056593,0.0010663903668242,0.0009398388571193,0.000914951508642,0.0008930430336755,0.000832764833873,0.0009424881383189,0.0006433550330704,0.0006152498884886,0.000521942736767,0.0005390244316406,0.0005759178522107,0.0001946319018217,0.0002315830432846,0.0002553328279229,0.0001906465639466,0.0001762959276412,3.41988949162e-05,0,0,0,0,0,0,0,0,0,0,0,0,0,0
0,0,0,0,0,1.25969130903e-05,1.33173049603e-05,1.46927744636e-05,1.52592541308e-05,1.58966325723e-05,1.03006516661e-05,6.9287805354e-06,5.656129043e-06,1.53214807725e-05,1.55894014643e-05,2.94636236528e-05,0.0001816457863442,0.0001748024188279,0.0800467255775418,0.0815088760415269,0.0774283818347365,0.0803648491660884,0.0799351952026687,0.0791500461078419,0.07898157109142,0.0755174511150085,0.0030794746555293,0.0027927662571413,0.0027150006158487,0.0027156778746499,0.0033951980249055,0.0029969764507671,0.0031623816218551,0.0030305103168361,0.0033487786964705,0.0032011664186922,0.000569454312466,0.0005863479349638,0.0005784972390936,0.0006202733566081,0.0005438338170259,0.0005992455139843,0.0006368842244929,0.0006050661317014,0.0006121679186739,0.0006930414634388,0.0006155754379535,0.0006895822515609,0.0007844809101026,0.0007652932791888,0.001109859644903,0.0010445716460748,0.0010153622390598,0.0009922930966033,0.001002307886003,0.0008861056132026,0.0008565226950985,0.0008340196823367,0.0007820722822689,0.0008826167163276,0.000603138886379,0.0005753957635282,0.0004890755796699,0.0005029006148255,0.0005408258687494,0.0001822250063281,0.0002152972615189,0.000239380977273,0.0001782150327125,0.0001665029218154,3.21876944208e-05,0,0,0,0,0,0,0,0,0,0,0,0,0,0
0,0,0,0,0,7.8487871408e-06,1.63825666196e-05,1.46379157784e-05,1.62427767341e-05,1.6337522577e-05,1.76378807264e-05,6.5305537457e-06,1.10467574666e-05,1.88041410913e-05,2.73963189118e-05,2.04250834017e-05,0.0001361082844406,0.0001397339324926,0.0801255711481312,0.0816293854628028,0.0775104789662056,0.0804210427913875,0.0800439690865606,0.0792312560041888,0.0790435257612651,0.0755851242853078,0.0030873844095496,0.0028022843986679,0.0027230657784757,0.0027253205300981,0.0034032012818787,0.0030054245115956,0.003173369940813,0.0030356306906457,0.0033581361950063,0.0032092066930323,0.0005692390107771,0.0005869567828998,0.0005796078286601,0.0006210380362501,0.000542645301575,0.0005990830003215,0.0006392101081835,0.0006066104187645,0.0006138840088989,0.0006957899668899,0.000617068413439,0.0006893080021037,0.0007852401745169,0.0007668979149729,0.001113640734242,0.001048156946179,0.0010153684921932,0.0009954416421443,0.00100273420847,0.0008844670164711,0.0008596336068596,0.0008358068924357,0.000783251830968,0.0008851072207466,0.0006039490600842,0.0005762113619982,0.0004917039430015,0.0005048949287436,0.0005431283068156,0.0001826124555485,0.0002169760058549,0.0002397571264317,0.0001778284678879,0.0001658611790122,3.20684743995e-05,0,0,0,0,0,0,0,0,0,0,0,0,0,0
4.82280681501e-05,0.0002065273950485,0.0004308527458628,0.0003151183955618,0.0003616686827923,4.3505686258e-06,6.7153875667e-06,6.8432098556e-06,7.4044653371e-06,6.1617281797e-06,8.6665356582e-06,8.5274880164e-06,1.10134873986e-05,1.00996248238e-05,1.5490959164e-05,4.36537144418e-05,0.0001340953537205,0.0001325835030036,0.0801710147281899,0.0816415136225397,0.0774875116139288,0.0804503621694813,0.0801036873552084,0.0792628437616431,0.0790511786841385,0.0756058569773361,0.0030352914178734,0.0027566908570081,0.0026772881342156,0.0026783434547122,0.0033547826511421,0.0029657958343417,0.0031295855002887,0.0029981405829852,0.0033105343331259,0.0031636571288286,0.0005695261197967,0.0005860824274607,0.0005806731230244,0.0006266099839915,0.0005411610660216,0.000600579542747,0.000639616476596,0.000606334895786,0.0006129824277567,0.0006982032479789,0.0006153717782038,0.0006897609478269,0.0007855299522744,0.000766575119108,0.001118600767726,0.0010453812732557,0.0010210824996242,0.0009939685848373,0.0010020412921094,0.0008827980402697,0.0008619842332873,0.0008373337401549,0.0007832067424322,0.0008861448242446,0.0006058976890856,0.0005770929864303,0.000490524892696,0.0005083820772192,0.0005422916485274,0.0001811648574876,0.0002173035576531,0.0002421499325083,0.000178094555773,0.0001667557340315,3.21557286371e-05,0,0,0,0,0,0,0,0,0,0,0,0,0,0
3.52017982728e-05,0.0001565158634314,0.0004028861668984,0.0002452098304375,0.0002683206273282,2.5089550015e-06,4.85170134e-06,4.8302413129e-06,4.5640712051e-06,4.3472475391e-06,6.039648656e-06,6.3997259738e-06,8.5760503639e-06,1.81855712544e-05,1.90038334452e-05,3.27349411158e-05,0.0001564124671725,0.0001515177286352,0.080218479645768,0.0816997478677901,0.0775630531040813,0.0805018716213619,0.0801271505398921,0.0793113845236677,0.0790999329157814,0.0756857136505129,0.0031735219201346,0.0028882924893409,0.0028051433947925,0.0027982846606551,0.0034950163500959,0.003078986902848,0.003256489048979,0.0031102911080015,0.0034462795028528,0.0032885425521369,0.0005728145175044,0.00059109188712,0.0005806913437889,0.0006265543354231,0.0005466802760375,0.0006018221626382,0.0006404635954989,0.0006085925032829,0.0006157878676811,0.0006991534793361,0.0006187622216906,0.0006897545921348,0.0007880098879558,0.0007683957473853,0.0011166056685193,0.0010539094595863,0.0010195043634672,0.000997053189488,0.0010042439555294,0.0008865878385108,0.0008638485636114,0.0008391054552155,0.0007865335938198,0.0008837689764032,0.0006067408769191,0.000577252658076,0.0004954857798079,0.0005079479906148,0.0005449800659341,0.000184045700005,0.0002181156079318,0.0002407957929075,0.0001769726401846,0.0001666083624529,3.21388240518e-05,0,0,0,0,0,0,0,0,0,0,0,0,0,0
5.09349102782e-05,0.0002573486341804,0.0004821625944206,0.0003628900128526,0.0004629040105205,4.4465591214e-06,2.17811488851e-05,2.30202329603e-05,2.3397430271e-05,2.53067987524e-05,2.90239028637e-05,2.68850431063e-05,2.15196158925e-05,3.64153180823e-05,3.92203621751e-05,3.48934474058e-05,0.0001164093550005,0.0001161628383301,0.0803267684591835,0.0818006212851573,0.0776932312057165,0.0806175197405736,0.0802180481523609,0.0794017011199383,0.0792277829979235,0.0757911094478713,0.0031534702003746,0.0028646560063993,0.0027870057085119,0.002776725042666,0.0034669171659329,0.0030672980677929,0.0032306475264146,0.0030933183658282,0.0034262135492534,0.0032737389139299,0.0005735906671767,0.0005888754107944,0.0005820450135246,0.0006251580884278,0.0005459772760021,0.0006041580066054,0.0006419743801973,0.0006095176588331,0.0006169758780245,0.0006971371150249,0.000627982990676,0.000696529912975,0.0007924080428812,0.0007745952471069,0.0011191994449622,0.0010515547201391,0.0010230658141007,0.0009981018513241,0.0010082329216914,0.0008903955129913,0.0008627181204285,0.0008387806392326,0.0007893540335926,0.0008880418939604,0.0006065242945207,0.0005804611532455,0.0004926093369688,0.0005085923828256,0.0005438674706241,0.0001850593504321,0.000216553269641,0.000242387301108,0.0001803761621088,0.000168397681169,3.24453728778e-05,0,0,0,0,0,0,0,0,0,0,0,0,0,0
3.24606161431e-05,0.0001493695539708,0.0003440698511884,0.0004155916905331,0.0003854862536429,0.0001180556063469,0.0002033256337764,0.0001934200872806,0.0001989878983515,0.0001984331820603,0.0002074803409113,0.000182976728312,0.000179168566912,0.0002489852680028,0.0002959407759534,0.0004976000148577,0.0023800498224519,0.0023366622837311,0.0764953625182179,0.0779137685102454,0.0739717644513785,0.076764548489078,0.0763977240443074,0.0756534680862224,0.0754708956431317,0.0727071851758664,0.0030437370436294,0.0027666173521792,0.0026881232904722,0.002674430398719,0.0033445171995759,0.0029488416851225,0.0031275171134124,0.0029811138194306,0.0033015048757574,0.0031592185653646,0.000554960515931,0.0005759599258232,0.000565349536007,0.0006040058060109,0.0005369867218662,0.0005885587975676,0.0006334768720255,0.0005945126577628,0.0006031852903132,0.0006795509428212,0.0006104284278685,0.0006758574144072,0.0007728516470024,0.0007492358346915,0.0010808238796988,0.0010146013920687,0.00099339133579,0.000971637246771,0.0009721342658526,0.0008547424934282,0.0008279579678072,0.0008072346971379,0.0007589478262131,0.0008506853645573,0.0005783160179361,0.0005563405953765,0.0004710919718786,0.0004840521889466,0.0005227632691254,0.0001762104191851,0.0002089475986257,0.0002312067694507,0.00017132545813,0.000161007734512,3.0961585084e-05,0,0,0,0,0,0,0,0,0,0,0,0,0,0
0.0002645574184244,0.0012520710465546,0.0022525260329479,0.0017692603752636,0.0017434658898513,0.0006183706507533,0.000601903409575,0.0006270362465592,0.0006234909189126,0.0006092546712438,0.0006268309613769,0.0006184059974385,0.0006584756556625,0.00071246845173,0.0007364447540579,0.0006297324935658,0.0006150744037097,0.000611968501777,0.0031659640063862,0.00319837790768,0.0030633194883261,0.0031842860907652,0.0031147441515809,0.0032214651573632,0.0031889446082533,0.0030910365087747,0.0007917148150033,0.0007497938123791,0.0007161704641185,0.0006743467461789,0.0007909678939261,0.0006968928502293,0.0007053925716877,0.0006748135087862,0.0007784308197537,0.0007467114957267,5.74302010587e-05,5.38031990739e-05,5.42456122429e-05,5.13003589335e-05,5.3560211731e-05,5.74541053563e-05,5.84785211134e-05,6.18536622928e-05,5.61948396175e-05,5.13806001489e-05,5.51027585945e-05,5.99139438365e-05,5.39145770329e-05,6.42719886176e-05,7.62816106939e-05,7.16358542904e-05,6.97421608618e-05,7.03803586841e-05,7.53126929493e-05,6.22411201525e-05,5.81564600933e-05,5.86534850531e-05,6.23394129129e-05,5.90985581797e-05,4.09323237668e-05,4.03561472724e-05,3.32866739741e-05,3.08662584887e-05,3.78901435314e-05,1.96315308395e-05,1.17614013072e-05,1.09330372858e-05,8.8196217618e-06,1.49425380688e-05,1.8595076898e-06,0,0,0,0,0,0,0,0,0,0,0,0,0,0
0.0002071157907483,0.001255871805008,0.0022249199582608,0.0017923893769941,0.0019698864596404,0.0005384161172856,0.0005457691205902,0.0005524054554021,0.0005474420609113,0.0005522816188973,0.0005638314770113,0.0005928049329427,0.0005990232895887,0.0006390528023747,0.0006655713078793,0.0005656183201791,0.0005840123736602,0.0005734851598975,0.0029835233914694,0.0030130504701908,0.0028812738258694,0.0029975598820617,0.0029338934440695,0.0030407967521092,0.0030044501911406,0.00291393853644,0.0007776356063994,0.000734919253751,0.000708046006183,0.0006565615728307,0.0007717657994754,0.0006892062118525,0.0006967164326997,0.0006528756856041,0.0007650256889009,0.0007386096752088,4.72346464608e-05,5.57773436619e-05,5.21578716734e-05,4.73351687159e-05,5.48280340855e-05,5.44575390891e-05,5.1632551191e-05,6.30534101218e-05,5.85100219495e-05,5.09965141771e-05,5.53683847339e-05,6.47234756864e-05,5.81855870839e-05,5.21794298723e-05,7.05512755402e-05,7.31895241275e-05,6.64120800972e-05,6.14466158789e-05,6.33606332284e-05,6.615443886e-05,6.23342713826e-05,6.2963225319e-05,6.04765837421e-05,5.68386394798e-05,3.78310371468e-05,3.56839570744e-05,3.41326556558e-05,3.19873348403e-05,3.56220494217e-05,1.69339770691e-05,1.25627106177e-05,1.35866697617e-05,1.16149488535e-05,1.24320151452e-05,2.0238086258e-06,0,0,0,0,0,0,0,0,0,0,0,0,0,0
0.0002163453491518,0.0013217083614933,0.0020219751685752,0.0018861388890648,0.0019046231783488,0.0005571877388417,0.000551219293309,0.0005597948268796,0.0005582208954155,0.000570933348014,0.0005696033257065,0.0005815297054828,0.0005445811505456,0.0006160992587411,0.0006919970741363,0.0006425791907151,0.0006117323964191,0.000626468071694,0.0029423876250771,0.0029763371264552,0.0028463325096786,0.0029599170910337,0.0028954571309981,0.00300100724401,0.0029702714687224,0.0028770421826397,0.0007547731583732,0.0007194940929587,0.0006852559146501,0.0006360962027404,0.0007507445835445,0.0006645278379311,0.0006723842393372,0.0006316017350749,0.0007479177963334,0.0007054236440637,5.65019605226e-05,5.51534049854e-05,5.62795316034e-05,5.47325524913e-05,4.95657698843e-05,5.12826335149e-05,5.2532060111e-05,5.44340852693e-05,5.29734634762e-05,5.14432528652e-05,4.87006015725e-05,5.51591813962e-05,5.61011306736e-05,5.33775548108e-05,7.11911437344e-05,6.64063506263e-05,7.09523534387e-05,6.09462407045e-05,6.55816848327e-05,6.02817184035e-05,5.5085005973e-05,5.31600340734e-05,6.22239164181e-05,5.69261322268e-05,4.02421148064e-05,3.65417537017e-05,3.53366652176e-05,3.90751578786e-05,4.03437622117e-05,2.27371301377e-05,1.17557668536e-05,1.20708136031e-05,5.7429114627e-06,1.18380061067e-05,3.3436555918e-06,0,0,0,0,0,0,0,0,0,0,0,0,0,0
0.0003388290765919,0.0013666259336189,0.0025296326026211,0.001913168523356,0.0021028678537995,0.0005531996737243,0.0005429121901982,0.0005294896156139,0.0005451073967694,0.0005477547807425,0.0005492306335007,0.0005885606036496,0.0005831067810345,0.0006751538227277,0.0006916534777132,0.0006057089139318,0.0006066127182728,0.0005869674825904,0.0029912641205462,0.0030163586401619,0.002893440488237,0.0030106453657619,0.0029438040149284,0.0030424571370787,0.0030075424229722,0.0029090349923853,0.000722277201926,0.000678050148898,0.0006464625970541,0.000614282685471,0.0007116616112358,0.0006318054435768,0.0006454616745425,0.0006054393248968,0.0007134193785195,0.0006711304634623,4.68924873837e-05,5.69906371837e-05,4.9114748836e-05,5.07663134258e-05,5.81394536791e-05,5.34202705907e-05,5.30477298434e-05,6.31444216787e-05,5.74008975187e-05,4.58947797671e-05,5.91084077125e-05,5.93354057769e-05,6.03746249291e-05,5.70952526156e-05,7.07219679716e-05,7.16537943471e-05,6.72051492379e-05,6.54722772759e-05,6.23675500559e-05,6.14920500881e-05,5.41627866366e-05,5.59748914069e-05,6.24689327559e-05,5.62196639544e-05,4.50579758684e-05,3.93431173065e-05,3.52276401357e-05,3.34418544356e-05,3.64145103985e-05,1.71255388969e-05,1.17104433544e-05,1.22200676761e-05,8.3944270271e-06,1.21497356312e-05,3.1837304147e-06,0,0,0,0,0,0,0,0,0,0,0,0,0,0
0.0003053913226867,0.001448347550688,0.0022728223085202,0.0019764077362772,0.0021232249517604,0.0010857899454848,0.0010670034446253,0.0010846518589096,0.0010911721901384,0.0011125092240778,0.001152806313356,0.001251663574791,0.0012982543392264,0.0013799420120785,0.0013846428036043,0.0012324215426095,0.0013137994114,0.0013350309095784,0.0036989374298767,0.0037424048883695,0.0035763521650935,0.0037167942222351,0.0036454058122386,0.0037568223243968,0.0037124551677199,0.0035965818357993,0.0008375646967792,0.0007879719383618,0.0007543131426714,0.0007035782526017,0.0008384380231737,0.0007441523459868,0.0007592030827823,0.0007153077793603,0.0008318122786626,0.000794064156289,6.7163566752e-05,7.33646400295e-05,7.10610786447e-05,6.80612504223e-05,8.06931697467e-05,8.17189928197e-05,8.17066754087e-05,7.6344758628e-05,7.40179815865e-05,6.91179488952e-05,8.00693712201e-05,8.39268349795e-05,7.76039498607e-05,7.82357311698e-05,9.48403095838e-05,9.28131586968e-05,9.23221474238e-05,8.50261669761e-05,8.60587774569e-05,8.47273269601e-05,8.43663333081e-05,8.16276074477e-05,7.83529387805e-05,7.55244110152e-05,5.32238589572e-05,4.89717317803e-05,3.92657069813e-05,4.3561920667e-05,4.64196413565e-05,2.31402821692e-05,1.62355994341e-05,1.74383584108e-05,8.4832133964e-06,1.29073261578e-05,2.6071791942e-06,0,0,0,0,0,0,0,0,0,0,0,0,0,0
0.0002361509264967,0.0014780684416112,0.0021297353432539,0.0019012352163464,0.0017068782864011,0.0010964542792699,0.0011058832791478,0.00111929011765,0.0011151323299931,0.001120283000349,0.0011589900072702,0.0010853974444334,0.0010817259456184,0.0012257441830406,0.0013755650599024,0.0011979880154006,0.0012122403139072,0.0012154035419242,0.0033167845979297,0.0033433132349211,0.0032000728288577,0.0033272701924046,0.0032668117437622,0.0033549082672285,0.0033294699346861,0.00321446968296,0.0007480435474625,0.0007133058233783,0.000676821287881,0.0006331747608685,0.0007543331944999,0.0006689971888668,0.000676856613353,0.000638055047843,0.0007489394167737,0.0007169166108434,6.29778553743e-05,6.79372668966e-05,6.25931754183e-05,6.0146766266e-05,6.79995651052e-05,6.85055980418e-05,6.77836555399e-05,7.74730753034e-05,6.92937293022e-05,7.06949854629e-05,7.8462010958e-05,8.12291541632e-05,7.6509351143e-05,7.67043193033e-05,9.34279640164e-05,9.17247617393e-05,8.58807874398e-05,7.73816027709e-05,7.63264842155e-05,7.61637565177e-05,7.51335728412e-05,7.76995532623e-05,7.31019991409e-05,6.76685968205e-05,4.46766511249e-05,4.37779060607e-05,3.92949255397e-05,3.99880310244e-05,4.20060553027e-05,2.00890930231e-05,1.26878455564e-05,1.45583345858e-05,1.03926703476e-05,1.14754674207e-05,3.6744317781e-06,0,0,0,0,0,0,0,0,0,0,0,0,0,0
0.0002547656266513,0.0013196625119353,0.0024054663067921,0.0020521140076498,0.0021021323209794,0.0010385586052387,0.0010170318181005,0.0010225736888607,0.0010321071541391,0.0010182906618522,0.0010464616331453,0.0011597985587288,0.001184696181451,0.0012929219016169,0.0014207829623718,0.0012827267554449,0.00131340391181,0.0012943500413178,0.0034820517673763,0.0035272531664232,0.0033675638402907,0.0035037085837438,0.0034379116090749,0.0035387302501092,0.0034973067207037,0.0034000288328685,0.0007551214070964,0.0007191304337671,0.0006829727631672,0.0006451128908058,0.0007675105522988,0.000675027871321,0.0006859847741236,0.0006527703948877,0.0007593045463701,0.0007214952479685,6.6029463343e-05,6.99345424096e-05,6.85758609463e-05,7.32208277494e-05,7.38212854724e-05,7.13844238481e-05,6.72598593393e-05,7.56865108887e-05,6.55233257728e-05,6.7463913566e-05,7.54920362838e-05,7.22148664847e-05,7.80465553533e-05,6.75560920345e-05,9.05446089419e-05,9.09204943274e-05,9.37497226096e-05,8.30489772471e-05,7.68844569874e-05,7.71288189105e-05,7.40526011778e-05,7.26955248923e-05,7.55844653654e-05,7.4095312952e-05,5.20070198451e-05,4.98203116824e-05,3.70126531884e-05,3.89061211387e-05,4.4751764538e-05,1.86251924221e-05,1.33717951776e-05,1.48542953316e-05,1.09094003249e-05,1.17683536804e-05,3.5304434054e-06,0,0,0,0,0,0,0,0,0,0,0,0,0,0
0.0002115563509189,0.0011743355275542,0.0023236643942432,0.002046451665964,0.001996663151589,0.0010983469206898,0.0010894552514086,0.0011162221810169,0.0011290328884746,0.0011098414441361,0.0011331314172983,0.0011811351190215,0.0012419550832632,0.0013227774358821,0.0014175687125356,0.001247677890813,0.0012351617874846,0.001271731875652,0.0033041316401453,0.0033357288825679,0.0031932424766112,0.0033164295728709,0.0032589256261516,0.0033443632766695,0.0033134722327566,0.0032068307078153,0.0007147994983935,0.0006668016722144,0.0006348099780815,0.0005987567971639,0.0007155399911015,0.0006296478833499,0.0006459144795749,0.0006024514214273,0.0007028669019437,0.0006716898283495,6.49356759416e-05,7.0200717298e-05,6.45903841136e-05,6.59383370118e-05,6.98569238245e-05,7.24615748415e-05,6.69316771249e-05,7.58231771727e-05,6.35328068001e-05,7.50869063763e-05,6.93583631704e-05,8.18604241977e-05,8.0631026145e-05,7.20603607023e-05,9.23532363627e-05,8.6290121522e-05,8.28486944056e-05,8.09428366715e-05,7.67386154491e-05,7.66470438707e-05,7.61163084649e-05,6.83657000997e-05,7.37030340081e-05,6.93556558696e-05,4.40606486317e-05,4.3141419459e-05,3.7741383618e-05,3.75894721703e-05,4.13988799149e-05,2.2212376361e-05,1.58048437531e-05,1.29922319104e-05,1.36854794109e-05,1.1373898731e-05,2.1402827047e-06,0,0,0,0,0,0,0,0,0,0,0,0,0,0
0.0002841278630315,0.0015480804724991,0.0024128785881278,0.0021727789594161,0.0019468638733127,0.0010564638576871,0.0010395820039176,0.0010676156367616,0.0010638742131234,0.0010822003065989,0.001129700778572,0.0011411673993567,0.0011644936612001,0.0011579547712142,0.0012478780844516,0.0011561288506701,0.0011302748659865,0.0011448823212495,0.003529798869019,0.0035680707851267,0.0034105252804088,0.0035460009201274,0.00347807743282,0.0035816372507685,0.0035472503291218,0.003432638845721,0.0007969648868907,0.0007551981163746,0.0007265625207533,0.0006819356994121,0.0008042387302595,0.0007143400192066,0.0007261883292591,0.000679347195535,0.0007912165000625,0.0007568391983574,6.07185679597e-05,7.70109451912e-05,7.07126553889e-05,6.80307601677e-05,6.90349295829e-05,7.04063999197e-05,6.910595613e-05,7.54421641505e-05,7.22731086094e-05,6.53627592348e-05,7.61974159798e-05,7.28599938419e-05,7.04957075111e-05,7.06990901694e-05,9.52958633599e-05,8.71060472016e-05,8.60370840551e-05,8.67013466285e-05,7.62086358913e-05,7.56356088867e-05,7.54040153913e-05,7.51618409998e-05,7.59713764481e-05,7.85778383425e-05,4.87230105862e-05,4.74041137856e-05,4.09236073388e-05,4.26001714989e-05,4.66234678104e-05,2.1006919264e-05,1.30768244953e-05,1.36836676768e-05,1.14487224328e-05,1.36349775202e-05,2.5052404256e-06,0,0,0,0,0,0,0,0,0,0,0,0,0,0
0.0002626888315152,0.0015558084080836,0.002568678374986,0.0020002491674575,0.0019385667570359,0.0011913924791582,0.001181294908829,0.0011800055611631,0.0011869133080884,0.0011873853217715,0.0012328899903914,0.001315050418928,0.0013051834969517,0.0012978527964851,0.0013180341795961,0.0011972196296992,0.0011618481631441,0.0012157589493877,0.0032631573495497,0.0032997481396572,0.0031544603510432,0.0032788399906256,0.0032159741961422,0.0033068657408694,0.0032794683662759,0.0031781752308043,0.0007396972403022,0.0007054753887575,0.0006630574087079,0.0006207081858034,0.00074284335958,0.0006616204675076,0.0006676498189868,0.0006281588192224,0.0007322942311415,0.000707361225188,7.09162639183e-05,6.84635215576e-05,6.28927223635e-05,6.92663331713e-05,7.28513914729e-05,7.79527440298e-05,7.40973058326e-05,7.84414948624e-05,7.40590265832e-05,6.5348466265e-05,7.61091760587e-05,8.87134185468e-05,7.80093465617e-05,7.24470510656e-05,9.10086536263e-05,8.69696871675e-05,8.89556229556e-05,8.61490826037e-05,7.87366086514e-05,7.78281358897e-05,8.08453828182e-05,7.96902838343e-05,7.98833622508e-05,7.68575082463e-05,5.26370797231e-05,4.45282914855e-05,4.57530761592e-05,4.03530249458e-05,4.79225134139e-05,2.22213428195e-05,1.47595958873e-05,1.33327117483e-05,9.798649573e-06,1.51582436529e-05,2.4743279717e-06,0,0,0,0,0,0,0,0,0,0,0,0,0,0
0.000236104581475,0.0013471662791239,0.0021257883211988,0.0019420878929017,0.0020871893481517,0.0012030604201581,0.001192294062292,0.0011952628256401,0.0012271142515019,0.0012288385119049,0.0012938697782385,0.0013306642163947,0.0013866241993453,0.0014410247313806,0.0014103035706251,0.0012151652661661,0.0012457204548478,0.0012515515680327,0.0005759318685936,0.0005872360752552,0.000558959699503,0.0005793246116796,0.0005766888871487,0.0005737621604846,0.0005723560417079,0.0005561155524936,5.66690963751e-05,4.49399240649e-05,5.29016754992e-05,4.32004808168e-05,6.25864321042e-05,5.78939185658e-05,6.08636254032e-05,6.04907327588e-05,5.85205374377e-05,7.06399913612e-05,4.41043081685e-05,4.16175584194e-05,4.18340412719e-05,3.85045833205e-05,4.19238325418e-05,4.21733657548e-05,4.18510652959e-05,5.20724297836e-05,4.39833335639e-05,4.07849207371e-05,4.80441895568e-05,4.89603925669e-05,5.34429118949e-05,4.63292259895e-05,4.65113948189e-05,4.41717194428e-05,4.77252632726e-05,4.38075965734e-05,4.05172160659e-05,3.64668449096e-05,4.19337938795e-05,3.66255990989e-05,3.60085836147e-05,4.81406777078e-05,2.26976010375e-05,1.7081215135e-05,1.6226057791e-05,2.2072256316e-05,2.21663155499e-05,7.6747213295e-06,4.3915837074e-06,4.8900606775e-06,4.2674538392e-06,5.6820593254e-06,2.1642648725e-06,0,0,0,0,0,0,0,0,0,0,0,0,0,0
0.000261456949823,0.0014670086322564,0.0025945112487342,0.001894736549476,0.0018654266267631,0.0011301139045926,0.0011377509602786,0.001148641401764,0.0011545968456935,0.0011415891553177,0.0011946813645806,0.0011687060285554,0.0012073951743022,0.0013317083384654,0.0014874315001465,0.0012770400416507,0.001363290805755,0.0013895434551988,0.0005950971631451,0.0006056323007226,0.0005762492911938,0.0005980904161736,0.0005941827367206,0.000592797385031,0.0005883300198252,0.0005778679610564,5.31554064872e-05,5.31328224346e-05,5.17025106792e-05,5.25680922791e-05,6.84489242921e-05,6.252972859e-05,6.45424105732e-05,6.54757411524e-05,7.43143413682e-05,6.82806139911e-05,4.16687038533e-05,3.68737933157e-05,4.63636672905e-05,4.16570277897e-05,4.78731507937e-05,4.63793385027e-05,4.65623861444e-05,4.91547350403e-05,4.60301931675e-05,4.73133641865e-05,4.19370409084e-05,4.96795040668e-05,4.91521624026e-05,4.70880071016e-05,5.70750386822e-05,4.10809620163e-05,4.71601247447e-05,4.80065751827e-05,4.37971949107e-05,3.8922615448e-05,4.21388431464e-05,4.21026838359e-05,3.72490539248e-05,3.42073218073e-05,1.77576452694e-05,2.47993260563e-05,2.20700934593e-05,2.47432825886e-05,2.11490901345e-05,8.7090863134e-06,6.5193449188e-06,6.7074751812e-06,6.1480738962e-06,8.6227517961e-06,2.1765671827e-06,0,0,0,0,0,0,0,0,0,0,0,0,0,0
0.0003192183613663,0.0013046806379852,0.0023062115727173,0.0020172698741049,0.0021191908163982,0.0011326966078741,0.0011523659231548,0.0011473997710015,0.0011528480569635,0.0011528076290207,0.0011964830103595,0.0012158290770791,0.0012473499353658,0.0014322793128591,0.0014849373961941,0.0012838453015718,0.0012724395093489,0.0013131944404137,0.0005705745483641,0.0005814938438228,0.0005502654569202,0.0005716246075758,0.0005697823738802,0.0005636539938987,0.000562820772085,0.0005489962086252,5.18704380471e-05,4.80884607581e-05,5.10629303031e-05,4.38476767362e-05,6.41693422466e-05,5.57598263418e-05,6.12548765153e-05,5.83072684861e-05,6.60439867087e-05,6.07092032661e-05,4.05395730064e-05,4.48738918065e-05,4.17173609304e-05,4.04445383047e-05,4.36642267203e-05,5.11475104198e-05,4.12318484566e-05,4.19306697005e-05,3.71527372707e-05,4.60946914523e-05,4.09104141872e-05,5.34783651249e-05,4.50329920345e-05,4.5486447437e-05,5.13027064895e-05,4.75886545053e-05,4.45308945167e-05,4.26448482344e-05,4.10066480982e-05,3.82681717489e-05,3.97019990073e-05,3.77297583799e-05,3.34881695031e-05,4.11332023561e-05,2.33419917591e-05,2.02088545096e-05,1.74506188272e-05,1.51762031432e-05,1.60060453145e-05,4.0820379281e-06,3.221205989e-06,6.5927238888e-06,4.4207894341e-06,3.9399351612e-06,5.901046359e-07,0,0,0,0,0,0,0,0,0,0,0,0,0,0
0.0003050966119291,0.0014720162270638,0.0023625906398677,0.0018864130397621,0.0020570455849814,0.0011084403323171,0.0010777655760481,0.0011052645427402,0.0011196504613428,0.00114578464146,0.0011881003905982,0.001171061171785,0.0011733956815415,0.0013585305055455,0.0015342192654027,0.0013590546364197,0.001385690808709,0.0014029614322892,0.0005950041320567,0.0006045479322491,0.0005744266576755,0.0005963145040012,0.0005986253379112,0.0005921155618046,0.0005885507244058,0.0005710497132439,4.77591076321e-05,4.24898740178e-05,4.83483281351e-05,4.4125616468e-05,5.98378823174e-05,5.21659607661e-05,6.36772843176e-05,5.79526525065e-05,6.18617153532e-05,6.509637971e-05,3.63280659142e-05,3.92540738512e-05,3.93767965201e-05,4.00383816594e-05,4.78322503107e-05,4.29093749254e-05,5.25886700767e-05,4.34823871142e-05,4.67717867711e-05,5.19202191521e-05,4.05955754317e-05,5.22407957194e-05,5.53146461498e-05,4.28844153245e-05,4.64940220245e-05,5.69126725148e-05,5.1057096384e-05,4.28417007686e-05,3.91170369579e-05,4.12256224453e-05,3.54669790163e-05,3.78943567284e-05,3.66986706427e-05,3.51553981052e-05,2.20897760668e-05,2.63163320601e-05,1.71506096278e-05,2.20193613669e-05,2.3795369078e-05,9.4609580845e-06,3.6822682045e-06,7.7466738859e-06,7.7147700341e-06,6.4506372293e-06,2.0332509577e-06,0,0,0,0,0,0,0,0,0,0,0,0,0,0
0.0002925654770167,0.0013240079579279,0.0024195082329596,0.0018664398358573,0.0020602207320487,0.0012294095002428,0.0012149918178291,0.0012447401500499,0.0012354121401607,0.0012471105440873,0.0012509688485006,0.001289959042294,0.0012985957885713,0.0013847964636258,0.0014741284903923,0.0013007275575475,0.0013290017593521,0.0013696240957132,0.0004780620009,0.0004858739167111,0.0004627967827405,0.0004787908938543,0.0004750693265076,0.0004747377891013,0.0004723253700601,0.0004665186535705,4.58195423377e-05,4.52248203302e-05,4.02337281399e-05,4.64364239692e-05,6.51907127282e-05,5.4194314183e-05,5.89935002441e-05,5.64179690307e-05,5.76843738499e-05,6.29136891306e-05,3.63465746416e-05,4.14534927664e-05,3.90641999976e-05,4.39535011839e-05,4.71380062912e-05,4.72871072825e-05,4.21589309792e-05,4.55129792159e-05,4.28500594338e-05,3.74053652061e-05,4.61771861783e-05,5.21116018101e-05,4.63010727261e-05,3.90424541761e-05,4.71299158245e-05,4.56735712381e-05,4.56967308061e-05,4.65443059546e-05,3.90997458414e-05,4.20207477459e-05,4.01660958959e-05,4.11513567106e-05,3.88714664154e-05,4.05797211007e-05,2.22020919024e-05,1.8498113499e-05,1.64933250125e-05,1.55016348839e-05,2.29069620758e-05,5.208506591e-06,7.8057449473e-06,8.3857675615e-06,4.7451504407e-06,4.8264527992e-06,5.198377748e-07,0,0,0,0,0,0,0,0,0,0,0,0,0,0
0.0002302386651449,0.0012941326239843,0.0022340903472583,0.0020042772619011,0.0021010709643399,0.0011818016431053,0.0011643392988666,0.0011888955797351,0.0011875359735337,0.0011846262502101,0.0012240468125369,0.0012458810459007,0.0012712436371493,0.0014145371464218,0.0015537260827634,0.0013722074431453,0.0014099493275677,0.0014154631042008,0.0005324208373084,0.0005404241267013,0.0005139383912484,0.0005327199715781,0.0005313529909579,0.0005267089796672,0.0005267437474358,0.000515320559927,4.9534943954e-05,4.52704003954e-05,4.19527938355e-05,4.30007521779e-05,6.65356044619e-05,5.50244612827e-05,5.74920993897e-05,5.8979068198e-05,5.92902910822e-05,6.78454700907e-05,3.6848763653e-05,4.04739708971e-05,4.61168684052e-05,3.97380908045e-05,4.76568019414e-05,4.3026673123e-05,4.18419989647e-05,4.38242198027e-05,3.96846066116e-05,4.53166706569e-05,3.76923261677e-05,5.10494696748e-05,4.32757433153e-05,4.33977272924e-05,4.22683592784e-05,4.61452641469e-05,4.73452538336e-05,4.29380782777e-05,4.20928412743e-05,3.75369722175e-05,3.88034419264e-05,4.05606467337e-05,3.87162387793e-05,3.65874625961e-05,1.96962414305e-05,1.8298435435e-05,1.89451678842e-05,1.93428886914e-05,2.09592960859e-05,8.8399213964e-06,7.9423726113e-06,5.4147828579e-06,4.9105906907e-06,6.6096681558e-06,1.938170421e-06,0,0,0,0,0,0,0,0,0,0,0,0,0,0
0.000190928218536,0.0012381203918662,0.0021347598480712,0.0018125819655354,0.0018915697383367,0.0011953114861174,0.0011875645605844,0.00119944129251,0.0012075652483333,0.0012008133080159,0.0012504908404888,0.0012677127385039,0.0012908719126847,0.0014024883602588,0.0015173107099436,0.0013670127602877,0.0013846369582703,0.0014224907539683,0.0005644505856239,0.0005764467059389,0.0005459813352281,0.0005681547633733,0.000565644114607,0.0005602837543944,0.0005594710077181,0.0005544079040944,5.03962272964e-05,4.2903324238e-05,4.29562178763e-05,4.26822993639e-05,6.64966361838e-05,5.44209049395e-05,5.4146663322e-05,5.44543879688e-05,5.81698521444e-05,6.44618702017e-05,3.65512481063e-05,4.06160353675e-05,3.71602947048e-05,4.86808366091e-05,4.24700500827e-05,4.18237971816e-05,4.77389060171e-05,4.82597159819e-05,4.58679725353e-05,4.96556431462e-05,3.97801402704e-05,5.23961229493e-05,4.38390811891e-05,4.24107951378e-05,5.62425201023e-05,4.21655279366e-05,4.1798132512e-05,4.01301124274e-05,3.60433676266e-05,4.11850088571e-05,3.95253244419e-05,4.31135095926e-05,3.96853774985e-05,3.56927051593e-05,1.88046525096e-05,1.77193345079e-05,2.28004099862e-05,1.8886892446e-05,1.65748182138e-05,5.8583958446e-06,5.3605125711e-06,6.0311704686e-06,4.0330150009e-06,4.7492385639e-06,8.557684789e-07,0,0,0,0,0,0,0,0,0,0,0,0,0,0
0.0002748305964685,0.0013843749624881,0.0024348569147851,0.0019148946900554,0.0021515382194107,0.0011534629679713,0.0011545559281454,0.0011889022096056,0.0011933656126477,0.001200920148362,0.0012336743954544,0.001209112172283,0.0012423443568614,0.0012797509233171,0.0014640656598906,0.0013185285744139,0.0013805069153969,0.0014046146598237,0.0005449153459292,0.0005544197266501,0.0005260105886241,0.0005467732018517,0.0005437640997279,0.0005399014789963,0.0005386671848151,0.000527635603685,5.40556882938e-05,5.3131279729e-05,4.51384738149e-05,5.15217175183e-05,6.30080009448e-05,6.3076255868e-05,6.1788630179e-05,6.25572271081e-05,6.43977888466e-05,6.9202324589e-05,4.61187868711e-05,4.3481247693e-05,3.83223807242e-05,4.08181729176e-05,4.64946288968e-05,4.44221491944e-05,4.89394517093e-05,4.24513458543e-05,4.85787029582e-05,4.02161951455e-05,4.23003074228e-05,4.55076593283e-05,4.20726921242e-05,4.33237111702e-05,4.89982059192e-05,4.79295516787e-05,4.48960105148e-05,4.00480129653e-05,4.79151733308e-05,4.09023721658e-05,3.96656463504e-05,3.90058033673e-05,3.97433943915e-05,3.76047579528e-05,1.64458864726e-05,1.90105871148e-05,2.06141877638e-05,2.08734578798e-05,1.94544933789e-05,7.4868815113e-06,3.3665355584e-06,6.5756221004e-06,7.0078786767e-06,3.7022218022e-06,6.296660468e-07,0,0,0,0,0,0,0,0,0,0,0,0,0,0
0.0002635421246005,0.0013081818023062,0.0024778919970814,0.0018488189956851,0.0018481293267236,0.0012141566280994,0.0012028527437126,0.001227484917981,0.0012171596104046,0.0012258292982924,0.0012624452007722,0.0012789732550667,0.0012933740101238,0.0013061226754201,0.001426093380976,0.0012807772777184,0.0012673642527734,0.0012590882379303,0.0005538115216292,0.0005646331589944,0.0005385910292984,0.0005599904018546,0.0005563433479403,0.0005528609986668,0.0005518223910886,0.0005417770903251,4.9701480517e-05,4.9896360061e-05,4.4456085322e-05,4.73991913133e-05,6.1823077434e-05,5.70960353517e-05,5.4135595956e-05,5.304817663e-05,6.24353369016e-05,6.61225704761e-05,3.94234911793e-05,4.12075071445e-05,3.43643715272e-05,4.44345770873e-05,4.43012373639e-05,4.07103053427e-05,4.70739659137e-05,4.91635032633e-05,5.03600859661e-05,3.99331382843e-05,5.41184531746e-05,4.54661887386e-05,4.71563300918e-05,4.53864305893e-05,4.71015579113e-05,4.10559570377e-05,4.97891414073e-05,4.95192472153e-05,3.94190172361e-05,3.94791998815e-05,3.78206333785e-05,3.94439843676e-05,3.58171576486e-05,3.37900804918e-05,2.60432549803e-05,1.94403156277e-05,1.85250983637e-05,2.01362818443e-05,2.33796469702e-05,4.9987843498e-06,4.34099206e-06,3.8342416022e-06,4.9096889353e-06,4.8417553011e-06,1.635110391e-06,0,0,0,0,0,0,0,0,0,0,0,0,0,0
0.0002485176424845,0.0015121846727653,0.002415747731012,0.002031958840003,0.0021509554570717,0.0009393832999037,0.0009297984771415,0.0009432411864422,0.0009473579870575,0.0009770212162424,0.0010128823278798,0.0010325263096112,0.0009991359035101,0.0010791781919923,0.0011747061236872,0.0010726415992293,0.0010477294252885,0.001077796542502,0.0005984054410596,0.00060900275884,0.0005782314192347,0.0006019027715391,0.0006009393707032,0.0005952662601415,0.0005912937072686,0.0005788230696455,4.30949102633e-05,4.12413633364e-05,4.0940692947e-05,3.59392870547e-05,5.4746724653e-05,5.52401113444e-05,5.28582083503e-05,5.94552963817e-05,5.35473545829e-05,5.53300478865e-05,3.46673367995e-05,4.01671754081e-05,4.04317388848e-05,4.67764786836e-05,3.66734903656e-05,4.40853399368e-05,4.8327438221e-05,3.85968449123e-05,3.78693072318e-05,3.87420691085e-05,3.3841268566e-05,4.42948655181e-05,4.50391107067e-05,3.56343486061e-05,3.92616055193e-05,3.90992049396e-05,3.89729986082e-05,3.85996374644e-05,3.04670243228e-05,3.26865843938e-05,3.18493204167e-05,3.29512709331e-05,3.65338770009e-05,3.3534017786e-05,2.06054225986e-05,2.40867275575e-05,1.57278927748e-05,2.03711152964e-05,1.66922452323e-05,6.8620379306e-06,4.7868226568e-06,4.2282638165e-06,5.1616008965e-06,5.1419659023e-06,5.736575863e-07,0,0,0,0,0,0,0,0,0,0,0,0,0,0
0.0002858801305725,0.0012945505806593,0.0022956198080784,0.0021188010240733,0.0018395576841226,0.0009685537821425,0.0009669202289715,0.000980619571643,0.0009913447886925,0.0009891736200697,0.0010056402123838,0.0010331172552461,0.0010473807298827,0.0011565615005832,0.001175612954259,0.0010022127990728,0.00108463156177,0.0010774382554634,0.0004978609662939,0.0005054432138375,0.0004808850849567,0.0004998032250936,0.0004959112093173,0.0004932647617146,0.0004987127711723,0.0004868286405794,4.32730698989e-05,4.19248901252e-05,3.62893049036e-05,4.3338411063e-05,5.93815151626e-05,5.74041019945e-05,5.5380848375e-05,5.1421261774e-05,5.84474332161e-05,6.03365153125e-05,3.82366015791e-05,3.33351799253e-05,3.35987361186e-05,3.42442190864e-05,4.23899953137e-05,3.43326001781e-05,3.62500850673e-05,3.80112284841e-05,4.80525954604e-05,3.16857645979e-05,3.25108532952e-05,4.03270136293e-05,3.71159073799e-05,3.2953963546e-05,3.99041255888e-05,4.03811690852e-05,4.03638525408e-05,4.30977734924e-05,3.71688809867e-05,3.10178618223e-05,3.12496284949e-05,3.27566548765e-05,3.09112600872e-05,2.84702720253e-05,1.54023222244e-05,1.37028869433e-05,1.60026929254e-05,1.57125552811e-05,1.95194771484e-05,3.4323232114e-06,3.9707163922e-06,5.8602522735e-06,7.6008273658e-06,5.6512218746e-06,2.9069114292e-06,0,0,0,0,0,0,0,0,0,0,0,0,0,0
0.0002449841046023,0.0014070525981421,0.0025073504915823,0.0020384280098744,0.0020447928404569,0.0010138463123649,0.0010036324168005,0.0010216088363397,0.0010235162326186,0.0010197432613507,0.0010412744457231,0.0010492100614843,0.0010506388995585,0.0011937109775188,0.0012508358193974,0.0011214344720786,0.0011597512769329,0.0011486116162079,0.000530143783694,0.0005401146705608,0.0005158964566798,0.0005346819256515,0.0005323305584929,0.0005265836213179,0.0005297351935899,0.00051619393498,4.50597438121e-05,4.69340850048e-05,3.93621291071e-05,4.16633403354e-05,5.9607670204e-05,5.69130511374e-05,5.07342824535e-05,5.81211675519e-05,5.35218079391e-05,6.73517623644e-05,3.73164009456e-05,3.78180139289e-05,4.20613910854e-05,4.22021710959e-05,4.5812793169e-05,4.45308961974e-05,4.5725484703e-05,3.916240242e-05,3.86613015771e-05,3.97180016682e-05,3.86200211602e-05,3.83757401082e-05,4.28425123497e-05,4.04005707323e-05,3.90199776252e-05,4.28903959469e-05,4.45108432353e-05,4.2832166427e-05,3.37158238019e-05,3.85587061431e-05,4.09376897739e-05,3.43325501195e-05,4.02469373803e-05,3.25939962885e-05,1.89692851757e-05,2.03647082451e-05,1.86178249747e-05,1.72815795345e-05,2.18276769316e-05,9.3713962699e-06,4.1593368948e-06,6.0310957898e-06,4.1109894851e-06,4.4067320103e-06,5.797950057e-07,0,0,0,0,0,0,0,0,0,0,0,0,0,0
0.0002512946155841,0.0015013336340141,0.0023938682776023,0.0022354923814436,0.0021542172570252,0.0009025849858668,0.0009171311636662,0.0009371442177746,0.0009514161216957,0.0009517189255416,0.0009647438931079,0.0009826810848746,0.001001084488637,0.0010451650457101,0.0011432006124604,0.0010245338723712,0.0010249956987425,0.0010207850951676,0.0005985666972211,0.000611219520465,0.0005790808435814,0.00060098695167,0.0005981717427641,0.0005935875208494,0.0005946320016773,0.0005824173453056,4.00080478925e-05,4.1631522516e-05,3.95014221983e-05,4.18287574809e-05,5.43832899828e-05,5.28925865743e-05,5.41014616358e-05,5.64862670216e-05,5.10957369527e-05,5.84368285383e-05,4.0190676943e-05,3.69185336685e-05,3.49475440853e-05,4.4090548107e-05,4.01627785131e-05,3.72473247639e-05,3.77486093807e-05,3.57244440143e-05,3.95647356472e-05,3.9847782459e-05,3.50717047514e-05,4.22722417207e-05,4.81528505894e-05,3.29950590081e-05,4.8700507605e-05,4.19764633017e-05,3.95699085017e-05,3.99690634002e-05,4.33255568175e-05,3.85024017533e-05,3.45303114397e-05,3.50875152354e-05,2.88139280328e-05,3.78075569293e-05,1.63752424556e-05,1.89587220311e-05,2.21338354928e-05,1.65918627927e-05,1.79803850079e-05,4.981469732e-06,4.6484508986e-06,5.405594302e-06,5.7401062811e-06,4.7582644795e-06,2.1030833099e-06,0,0,0,0,0,0,0,0,0,0,0,0,0,0
0.0002535651797959,0.0014456288970404,0.0024980578129961,0.0019623369594997,0.0022115186138452,0.000916348970596,0.0009038291397622,0.0009309680204723,0.000933568256958,0.0009553400970058,0.0009906055751725,0.001021942763156,0.0010338562193853,0.0010387199124742,0.0011591195957836,0.0010241211804083,0.0010632289847944,0.0011219308736947,0.0006209928886658,0.0006333830362314,0.0005990653688801,0.0006224286652506,0.0006190238179865,0.000613800932668,0.0006164015575431,0.0005987509297751,5.05769216714e-05,3.9590929597e-05,3.98555943021e-05,4.19478796667e-05,5.81401694084e-05,5.62327863334e-05,4.96602925372e-05,5.35336204979e-05,5.43407108154e-05,5.75506464955e-05,3.69470483615e-05,3.75060752834e-05,3.74332361444e-05,3.6248859672e-05,3.5913629894e-05,3.96101997239e-05,3.87262482599e-05,3.90103928982e-05,4.03816252981e-05,3.34327939434e-05,3.30212833183e-05,4.22724428278e-05,3.49895539214e-05,3.59111301175e-05,3.99659357987e-05,4.01645882072e-05,4.15519008616e-05,4.39212117173e-05,3.82013657222e-05,3.547840274e-05,3.81992908043e-05,3.80300639773e-05,3.34713215702e-05,3.38089700037e-05,1.95459940551e-05,1.72892477466e-05,1.42612501874e-05,1.35611255509e-05,1.56974802478e-05,6.2618896612e-06,3.7824857071e-06,6.905190362e-06,5.2562590608e-06,7.4540322989e-06,4.910015888e-07,0,0,0,0,0,0,0,0,0,0,0,0,0,0
0.0002495563959517,0.0012695794780048,0.002262364006906,0.0018092515164329,0.0018938328351154,0.0009029388013296,0.0008913386123815,0.0009061932425595,0.0009081919283074,0.0009127152557639,0.0009973424797673,0.0010264475700905,0.0010660729798133,0.0012459116341476,0.0012365868237259,0.0010614400811648,0.001120481053222,0.0011024094896313,0.0008858790557083,0.0009042761006469,0.0008559660266975,0.0008905110005691,0.0008899588083261,0.0008787889187793,0.0008774826498436,0.0008509905625918,5.91415445334e-05,5.27403966818e-05,5.23719490701e-05,5.11925194879e-05,6.94394484281e-05,6.74821359192e-05,6.55766919401e-05,6.75965382915e-05,7.21651787219e-05,7.12285881595e-05,3.65448530979e-05,4.47898571807e-05,4.15965952458e-05,3.87198908994e-05,4.27130918847e-05,3.800997539e-05,5.05983010777e-05,4.34687351649e-05,4.12890784604e-05,3.62922634532e-05,3.93954659497e-05,4.02252742253e-05,5.08821128223e-05,3.93760491775e-05,4.22660130483e-05,3.85590998452e-05,4.79815151721e-05,4.79855766726e-05,4.07667764457e-05,3.97273732227e-05,3.59377370543e-05,3.99112743304e-05,3.57230808828e-05,3.52907086534e-05,1.96888314663e-05,2.03178793238e-05,1.71601361014e-05,2.17699256725e-05,1.81888372146e-05,5.4466920877e-06,6.4062906985e-06,7.5054283584e-06,4.7175254594e-06,8.5698730496e-06,1.9987698191e-06,0,0,0,0,0,0,0,0,0,0,0,0,0,0
0.0002677045439355,0.0013470648492561,0.0024004748128234,0.00227132364854,0.0023581657908947,0.0009662424341991,0.0009698366083617,0.0009857369036172,0.0010020485886459,0.0010193869837884,0.0010164938839964,0.0010197528712234,0.0010109295487918,0.0010412988551791,0.0011180809351615,0.0009639178877716,0.0009658650165209,0.0009851292066632,0.0008533946063019,0.0008709363121106,0.000825505125301,0.0008588425861168,0.0008522413112809,0.0008499260097159,0.0008448040799674,0.0008185747417435,5.69110142576e-05,5.60635402658e-05,5.00582259534e-05,5.31476949306e-05,6.96331314654e-05,6.78877791012e-05,6.74748253353e-05,6.47182090708e-05,6.75919572253e-05,6.97481395926e-05,3.55634786812e-05,3.30344546614e-05,3.95379371523e-05,4.8566752119e-05,4.24152850484e-05,4.25208960598e-05,3.88706478068e-05,4.35705723719e-05,3.68781538417e-05,3.70345438211e-05,4.08507848123e-05,4.53069812303e-05,4.49397411742e-05,4.05488502581e-05,3.95111763846e-05,3.87947603814e-05,4.55411308054e-05,4.71643142174e-05,3.72450950287e-05,3.73190815078e-05,4.01761332606e-05,3.85074972029e-05,3.61954088493e-05,3.56655525831e-05,1.88778127839e-05,1.77473935338e-05,1.56975346654e-05,2.2857097911e-05,1.84764338338e-05,4.2172953568e-06,3.742932355e-06,6.6156807098e-06,4.6377651295e-06,4.2260212615e-06,1.2894039837e-06,0,0,0,0,0,0,0,0,0,0,0,0,0,0
0.0003242173058588,0.0015451659620126,0.0025740025740026,0.0020988707003826,0.0020996775856387,0.0009389520105421,0.0009537253650077,0.0009598227438693,0.0009643085638953,0.0009533792231936,0.0010001074291396,0.0010206509444495,0.0010123079506837,0.001065203731113,0.0011251440667388,0.0010040609824861,0.0011233018266116,0.0011165807194447,0.0008449431998324,0.000860344221531,0.000817621169066,0.0008477357831835,0.0008482000181485,0.0008377539504131,0.0008374854616801,0.0008166441061194,5.64560980533e-05,5.18356151409e-05,5.44982081977e-05,5.07922402936e-05,7.05767814291e-05,6.47665263634e-05,7.08923789689e-05,6.33141319821e-05,6.80271031187e-05,7.26921817615e-05,3.91523506343e-05,3.86412404984e-05,3.76982836804e-05,4.43951750313e-05,4.32406415592e-05,4.44530228992e-05,3.92618439856e-05,4.15860075213e-05,4.55698088501e-05,3.76142557784e-05,4.1606741585e-05,4.79093712227e-05,4.31657555077e-05,4.27440530578e-05,5.00975641309e-05,4.64037831285e-05,5.02766183073e-05,4.83672864066e-05,4.0573119182e-05,3.53895150423e-05,3.72852507672e-05,3.91531348745e-05,3.57598403751e-05,3.93442911291e-05,2.15247928099e-05,2.2043448119e-05,1.87710933276e-05,1.79393424158e-05,2.07580009336e-05,6.7550128494e-06,6.453211716e-06,6.3512794432e-06,3.6546154074e-06,5.7827753385e-06,5.470226149e-07,0,0,0,0,0,0,0,0,0,0,0,0,0,0
0.0003293052417731,0.0013700064799734,0.0023543669766546,0.0018454691753699,0.0019105238270373,0.0008909860102311,0.0008854356889498,0.0008970701887873,0.0009004000152435,0.000930996546137,0.0009646596425189,0.0009621891570167,0.0010364723896496,0.0011501326669057,0.0011977108660753,0.0010306299502691,0.0010617446403351,0.0010621784280021,0.0008341539611994,0.0008500802371243,0.0008054982093045,0.000837811133339,0.0008323454179641,0.0008259223390024,0.0008236487715803,0.0008052117599868,5.74328576125e-05,4.83473454015e-05,4.71906360721e-05,4.98822179895e-05,6.55242476039e-05,5.88282322382e-05,6.33078169034e-05,6.23572420445e-05,6.91059795562e-05,7.09673266565e-05,3.62286729146e-05,3.96524776786e-05,3.6393198177e-05,3.75525863464e-05,4.43983720839e-05,4.06406778997e-05,3.79994824054e-05,3.73950346294e-05,4.56888360074e-05,3.75547925518e-05,4.47836429991e-05,4.64748696872e-05,4.3953327815e-05,4.55462480905e-05,5.05064519105e-05,4.84458513761e-05,4.8757924733e-05,4.44576452216e-05,3.54638087189e-05,4.51698197715e-05,3.56910697687e-05,3.34875234475e-05,3.7384008535e-05,4.24145309145e-05,2.3377666587e-05,1.44067293185e-05,1.86028700034e-05,1.87660234466e-05,1.85003078775e-05,6.9040197393e-06,8.778343241e-06,5.6842806525e-06,7.5677641526e-06,5.854573258e-06,1.2676678565e-06,0,0,0,0,0,0,0,0,0,0,0,0,0,0
0.0002502755461222,0.0013841624567312,0.0023463081204977,0.001936117559199,0.0019735168748246,0.0009484002292203,0.0009431264528302,0.000954012323425,0.0009493158450768,0.000962739873046,0.0009695050324296,0.0010122971454142,0.0010425007203018,0.0010024800340647,0.0010433443169232,0.0008953124625089,0.0009853262828609,0.0009935390317094,0.0008755362314954,0.0008923195547052,0.0008488817970555,0.000880516742399,0.0008754634459333,0.0008679237574894,0.0008680595762119,0.0008405308734039,6.41207495994e-05,5.20134471327e-05,5.29801206072e-05,4.95756546206e-05,6.91936241144e-05,6.05403322201e-05,6.11481137604e-05,6.16799342342e-05,6.33746299821e-05,6.76715240982e-05,3.49594072499e-05,3.77430824143e-05,3.65114755676e-05,3.57734284913e-05,3.89131050482e-05,4.1566939187e-05,3.56085369698e-05,4.66796396374e-05,3.79457653487e-05,3.09267045307e-05,4.02963337981e-05,3.81683494034e-05,4.97088147358e-05,4.13312602799e-05,4.47676170737e-05,3.99147689265e-05,4.2673017234e-05,3.70004358679e-05,4.02055181527e-05,3.30491410221e-05,3.68661105823e-05,4.31073031463e-05,3.55344081709e-05,3.23410991279e-05,2.32414986649e-05,2.59545475538e-05,2.12679212837e-05,1.75157362176e-05,1.78114522431e-05,4.648167256e-06,3.7632498289e-06,6.5708734669e-06,6.5824311924e-06,5.2394141885e-06,6.218727185e-07,0,0,0,0,0,0,0,0,0,0,0,0,0,0
0.0002143778454134,0.0011266398794502,0.0020653395414419,0.0017066148369392,0.0017004424155366,0.0009422053036819,0.0009470478036822,0.0009452236236353,0.0009581545595176,0.0009777518521593,0.0009924189157978,0.0009850709354948,0.0010374792574215,0.0010820951362646,0.0011522506845508,0.0010240110423565,0.0010290876880793,0.0010051295791594,0.000770276230474,0.0007836470485229,0.00074781551215,0.0007739204759544,0.0007685580357009,0.0007635316215357,0.0007638965160016,0.0007364200807519,5.28044741731e-05,5.41150453174e-05,4.85264928916e-05,4.87070306045e-05,6.78824204377e-05,6.01978258196e-05,6.11257361926e-05,6.13886751354e-05,6.26758834786e-05,6.66543948317e-05,3.13534662924e-05,3.3423813024e-05,3.39528110235e-05,3.75685768802e-05,4.16724118593e-05,3.6937028257e-05,4.05443965571e-05,3.9706886593e-05,3.78694305701e-05,3.30625278571e-05,3.3508949604e-05,4.34965653196e-05,4.40189809807e-05,3.82495848942e-05,4.34720744626e-05,3.98527585004e-05,3.7089627713e-05,4.69605019495e-05,3.29323774662e-05,4.28365706462e-05,3.39473494922e-05,3.64520970198e-05,3.79833166112e-05,3.42275768248e-05,1.91812721119e-05,1.6652858307e-05,1.91872960123e-05,1.49485216724e-05,1.70914377913e-05,6.112500224e-06,4.994890494e-06,4.2633755304e-06,3.8129474236e-06,4.8804857166e-06,8.347312355e-07,0,0,0,0,0,0,0,0,0,0,0,0,0,0
0.0002198828320512,0.0011820424794449,0.0019774755606121,0.0019766099364346,0.0018056409951118,0.0009291996782241,0.0009242283234625,0.000925281505898,0.0009413397128506,0.0009231927361744,0.0009422825091693,0.0009826558088973,0.0010055599970627,0.0010526894421698,0.0011244961204623,0.0009928587779604,0.0009889569998222,0.0009907132420332,0.0007564613251844,0.0007698663610167,0.000729454180254,0.0007590637323401,0.0007572944780476,0.0007507460128696,0.0007469140813897,0.0007198612190353,4.97899220783e-05,5.14560073255e-05,4.47483310857e-05,4.32936141921e-05,6.82108009448e-05,5.99261879538e-05,5.92240223987e-05,6.15206236265e-05,6.3054892715e-05,6.98710940761e-05,3.63832665484e-05,3.65162983639e-05,3.554680376e-05,3.26160888198e-05,4.01970925589e-05,3.85321394432e-05,3.92660559804e-05,3.88581424142e-05,3.66099715022e-05,3.2509990674e-05,3.40677911918e-05,4.66021553451e-05,3.98384854444e-05,4.15592907779e-05,3.96845446943e-05,4.32957968934e-05,3.9433478779e-05,3.74450227273e-05,3.70715197583e-05,3.4257528852e-05,3.50745800481e-05,3.65934806514e-05,3.47678439067e-05,3.13924489687e-05,1.59488986686e-05,2.05703332137e-05,1.50089530749e-05,1.58828193285e-05,1.97226754268e-05,8.5290441339e-06,4.6368427847e-06,6.0693230435e-06,3.1857096651e-06,3.2985548813e-06,6.807310663e-07,0,0,0,0,0,0,0,0,0,0,0,0,0,0
0.0002229549699609,0.0012079776464163,0.0020530452533336,0.0016781616363392,0.001626715486341,0.0009539704046214,0.000928583599356,0.0009568114650159,0.0009387897131703,0.0009628906527441,0.0010072035777848,0.0010407598495979,0.0011063031071329,0.0011771829696448,0.0011676907329524,0.0010222772488786,0.0009789896335636,0.0009655131436468,0.0007547880042366,0.0007712760133529,0.0007290471461196,0.0007575145447554,0.0007550648114361,0.0007485005698668,0.0007453672323857,0.0007203780647483,5.15415502169e-05,5.33477780711e-05,4.43250122518e-05,4.59236368271e-05,6.77393794522e-05,6.36094007657e-05,5.9674038612e-05,5.6715458734e-05,6.45122068527e-05,7.0691609112e-05,3.26168819046e-05,3.74484710514e-05,3.46730765417e-05,3.5768637237e-05,4.22706913452e-05,4.13407085982e-05,4.39617920036e-05,3.92208407472e-05,3.91896642733e-05,3.45230388309e-05,3.66537855736e-05,4.01151949593e-05,4.15503905228e-05,4.24678285558e-05,4.52362339719e-05,4.25934742681e-05,4.25025254126e-05,3.60609975024e-05,4.44922218901e-05,3.77565974819e-05,3.75598536988e-05,3.28788216641e-05,3.50113781733e-05,3.62748821464e-05,2.52524087843e-05,1.83921258835e-05,2.04658811692e-05,1.75109342697e-05,1.81676020582e-05,5.0771833327e-06,6.1818981363e-06,3.9555942037e-06,3.9617106995e-06,4.6341241119e-06,7.136116877e-07,0,0,0,0,0,0,0,0,0,0,0,0,0,0
0.0002281957976288,0.0013592362170834,0.0022468795242008,0.0018465804106724,0.0019453726528501,0.0008745696243188,0.0008614112925883,0.0008690088742395,0.0008776611058471,0.0008846341306722,0.0009097524291884,0.0009859046693296,0.0009805390562928,0.001170115348019,0.0011977015281078,0.001086791381978,0.0010862205671504,0.0010780919242661,0.0007346447031236,0.000746094337687,0.0007091859731029,0.0007364111832623,0.0007326490417868,0.0007278247099557,0.0007276585893237,0.000702597353266,5.68277277614e-05,5.31557864398e-05,5.38213868995e-05,5.31668620952e-05,6.74517723102e-05,6.20820379557e-05,6.43641781732e-05,6.34282133427e-05,6.76438648473e-05,7.35110723516e-05,3.32657769581e-05,3.43695214735e-05,3.1925204813e-05,3.59345422006e-05,4.14209491182e-05,4.09355032141e-05,4.19784553504e-05,4.14559199477e-05,3.69160998562e-05,3.97069507881e-05,3.58814452752e-05,4.87831242961e-05,3.53963834738e-05,3.87739269924e-05,4.20023589949e-05,4.15322241032e-05,4.0269635199e-05,4.176134725e-05,3.80466353516e-05,4.08128708298e-05,3.70196117429e-05,3.63197738014e-05,3.15023887075e-05,4.08568367306e-05,2.12580852337e-05,1.91808254628e-05,1.9451527347e-05,1.973813918e-05,1.76770118213e-05,5.8806761371e-06,9.7929090968e-06,6.3723723009e-06,8.4608544525e-06,8.4269997224e-06,2.5607016682e-06,0,0,0,0,0,0,0,0,0,0,0,0,0,0
0.0001932950019181,0.0011438249005799,0.0018634467014933,0.0018782845130523,0.001674315583741,0.0008837365220976,0.0008774839701842,0.0008935292211528,0.0008914513697579,0.0008813361987532,0.0009151610622818,0.0010226689090033,0.0010460289171821,0.0011187113857644,0.0011778928902378,0.0010351671854132,0.0010335924793512,0.0010154694395161,0.000834169363656,0.0008517326830343,0.0008073120676033,0.0008394037265215,0.0008361425535532,0.0008249057375478,0.0008257438252133,0.0007943640877274,5.4341362302e-05,5.03921657981e-05,4.9666696242e-05,4.82637697931e-05,6.55815195209e-05,5.79668812435e-05,6.36441473202e-05,6.02053448086e-05,7.05723449491e-05,7.13409314683e-05,4.48600636101e-05,3.1837089981e-05,3.9554040856e-05,3.47224096625e-05,4.36168434156e-05,3.90207235439e-05,3.80830265604e-05,3.9565845519e-05,3.51293385639e-05,3.67631247932e-05,3.33350328918e-05,3.98501937847e-05,4.68480039787e-05,3.95052596817e-05,4.18544084029e-05,4.12797170781e-05,4.46909824177e-05,4.77924566342e-05,3.49283441697e-05,3.70968016368e-05,3.37159460453e-05,3.79573593576e-05,4.12117248791e-05,3.24555464235e-05,2.48487555272e-05,1.96261624868e-05,1.85846592639e-05,1.66410289396e-05,2.32057855416e-05,6.0800102186e-06,3.5688440015e-06,4.6731778033e-06,4.5100082287e-06,5.8689226232e-06,1.1084916566e-06,0,0,0,0,0,0,0,0,0,0,0,0,0,0
0.0001320382903073,0.0007361114763347,0.0012727710271177,0.0010277126351693,0.0010860222422498,0.0004219184735541,0.0004030206895387,0.0004147734396644,0.0004168474280899,0.0004288164948599,0.0004235812081962,0.0004445336409837,0.0004203261522085,0.0004475262101258,0.0004620516282165,0.0004335103408587,0.000453722388178,0.000474555789233,0.0005743514494534,0.0005869205699208,0.0005569136132049,0.0005781979229318,0.0005771332896824,0.000571702426372,0.0005693263571486,0.0005451513231877,3.79945447438e-05,3.3858585163e-05,3.54434182066e-05,3.90486372303e-05,4.66553762214e-05,3.86344366569e-05,4.50952617567e-05,3.86104852306e-05,4.41743120461e-05,4.93225441553e-05,2.13515226547e-05,1.66840266955e-05,2.26588286609e-05,2.20247180741e-05,2.40901929592e-05,2.12054549299e-05,2.02543594008e-05,1.74677171002e-05,2.73323653776e-05,2.2803922816e-05,1.82052515604e-05,2.3412349561e-05,2.04833706855e-05,2.30558931867e-05,2.35723010106e-05,2.20567051691e-05,2.46818872891e-05,2.65917583335e-05,2.53389467866e-05,2.09864474722e-05,1.72918739208e-05,2.66743595458e-05,2.16461869588e-05,2.50845232673e-05,1.22936885491e-05,1.54733575985e-05,1.20329751212e-05,1.00484920705e-05,8.8709948099e-06,2.7352813316e-06,3.2240066771e-06,3.3422117948e-06,2.5490107527e-06,4.4244402922e-06,5.164767508e-07,0,0,0,0,0,0,0,0,0,0,0,0,0,0
0.0001555653810232,0.0009026334153298,0.0015141262811446,0.0010709330005341,0.0011183843095062,0.0004084226195695,0.0003937736751045,0.0004028320639071,0.0004118584449632,0.0004085654279322,0.0004147599649411,0.0004406664631575,0.0004802200186889,0.0004702186737468,0.0004989712581189,0.0004405969439842,0.0004839875357634,0.0005179647320811,0.00056040125982,0.0005735465907001,0.0005429073175172,0.0005636980939327,0.0005617087083597,0.0005558034690061,0.0005567686587123,0.0005358967599519,3.82783380791e-05,3.26348858632e-05,3.28876408164e-05,3.48410714965e-05,4.38661308387e-05,3.86845445786e-05,4.41432104521e-05,3.86311231479e-05,4.3917766196e-05,4.26361760233e-05,1.64193585748e-05,2.38091510192e-05,2.00460944598e-05,2.68122298377e-05,2.05098438363e-05,2.01310637475e-05,1.95024484009e-05,2.06330258606e-05,2.08484512102e-05,2.7239201228e-05,1.65504987322e-05,2.56838874391e-05,2.42332284083e-05,2.08395730863e-05,2.48570132881e-05,2.11890786976e-05,2.58289912776e-05,1.67455656611e-05,2.89152148942e-05,1.86182492551e-05,2.27898370283e-05,1.98523375843e-05,1.99578192817e-05,2.02453425587e-05,1.58115007734e-05,1.41135433091e-05,1.33731798422e-05,1.24737388725e-05,1.60349067796e-05,4.7173474685e-06,2.2983619424e-06,3.3396841003e-06,4.4261130531e-06,3.2474369081e-06,2.73425318e-07,0,0,0,0,0,0,0,0,0,0,0,0,0,0
0.0001641677697451,0.0009881673624546,0.0014966016698911,0.0012880821331463,0.0013161799922313,0.0003738838364405,0.0003691596206298,0.0003774009495217,0.0003785615958086,0.0003935171559886,0.0004194711691792,0.00040385960017,0.0004134824470365,0.0005058863217736,0.0005542565303895,0.00048383811749,0.0004820458201181,0.0004751982864482,0.000496615315773,0.0005070340730635,0.0004808749360407,0.0005012629059704,0.0004975348884897,0.0004971456395121,0.000492381114539,0.0004728715780447,3.29011369448e-05,3.25294183018e-05,3.31410317248e-05,3.25089852992e-05,3.66517247774e-05,3.61839605687e-05,3.41747086647e-05,3.52174454014e-05,3.95089281114e-05,4.56519824057e-05,1.62535252801e-05,2.20803183778e-05,1.80383178575e-05,1.82089232618e-05,1.90563736126e-05,2.17194264314e-05,2.61505913965e-05,2.33147492114e-05,2.07027547056e-05,1.85346434188e-05,2.01413794029e-05,2.44685726805e-05,2.94819375788e-05,1.79129637511e-05,2.1877033099e-05,1.95301722275e-05,2.29199999854e-05,2.25326102722e-05,2.46907984226e-05,2.23542939268e-05,1.73279593492e-05,2.30201048276e-05,2.10909736113e-05,1.99775152308e-05,1.28132316513e-05,1.39357970483e-05,9.2365936997e-06,1.14853214005e-05,7.9497537566e-06,2.1463794748e-06,3.0834707338e-06,3.6879552284e-06,1.6034463009e-06,4.1276253846e-06,3.733802099e-07,0,0,0,0,0,0,0,0,0,0,0,0,0,0
0.0001070764882704,0.0008036610883836,0.0013722485773976,0.001203424762066,0.0013417985936944,0.0004199708192783,0.0004186931677724,0.0004089523341993,0.0004260974724383,0.0004249637781989,0.0004394881093385,0.0004112540392141,0.0004273693696847,0.0004928410594327,0.0006305039475125,0.0005577898593597,0.0005575847002644,0.0005483323563023,0.0005001329933396,0.0005087779171673,0.0004804451855233,0.0005001132963113,0.0005010236607825,0.000495196084621,0.0004939399065449,0.0004721013177004,2.96435361052e-05,2.96203230132e-05,3.56079293712e-05,2.99858062843e-05,3.95087719834e-05,3.5777926508e-05,3.49042293543e-05,3.40809565626e-05,3.99611706051e-05,3.91219914967e-05,2.14825978878e-05,2.40527086156e-05,1.52424174026e-05,2.27151149334e-05,1.74026369941e-05,2.15465004437e-05,2.10477114716e-05,2.29384694509e-05,2.18651474848e-05,2.33256641527e-05,1.92153576946e-05,2.20682880319e-05,2.14733601512e-05,1.65504993262e-05,2.69668461887e-05,2.76312941989e-05,2.12832075159e-05,2.20856062153e-05,1.9758046436e-05,1.69219708526e-05,1.78168175337e-05,1.91377854988e-05,2.07947949912e-05,1.73809119397e-05,1.03966175705e-05,1.26298819731e-05,1.11596010422e-05,1.45094790235e-05,1.20344151862e-05,4.1806045971e-06,4.6066797562e-06,4.7855444122e-06,4.1713467684e-06,3.7386360519e-06,1.6784366579e-06,0,0,0,0,0,0,0,0,0,0,0,0,0,0
0.0001367841777278,0.0008410364744239,0.001352801826774,0.0011830681499029,0.0011417065900355,0.0003809304511073,0.0003754290981572,0.0003711649090593,0.0003784828346565,0.0003878863900434,0.0004065782086675,0.0004350019784751,0.0004345234979755,0.0004913493657212,0.0005099746477661,0.0004423168306104,0.0004619722493623,0.0004834625372418,0.0005268682101015,0.0005367520907594,0.000510167204235,0.0005312063178259,0.000527708782246,0.0005246044542716,0.000521543754119,0.0005034327801756,3.59306994048e-05,3.25704708312e-05,3.63007647917e-05,3.22398680063e-05,4.15701597199e-05,3.71099567464e-05,3.96427418252e-05,3.70618881016e-05,4.31841949904e-05,4.58751869583e-05,2.1302323765e-05,2.02998002341e-05,1.58733342797e-05,2.42379600953e-05,2.53920904002e-05,2.30528966848e-05,1.82383921557e-05,2.11097632917e-05,2.50671223016e-05,1.88724102648e-05,2.35701982887e-05,2.75223889181e-05,2.29772076199e-05,1.89164096532e-05,2.2247004827e-05,2.20542193887e-05,2.43169716382e-05,2.14985627485e-05,1.98384774176e-05,1.91040170461e-05,2.18454887354e-05,1.96052946803e-05,1.83886856881e-05,2.39321688791e-05,9.0626853379e-06,1.6031069038e-05,7.6269797559e-06,1.1882789167e-05,1.13692365079e-05,3.2941237603e-06,3.0938910201e-06,3.5737802156e-06,3.2132457587e-06,1.8548688993e-06,3.293418776e-07,0,0,0,0,0,0,0,0,0,0,0,0,0,0
6.56643626007e-05,0.0003774563476056,0.0006867966608736,0.0004946479416236,0.0005278508224306,0.0001238780796953,0.0001163038411569,0.0001207056195263,0.000124662848479,0.000132668050475,0.0001427213883225,0.000149913788734,0.0001475059848893,0.0001623810075829,0.0001920076949912,0.0001653852142818,0.0001562509206174,0.0001522864016937,0.0002205056026383,0.0002252764780283,0.0002134772854967,0.0002218093287698,0.0002189394284179,0.0002200217676032,0.0002203927560591,0.0002107446834151,2.31197005514e-05,1.92288237949e-05,2.54076000623e-05,1.88300574071e-05,2.57357708148e-05,2.20408072048e-05,2.04900447068e-05,2.46957710643e-05,2.41641342164e-05,2.6417832159e-05,9.1597728187e-06,1.03815282086e-05,5.0274733064e-06,1.19681591803e-05,7.1702251728e-06,1.20749636483e-05,8.0058068179e-06,1.00891136766e-05,6.6560955832e-06,9.635058248e-06,5.1472095648e-06,1.46747776752e-05,7.9057736341e-06,9.3713637124e-06,8.2734768286e-06,6.2516718626e-06,9.8274028257e-06,9.9637107869e-06,6.4295321344e-06,8.4850343336e-06,1.17323474763e-05,6.8043591578e-06,7.5972727318e-06,7.7871530636e-06,3.4703653234e-06,5.8570985182e-06,2.5573727973e-06,5.1265017796e-06,4.0909910482e-06,4.0807127045e-06,7.697212174e-07,1.6849236147e-06,2.2932474691e-06,2.2103600268e-06,1.912388274e-07,0,0,0,0,0,0,0,0,0,0,0,0,0,0
5.18599701388e-05,0.0003904719548482,0.0005317830934909,0.000510396113576,0.0005637679675927,8.86559858422e-05,8.86677666039e-05,8.42896853671e-05,9.34812608258e-05,9.17852879752e-05,0.0001033950317995,9.78096572925e-05,0.0001003044267019,0.0001063708388861,0.0001212952572952,0.0001190112240901,0.0001146412823545,0.0001153350596267,0.0002747562511615,0.0002807474487602,0.0002641736178196,0.0002760376755829,0.000275057885451,0.0002731077085039,0.0002701209496829,0.0002617397403999,1.45075590507e-05,1.49411611003e-05,1.37589788037e-05,1.3486149675e-05,1.89122890984e-05,1.45801599915e-05,1.54077454017e-05,1.84045419795e-05,1.57550000256e-05,1.83784374318e-05,5.4897237739e-06,8.1395405784e-06,4.1552626067e-06,4.8788211348e-06,1.12548878836e-05,1.1363050235e-05,7.6725539727e-06,4.7516287516e-06,6.0541249505e-06,7.0397268492e-06,6.2367707726e-06,6.8217934625e-06,7.726847968e-06,5.929006393e-06,1.01922275809e-05,5.811408114e-06,9.8332194714e-06,1.32690211653e-05,5.4521514977e-06,7.2621953563e-06,6.6805799614e-06,8.6774769391e-06,1.32510233164e-05,4.7875046305e-06,4.2842653996e-06,2.9888927007e-06,3.8479959436e-06,5.9166690985e-06,4.0243974921e-06,8.061961099e-07,7.011426616e-07,9.015984178e-07,6.901668858e-07,8.434233261e-07,1.240211358e-07,0,0,0,0,0,0,0,0,0,0,0,0,0,0
5.16059780365e-05,0.0003205468464324,0.0005391417269049,0.0004528904888082,0.0005232384474396,0.0001373912806391,0.0001379677047997,0.0001348385176569,0.0001343305594079,0.0001302303328561,0.0001438318399491,0.0001498753445376,0.0001381337627978,0.000129598486256,0.0001335592636239,0.0001162318022661,0.0001339319192481,0.0001291034108309,0.000310338676233,0.0003134636381623,0.0002974486667631,0.0003088869989029,0.0003103938221055,0.0003053286532987,0.0003061786040118,0.0002932947448983,1.36567563277e-05,1.63638490674e-05,1.43068239776e-05,1.42514712743e-05,2.05708777218e-05,1.69417221697e-05,1.73329660008e-05,1.53211027192e-05,1.66951407375e-05,1.68121811213e-05,6.19034749e-06,8.4805976878e-06,8.6122438532e-06,1.03940835937e-05,1.22445009673e-05,7.8450762157e-06,8.7419172288e-06,9.3986958353e-06,5.4151852313e-06,6.2971204429e-06,9.3213470643e-06,1.00171031836e-05,9.0993217211e-06,1.09610392194e-05,1.20923137642e-05,1.04019649722e-05,9.800596135e-06,8.7010826526e-06,9.6404969513e-06,6.2772149054e-06,8.8553045536e-06,5.6228281243e-06,8.7319308782e-06,6.3484163344e-06,4.4976520514e-06,4.3981369124e-06,4.6607077132e-06,6.22432216e-06,4.7075522713e-06,1.7871413781e-06,9.13029046e-07,2.8189844019e-06,9.078308603e-07,7.971117415e-07,2.263978974e-07,0,0,0,0,0,0,0,0,0,0,0,0,0,0
0.0001047570605048,0.000458676179865,0.0007895850778426,0.0005888207360862,0.0007645371927453,0.0001105789050495,0.0001119770098121,0.0001123135020259,0.0001103785298971,0.0001171371267374,0.0001255774781625,0.0001319809310248,0.000142663114304,0.0001529328531428,0.0001814369183235,0.0001537217714867,0.0001497151687254,0.000144442609691,0.0002462178620242,0.0002517434173006,0.0002381855178521,0.0002464211712526,0.0002455432423512,0.0002413645163861,0.0002450714633854,0.0002337621883296,1.18496444104e-05,1.50465999244e-05,7.3212870953e-06,1.05299370563e-05,1.07635675666e-05,1.30083327412e-05,1.36921086236e-05,1.73586082524e-05,1.50242644337e-05,1.32898605215e-05,5.8105633283e-06,8.3609397126e-06,6.2115485896e-06,1.1133777623e-05,7.4524124334e-06,7.6524144712e-06,6.2875803794e-06,1.07737265748e-05,7.4582415577e-06,8.2682380295e-06,1.30038473129e-05,7.3441394289e-06,1.03928373933e-05,8.9743181998e-06,8.1751701914e-06,7.8432891749e-06,6.0657091066e-06,1.24598839382e-05,1.03875056205e-05,6.0384135396e-06,4.9994020955e-06,6.0572355325e-06,1.24701592171e-05,6.5899035122e-06,3.6895396399e-06,6.2695227791e-06,2.1795622344e-06,5.8356015755e-06,4.5526040463e-06,2.6162439821e-06,7.517513166e-07,9.764580006e-07,6.770845508e-07,2.4002079335e-06,1.53112815e-07,0,0,0,0,0,0,0,0,0,0,0,0,0,0
6.65643259283e-05,0.0004515050576646,0.0008365988108398,0.0006012858425517,0.0005934511448792,0.0001447959037948,0.0001493205166576,0.0001571577091692,0.0001498159638976,0.0001437499781507,0.0001414172008283,0.0001359779967182,0.0001386282042162,0.0001410572388206,0.0001492861221095,0.0001402458981012,0.0001278036239756,0.0001280348896728,0.0002437810472699,0.0002470789759947,0.0002361876840754,0.0002439415900786,0.0002440183524651,0.0002411728752152,0.0002428365646287,0.0002331650608122,2.13080692737e-05,1.70933416804e-05,1.60176296412e-05,1.61758055118e-05,1.73818703168e-05,1.52450636238e-05,1.567651566e-05,1.53118834634e-05,1.89913129398e-05,2.18206383605e-05,8.211444124e-06,1.24458989266e-05,5.8756173347e-06,9.8806734887e-06,8.0452460463e-06,1.09322303865e-05,7.8585436491e-06,6.0409630641e-06,7.8063797841e-06,8.7422276909e-06,1.0261662405e-05,8.3555599411e-06,9.1438090467e-06,1.35076669516e-05,1.57623624568e-05,7.5855229317e-06,1.01868659168e-05,1.02307158851e-05,8.7755035659e-06,8.2033162191e-06,5.4941430194e-06,7.5201020706e-06,1.31824194223e-05,9.1017410773e-06,6.7970931752e-06,4.8822169676e-06,5.9549689345e-06,5.5512003158e-06,2.7892890887e-06,2.6764227261e-06,9.750571217e-07,9.099807477e-07,2.5474944019e-06,8.047759666e-07,1.594332134e-07,0,0,0,0,0,0,0,0,0,0,0,0,0,0
1.47146300992e-05,0.000115024576563,0.0001911023449485,8.12052777865e-05,0.0001706757946074,2.45602090769e-05,2.25904164794e-05,2.42464407528e-05,2.43888164603e-05,2.60851231046e-05,3.31431808666e-05,4.05741149824e-05,5.10343142494e-05,6.25997553811e-05,5.05606816393e-05,3.75806485322e-05,3.95096285713e-05,3.75827198988e-05,4.82605276393e-05,4.90314570453e-05,4.67083442589e-05,4.82490332379e-05,4.81359207228e-05,4.75916608733e-05,4.78630045025e-05,4.58679292821e-05,2.712607273e-06,2.8465846296e-06,4.6281821108e-06,4.3361529111e-06,3.5917021672e-06,4.9936518343e-06,4.8109660997e-06,2.9475393661e-06,3.5695970088e-06,3.6437204235e-06,3.199583164e-06,3.2138209346e-06,9.002490449e-07,3.1859879504e-06,8.864379003e-07,3.279369061e-06,1.4485836663e-06,1.0510496601e-06,2.6968893725e-06,9.977342398e-07,5.3997838761e-06,1.1246117145e-06,4.1343216435e-06,9.102091253e-07,3.7607885728e-06,2.36762038e-06,9.857771903e-07,2.2661334003e-06,1.0655161434e-06,1.4352986817e-06,1.1599012891e-06,1.1846423188e-06,4.0977960949e-06,1.7586027002e-06,8.116800566e-07,4.205177127e-07,5.510610751e-07,2.5494581062e-06,5.066365058e-07,2.368846814e-07,1.466727278e-07,2.643958299e-07,1.662436734e-07,1.630977664e-07,1.76828972e-08,0,0,0,0,0,0,0,0,0,0,0,0,0,0
0,0,0,0,0,0,0,0,0,0,0,0,0,0,0,0,0,0,0,0,0,0,0,0,0,0,0,0,0,0,0,0,0,0,0,0,0,0,0,0,0,0,0,0,0,0,0,0,0,0,0,0,0,0,0,0,0,0,0,0,0,0,0,0,0,0,0,0,0,0,0,0,0,0,0,0,0,0,0,0,0,0,0,0,0
0,0,0,0,0,0,0,0,0,0,0,0,0,0,0,0,0,0,0,0,0,0,0,0,0,0,0,0,0,0,0,0,0,0,0,0,0,0,0,0,0,0,0,0,0,0,0,0,0,0,0,0,0,0,0,0,0,0,0,0,0,0,0,0,0,0,0,0,0,0,0,0,0,0,0,0,0,0,0,0,0,0,0,0,0
0,0,0,0,0,0,0,0,0,0,0,0,0,0,0,0,0,0,0,0,0,0,0,0,0,0,0,0,0,0,0,0,0,0,0,0,0,0,0,0,0,0,0,0,0,0,0,0,0,0,0,0,0,0,0,0,0,0,0,0,0,0,0,0,0,0,0,0,0,0,0,0,0,0,0,0,0,0,0,0,0,0,0,0,0
0,0,0,0,0,0,0,0,0,0,0,0,0,0,0,0,0,0,0,0,0,0,0,0,0,0,0,0,0,0,0,0,0,0,0,0,0,0,0,0,0,0,0,0,0,0,0,0,0,0,0,0,0,0,0,0,0,0,0,0,0,0,0,0,0,0,0,0,0,0,0,0,0,0,0,0,0,0,0,0,0,0,0,0,0
0,0,0,0,0,0,0,0,0,0,0,0,0,0,0,0,0,0,0,0,0,0,0,0,0,0,0,0,0,0,0,0,0,0,0,0,0,0,0,0,0,0,0,0,0,0,0,0,0,0,0,0,0,0,0,0,0,0,0,0,0,0,0,0,0,0,0,0,0,0,0,0,0,0,0,0,0,0,0,0,0,0,0,0,0
0,0,0,0,0,0,0,0,0,0,0,0,0,0,0,0,0,0,0,0,0,0,0,0,0,0,0,0,0,0,0,0,0,0,0,0,0,0,0,0,0,0,0,0,0,0,0,0,0,0,0,0,0,0,0,0,0,0,0,0,0,0,0,0,0,0,0,0,0,0,0,0,0,0,0,0,0,0,0,0,0,0,0,0,0
0,0,0,0,0,0,0,0,0,0,0,0,0,0,0,0,0,0,0,0,0,0,0,0,0,0,0,0,0,0,0,0,0,0,0,0,0,0,0,0,0,0,0,0,0,0,0,0,0,0,0,0,0,0,0,0,0,0,0,0,0,0,0,0,0,0,0,0,0,0,0,0,0,0,0,0,0,0,0,0,0,0,0,0,0
0,0,0,0,0,0,0,0,0,0,0,0,0,0,0,0,0,0,0,0,0,0,0,0,0,0,0,0,0,0,0,0,0,0,0,0,0,0,0,0,0,0,0,0,0,0,0,0,0,0,0,0,0,0,0,0,0,0,0,0,0,0,0,0,0,0,0,0,0,0,0,0,0,0,0,0,0,0,0,0,0,0,0,0,0
0,0,0,0,0,0,0,0,0,0,0,0,0,0,0,0,0,0,0,0,0,0,0,0,0,0,0,0,0,0,0,0,0,0,0,0,0,0,0,0,0,0,0,0,0,0,0,0,0,0,0,0,0,0,0,0,0,0,0,0,0,0,0,0,0,0,0,0,0,0,0,0,0,0,0,0,0,0,0,0,0,0,0,0,0
0,0,0,0,0,0,0,0,0,0,0,0,0,0,0,0,0,0,0,0,0,0,0,0,0,0,0,0,0,0,0,0,0,0,0,0,0,0,0,0,0,0,0,0,0,0,0,0,0,0,0,0,0,0,0,0,0,0,0,0,0,0,0,0,0,0,0,0,0,0,0,0,0,0,0,0,0,0,0,0,0,0,0,0,0
0,0,0,0,0,0,0,0,0,0,0,0,0,0,0,0,0,0,0,0,0,0,0,0,0,0,0,0,0,0,0,0,0,0,0,0,0,0,0,0,0,0,0,0,0,0,0,0,0,0,0,0,0,0,0,0,0,0,0,0,0,0,0,0,0,0,0,0,0,0,0,0,0,0,0,0,0,0,0,0,0,0,0,0,0
0,0,0,0,0,0,0,0,0,0,0,0,0,0,0,0,0,0,0,0,0,0,0,0,0,0,0,0,0,0,0,0,0,0,0,0,0,0,0,0,0,0,0,0,0,0,0,0,0,0,0,0,0,0,0,0,0,0,0,0,0,0,0,0,0,0,0,0,0,0,0,0,0,0,0,0,0,0,0,0,0,0,0,0,0
0,0,0,0,0,0,0,0,0,0,0,0,0,0,0,0,0,0,0,0,0,0,0,0,0,0,0,0,0,0,0,0,0,0,0,0,0,0,0,0,0,0,0,0,0,0,0,0,0,0,0,0,0,0,0,0,0,0,0,0,0,0,0,0,0,0,0,0,0,0,0,0,0,0,0,0,0,0,0,0,0,0,0,0,0
0,0,0,0,0,0,0,0,0,0,0,0,0,0,0,0,0,0,0,0,0,0,0,0,0,0,0,0,0,0,0,0,0,0,0,0,0,0,0,0,0,0,0,0,0,0,0,0,0,0,0,0,0,0,0,0,0,0,0,0,0,0,0,0,0,0,0,0,0,0,0,0,0,0,0,0,0,0,0,0,0,0,0,0,0
