0.002646746125007,0.0080277394664221,0.0156586008637143,0.0122252682306127,0.0147158688578593,0,0,0,0,0,0,0,0,0,0,0,0,0,0,0,0,0,0,0.0001320835496771,0.0002797828884785,2.79782888479e-05,0.0001119131553914,0.0004916185040409,0.0003237487709537,2.79782888479e-05,2.79782888479e-05,0.0001119131553914,0.0001600618385249,0.0003069478549762,5.59565776957e-05,5.59565776957e-05,0,0.0001880401273728,0.0007414246544681,0.0024061328409154,0.0010631749762185,0.002294219685524,5.59565776957e-05,2.79782888479e-05,0,0.0002518045996307,5.59565776957e-05,0.0002518045996307,0.0009042843218779,0.0001678697330871,7.61269719814e-05,0.0029750247141551,0.0008580008580009,8.39348665436e-05,0.0001398914442393,5.59565776957e-05,0.0003838881493078,5.59565776957e-05,0.0005455766325332,0.0004010221401526,0.0002238263107828,0.0001678697330871,2.79782888479e-05,0,0.0006015332102289,0,0,0,0,0,0,0,0,0,0,0,0,0,0,0,0,0,0,0,0
0.0080111532278551,0.0445258044623795,0.0761255912154432,0.0690179222288102,0.0817757878275849,0,0,0,0,0,0,0,0,0,0,0,0,0,0,0,0,0,0.0005165289256198,0.0009575751515498,0.0020102747375475,0.0006282108554836,0.0010777306231852,0.0020740929831839,0.0026125594307412,0.0007910803365349,0.001525389025389,0.0018241381877746,0.0019650392271957,0.0006806970337626,0.0006421710967166,0.0007977280704553,0,0.0016506014127579,0.0016705755342119,0.0012564217109672,0.0007678132678133,0.0020149281512918,0.0005025686843869,0.0034721114266569,0.0002951593860685,0.0025477440250168,0.0014279332461151,0.0014742014742015,0.0004480263465464,0.0018427518427518,0.0007272311712058,0.0041059728559729,0.0005025686843869,0.0006421710967166,0.0034824154142336,0.0034667932395205,0.0018105458908842,0.0022366300775392,0.0007511939330121,0.0011251954433773,0.0014425582607401,0.0009213759213759,0.0023174000446728,0,0.000446727719455,0,0,0,0,0,0,0,0,0,0,0,0,0,0,0,0,0,0,0,0
0.0153099275651295,0.0745845873446853,0.126649090816777,0.117702535480993,0.130919895408879,0,0,0,0,0,0,0,0,0,0,0,0,0,0,0,0,0,0.0015182186234818,0.006377122579693,0.0042414377940694,0.0014498303971988,0.0011653353758617,0.0015748831538305,0.0044237412658465,0.0004923952292373,0.0029489003173214,0.0009027245869351,0.0023171415460277,0.0030580139974265,0.0033592296750191,0.0014263830053304,0,0.0017765489001719,0.0034467666046613,0.0053069263595579,0.0010258233942444,0.0047962942699785,0.0025349235875552,0.0024443906022853,0.0013013302486987,0.0036040595251122,0.0011919090866459,0.0033592296750191,0.0010496797522501,0.0032256446730131,0.0030466159597127,0.0062921076078971,0.0012127512127512,0.0008753692964219,0.0045834440571283,0.0015638107743371,0.0027949472869914,0.0024746768167821,0.0020763968132389,0.0034194113141482,0.0036473720684247,0.0014498303971988,0.0005197505197505,0.0010121457489879,0.0024209432104169,0,0,0,0,0,0,0,0,0,0,0,0,0,0,0,0,0,0,0,0
0.0139924278563648,0.0791579961107681,0.137784484662584,0.120568711158924,0.157446431213377,0,0,0,0,0,0,0,0,0,0,0,0,0,0,0,0,0,0.0005924170616114,0.0014655899148349,0.0040380427821186,0.000544383245805,0.0006404508774177,0.0026487218430346,0.001665172281286,0.0028179838606379,0.0060885530079843,0.0019106784509628,0.0014762640961252,0.0053776773577281,0.0019405661585756,0.0041034602645977,0,0.003508170748885,0.0055852653601469,0.0043016950599889,0.0004803381580633,0.0054865291832116,0.0014516886554801,0.0014638877198119,0.0018054615211013,0.0058393108748559,0.0012992003513331,0.0033602322701849,0.0019331190553498,0.0044964988685368,0.0009532292129008,0.0072848237540181,0.0019106784509628,0.0010887664916101,0.0058313052388882,0.0012328679390291,0.0030923351434759,0.0019876850445571,0.0033372065362587,0.0031680970069596,0.0038693907177319,0.0014089919303189,0.0004803381580633,0.0011848341232227,0.001120789035481,0,0,0,0,0,0,0,0,0,0,0,0,0,0,0,0,0,0,0,0
0.0145353060497874,0.0809396345778141,0.132258544646189,0.135874016302751,0.156456738009028,0,0,0,0,0,0,0,0,0,0,0,0,0,0,0,0,0,0.0015337423312883,0.0026465329646953,0.0054952191455259,0.0012297573647267,0.0009064279002929,0.0029806318149876,0.0011369827320748,0.0021186831002782,0.0042677646972126,0.0031503896534571,0.0019003880467713,0.0032775320619521,0.0018681257945062,0.0018002226591184,0,0.0047902191574613,0.0048430332172663,0.0063744726321413,0.000552699939203,0.003735330422447,0.0032609296412977,0.0027516561258893,0.0009251144220469,0.0052962471674128,0.0017883790889926,0.0031632859853719,0.0035529608649883,0.0043571178540504,0.0008778931592457,0.0088183933275958,0.0034083162917519,0.0009948598905654,0.0060968725079155,0.0038182354133274,0.0032158139020744,0.0031878942921888,0.0016436243430108,0.0022504099191216,0.0027681055288417,0.0015475598297684,0.000552699939203,0,0.0011330348753662,0,0,0,0,0,0,0,0,0,0,0,0,0,0,0,0,0,0,0,0
0,0,0,0,0,0.100683835643714,0.0997045248116105,0.0939028880911626,0.091363579161948,0.0785110931604626,0.0824837880813972,0.0820312652668823,0.0785601159407547,0.0484644201505632,0.0471584606215023,0.0312921581725605,0.0283558199577196,0.0269147783835171,0,0,0,0,0.0019839022969806,0.0025079789174765,0.0019713897394363,0.0013120600466859,0.0036866310313799,0.0026145108272309,0.0038265656446837,0.0037206704857632,0.0028033331782783,0.0019192820918737,0.0023252850281142,0.0033609883804551,0.0012134365573278,0.0009431736722231,0.0029374403317967,0.0042013653352001,0.0044157499981877,0.0015904549725359,0.0033918253575241,0.0023861793323298,0.0022789688119328,0.0022056790628596,0.0014233513713443,0.0015444023811961,0.0037055208835693,0.0025670524834542,0.0041772283873988,0.0021369825695123,0.0018282799768989,0.0050225814484769,0.0014593711656751,0.0042674234960178,0.0034413474889003,0.0024609763866867,0.0016091975474954,0.0034269450076682,0.0028312078993183,0.0033203785591757,0.0012728675363648,0.0018273624574889,0.0006337768548179,0.002013904369222,0.002006243185248,0,0,0,0,0,0,0,0,0,0,0,0,0,0,0,0,0,0,0,0
0,0,0,0,0,0.106497047183204,0.101130515822646,0.0958548575453843,0.0926346638093995,0.0814426015316376,0.0860383939719071,0.0821945161255955,0.0810392447379475,0.0481328197466154,0.0441025672314569,0.0256457735198172,0.023061451237746,0.022067813841552,0,0,0,0,0.0020030193507492,0.0021370262037537,0.0020410193201202,0.0012390676136518,0.0036606727608922,0.0024961172271694,0.0038149731138787,0.0035543321863886,0.0030693988704006,0.0020329802323576,0.0024021306722057,0.0038748282444275,0.0011268517280618,0.000990509321408,0.0026994310768127,0.0042170714859841,0.0046050337026961,0.0014888290902783,0.0033339965974268,0.0022947834560845,0.0026624140607042,0.0024138491815974,0.001749821117977,0.0013388171392825,0.0034374406138801,0.0024349561330613,0.0040911894808914,0.0020494014400108,0.0020319925507974,0.005247213372248,0.0014387809494523,0.0039638225150804,0.0034466270262827,0.0024746056103921,0.0014991957317926,0.0032383734355952,0.0029672460180834,0.0030255826976425,0.0012085784368056,0.0014373423482395,0.0007214145604485,0.001993046766971,0.0022039502531077,0,0,0,0,0,0,0,0,0,0,0,0,0,0,0,0,0,0,0,0
0,0,0,0,0,0.102545691223931,0.0980008618187884,0.0929587262206496,0.0896290701159173,0.0798905056291503,0.0848827341777279,0.0823193433972036,0.0778984930178059,0.0507743527425446,0.0479313629768713,0.0292825724848194,0.0272582322052121,0.0259869607550966,0,0,0,0,0.0021308643837427,0.0027249320629234,0.0016231771821211,0.0011852638225196,0.0036986326904612,0.0025163081960684,0.0040905779356247,0.0032647971739549,0.0028865446014606,0.0020702061694709,0.0026824932898665,0.0032645752035192,0.0013395233890353,0.0010588325979155,0.0030905753562854,0.0044758033606923,0.0046643835264992,0.0018075109587135,0.0032116861558053,0.0020263118726696,0.0026938712332952,0.0020517901165595,0.0013025459746131,0.0014728601251662,0.0035159400379135,0.0022323150070038,0.0037588722214931,0.0021785289583131,0.0020832029005938,0.0047431646321427,0.0014075652825297,0.0041428654682424,0.0032260887158409,0.0025158328443539,0.0019067110502551,0.0031062791435344,0.0027315492260064,0.0038054633433836,0.001124507328406,0.0019087157438005,0.0006537912000531,0.0022921997805001,0.0019734329709321,0,0,0,0,0,0,0,0,0,0,0,0,0,0,0,0,0,0,0,0
0,0,0,0,0,0.103908319305946,0.0986343182012,0.0933442647321211,0.0892098975325525,0.0777630492306644,0.0825680717797415,0.0820237980915604,0.0816738046543302,0.050807571931455,0.0490081314192361,0.0285791053340081,0.0263089097395406,0.0256847183675399,0,0,0,0,0.0018454932578884,0.0023875348045593,0.0019234769339906,0.0013941595615392,0.0038761599743359,0.0023249362736386,0.0041659160914169,0.004238110803189,0.0026951235180158,0.0020443875679959,0.0025086107039076,0.0035441704137743,0.0012658755401197,0.0008631112549869,0.0027080512836213,0.0042121157364346,0.0043560930294508,0.0018767558213645,0.0031666097384533,0.0022841116757171,0.0023399588744707,0.0025275133989467,0.0014616793908949,0.0013966401477736,0.0038601165233435,0.0022463038923116,0.0038536429205862,0.0018360529642035,0.001984357096848,0.0050035038039563,0.0016619394860215,0.0039679501238501,0.0032305513353078,0.002468850050431,0.0014387783282313,0.0034250112842458,0.0028706783312311,0.0033696796388084,0.0014373476894518,0.0017182625474967,0.0004224108587891,0.0020438251382916,0.0022401818702132,0,0,0,0,0,0,0,0,0,0,0,0,0,0,0,0,0,0,0,0
0,0,0,0,0,0.0962747762498409,0.0934997464511259,0.0897094504550794,0.0838450754274761,0.0817835817739879,0.0895616697782516,0.0841892580336566,0.0847095412482617,0.0497489829917205,0.0491233369041832,0.0312578350597198,0.0280768152591255,0.0274280070055896,0,0,0,0,0.0018590461905179,0.0024533080717723,0.0010020089041048,0.0012830936540633,0.0038938587997866,0.0027563065652412,0.0041845936450119,0.0031019722594002,0.0032846400120159,0.002138521699013,0.0025022101392869,0.0035932076643649,0.0012640621312751,0.0010169676682267,0.0024895166504822,0.0040197812677085,0.0039465944659702,0.0015421638690496,0.0032211723480938,0.0023769286496755,0.0026519884725109,0.0017878833280022,0.0016329386522781,0.001791398802789,0.0033357503845601,0.0025333074453181,0.0045032279667756,0.0022749169917489,0.002033491431806,0.0044050789937421,0.0017455875612645,0.0039428446033426,0.0034587324861016,0.0029673955213469,0.0019589639485781,0.003725972325429,0.0025832491861674,0.003255641455764,0.0014446214759901,0.0019005874549819,0.0006729783581072,0.002266532290929,0.0019888795693876,0,0,0,0,0,0,0,0,0,0,0,0,0,0,0,0,0,0,0,0
0,0,0,0,0,0.0963042100205675,0.0940472870278027,0.0907522849453367,0.0847640311355857,0.085274143033548,0.088071795083632,0.0857653079982428,0.0843917055439504,0.0508633562553586,0.0493090587611823,0.0301258720544085,0.0252325244215258,0.0246245904603841,0,0,0,0,0.0019691585130937,0.0023369524929207,0.0010135743866118,0.001298213410552,0.0037722008126601,0.002503719252722,0.0043136567474789,0.0031876073063567,0.0032021156475251,0.0021553990016625,0.00236873366891,0.0034465082429063,0.0013215253285179,0.000972549352624,0.002414360281043,0.0045287246026184,0.0045247142217863,0.0016999006176509,0.0033261012970063,0.0021806047826397,0.0027411663328242,0.001891181049861,0.0017828096952551,0.001547624763913,0.00368272061395,0.0024431873308914,0.0041759941064233,0.0022349810505414,0.0021547117051503,0.0041713843406763,0.0014109617561388,0.0039709156397018,0.0033856384788509,0.0028756303881513,0.0018417386316858,0.0033881861577412,0.0026833424704545,0.0033306182988633,0.0014233312115193,0.0017714179721394,0.0005080838211117,0.002196661379605,0.0023252260957397,0,0,0,0,0,0,0,0,0,0,0,0,0,0,0,0,0,0,0,0
0,0,0,0,0,0.0957758655642589,0.089845601403244,0.0880116384193507,0.0842052820833572,0.0801589212128964,0.0857653079982428,0.0827346911077488,0.0815584112111728,0.055622176076194,0.051731559973262,0.0333658502529453,0.0310703071858262,0.0293421652973502,0,0,0,0,0.0023716874875693,0.0025369681049663,0.0009201096397072,0.0013568574996368,0.0038124643751869,0.0027172086174398,0.0040833508857426,0.0036958156860854,0.0028721743457563,0.0020484166934647,0.0025584427176574,0.0029140838142368,0.0013147627954018,0.0009222733631929,0.0022967757335274,0.0044441254054998,0.0040344838982648,0.0018867083424394,0.0035616292491193,0.0022300783312334,0.0024583527908765,0.0018001545756043,0.00159306463882,0.0014628938068829,0.0038898006118772,0.002521683005562,0.0039276354938372,0.0020477233221651,0.0022245731085075,0.0045720856229166,0.0015288017934047,0.004141382365803,0.0032574020930358,0.0027835399086991,0.0016878887807418,0.0033078191707815,0.0025200718501575,0.0040004100880033,0.0015772520884501,0.0019497466866564,0.0005706069158308,0.0021708130575483,0.002240103451861,0,0,0,0,0,0,0,0,0,0,0,0,0,0,0,0,0,0,0,0
0,0,0,0,0,0.0950079639063121,0.0917551779264365,0.0862677525982313,0.0868487289161748,0.0835427431594426,0.0874139980289954,0.0844792358550991,0.0883833676137961,0.0540877816508741,0.0517692497073612,0.0291650587305582,0.0265197334243666,0.0245604106781944,0,0,0,0,0.0019307306559833,0.0019624851373429,0.0007601450731228,0.0014368641947828,0.003700188061989,0.0023839290850181,0.0045615420932679,0.0034724176604535,0.0031539207765322,0.0017967287404588,0.0023181970454679,0.0034630350504293,0.001333693655894,0.0011018727610734,0.0020496498466169,0.0039795509644392,0.0039031094087883,0.0017856075611613,0.0030165187031112,0.0026252592885762,0.0027379859392652,0.0021638592643048,0.0017389131003992,0.0014954889892893,0.0035146875284357,0.0024970485981562,0.004179035357449,0.0021619329347119,0.0022014392863327,0.0047154006652787,0.0022010362825435,0.0036091302082017,0.0034295064545906,0.0033191564856257,0.0013562660215275,0.0037623770447041,0.0026793410943902,0.0033396364228755,0.0019424225864814,0.0015793378930724,0.0006670369345701,0.0019550184218817,0.0022172945255613,0,0,0,0,0,0,0,0,0,0,0,0,0,0,0,0,0,0,0,0
0,0,0,0,0,0.0586112408983395,0.0544974901263331,0.0562294484917436,0.0540267844780761,0.04906373529211,0.0526849089587186,0.0576141548337437,0.0540877816508741,0.107885585685249,0.109959234077738,0.0805013276588735,0.0750723694486864,0.0733054270747387,0,0,0,0,0.0028315607707298,0.0026980888519693,0.0017958117323478,0.0012012711475986,0.0021856419490228,0.0036890459235839,0.002639425457682,0.0021805441333408,0.0025772904310618,0.001507578978901,0.0038826754461089,0.0033044191150225,0.0023011002957934,0.0010114056584662,0.001502334492481,0.0042143445087847,0.0021823241986246,0.0019785293214411,0.0034856953026059,0.0042019334514965,0.0027962079343334,0.0026965580640688,0.0030548948174864,0.0026459188252226,0.0047564728404207,0.0049941120639864,0.0024977177065267,0.0021638649942637,0.0026243336670147,0.0031957588418998,0.0015373681642747,0.0043180236563415,0.0027252722074858,0.0027013689907301,0.0022852288214382,0.0027291847714043,0.0023521975443891,0.0046362372096022,0.0028393795895193,0.0016264789184447,0.0018741159062976,0.001882485930968,0.0021563086915948,0,0,0,0,0,0,0,0,0,0,0,0,0,0,0,0,0,0,0,0
0,0,0,0,0,0.0544804321390513,0.0477004082424442,0.0507063366229007,0.0497819440205924,0.0462793542413094,0.0487900160373804,0.0511870172367013,0.049453256957295,0.105040005184786,0.119490025114531,0.0907718114146034,0.083789571681195,0.0844618195707507,0,0,0,0,0.0028635590310982,0.0035116099407672,0.0025744280408962,0.001210456618316,0.0022476449163001,0.0036897508998708,0.0022688868983396,0.0021875061050201,0.0027693138637162,0.0019619687869833,0.0042751579231808,0.0041804481551958,0.0021592142898167,0.001065761462001,0.0017675166506783,0.0032621790571369,0.0024547549445842,0.0018231650806453,0.0033759464529304,0.0039284101131868,0.002826905962799,0.0029353542270454,0.0033437701299082,0.0029896409563402,0.0037530342058778,0.0052928044734873,0.0026339694149256,0.0023177988443511,0.001729875773408,0.0027163737895287,0.0013760245051259,0.0041548822239466,0.0029000507910014,0.0026146679448642,0.0030314812032145,0.0033802818823013,0.0022544622817485,0.0039207201267069,0.0027772738797765,0.0019209331005889,0.0018213858682492,0.0015903586148235,0.0022082721057755,0,0,0,0,0,0,0,0,0,0,0,0,0,0,0,0,0,0,0,0
0,0,0,0,0,0.0361506774677739,0.0277379287280128,0.0309778793128879,0.0290303543655977,0.0294481709246834,0.0298087576117305,0.0330146307765985,0.0278603061031385,0.0768999524741344,0.0907718114146034,0.0817650442222578,0.0777698226589847,0.0770835399301651,0,0,0,0,0.0020488420976993,0.002528834839977,0.0018636813853398,0.0010600798656235,0.0015334271983095,0.0034080320830296,0.0014671118355329,0.0016866607724079,0.0017823800589217,0.0011930973183181,0.002999706458638,0.0032377489128231,0.0020824059501745,0.0008015424467208,0.0013987119782887,0.0024883888270877,0.0016049908231619,0.0011045939815155,0.0029886749710855,0.0037845961385145,0.0012292475204321,0.0017574868389428,0.0022530729133465,0.0027364285971983,0.003296760880579,0.0047876163832784,0.0020924211740928,0.0022240501279168,0.0009769616348564,0.0014878073112624,0.0009396227227382,0.0032196029292889,0.0022475149489446,0.0017129349987469,0.0023684405505698,0.002720330442485,0.001425882455326,0.0026783012474443,0.0020181737904538,0.0018158844090606,0.0018040500618583,0.0008820110002163,0.0007851183903815,0,0,0,0,0,0,0,0,0,0,0,0,0,0,0,0,0,0,0,0
0,0,0,0,0,0.0328448679721344,0.0250085922393499,0.0289124257163463,0.0267948262782656,0.026521107817327,0.0250327946767643,0.0308243680788144,0.0254001668418076,0.0719030873611429,0.0840106523452615,0.0779750200802485,0.0781511557288351,0.0790817982429353,0,0,0,0,0.0020919593995166,0.0023036458445947,0.0015401568962699,0.0011563036915783,0.0017230731041693,0.0030447757232599,0.0012239742972793,0.0013449516283272,0.0019304556235314,0.0010781278055208,0.0030512304262226,0.0028612739523663,0.0020978220105601,0.0004604133094863,0.0012048988522202,0.0023842480291411,0.0016344521764634,0.0011845915599199,0.0029131716050127,0.0034106231461762,0.0015199030162626,0.0017660663491603,0.0022303037677548,0.0026616424075157,0.0028145795966536,0.0036651684063891,0.0020805635367592,0.0022190807292835,0.0007391560678242,0.0017792516099758,0.0010402321613386,0.0024172355720488,0.0023670613652732,0.0019571420445971,0.0021970460045973,0.0027306751732648,0.0011770594976189,0.0027422607051904,0.0021771478869487,0.0019147724639372,0.0018648059025729,0.0009737817584178,0.0004339723600937,0,0,0,0,0,0,0,0,0,0,0,0,0,0,0,0,0,0,0,0
0,0,0,0,0,0.0332833456629972,0.0255489337714869,0.0294274879536587,0.0279276092672405,0.0276597929802848,0.026081256374942,0.0310778990191653,0.0251138847216466,0.0749573803609299,0.0904098350334796,0.0825119582351063,0.0844281733354155,0.08017829538904,0,0,0,0,0.0020646554396047,0.0024824332983226,0.0017662677511045,0.0011700508513737,0.0017667743323051,0.0031813391709796,0.0012921452909206,0.0015097814559011,0.0019385681734536,0.0012999076391688,0.0034459950104596,0.0032012019111649,0.0022532282677842,0.0004348237073447,0.0012159403473091,0.0024533529586777,0.0016942953844348,0.0012327738924422,0.0029319203322916,0.0036821291689376,0.0014081318553663,0.0019297410232149,0.0022082968072412,0.0026555124241196,0.0030557427709179,0.0038995994431621,0.0022134212165455,0.0021410508886097,0.000757947910428,0.0016950317491426,0.000968773168414,0.0027719956588735,0.0024484576456108,0.0018760251700574,0.0024849703854134,0.0029723591115494,0.0011683254929178,0.0028878740658454,0.0022502291477613,0.0019068460008767,0.0018563666092305,0.0010387165362922,0.0005417118093174,0,0,0,0,0,0,0,0,0,0,0,0,0,0,0,0,0,0,0,0
0,0,0,0,0,0,0,0,0,0,0,0,0,0,0,0,0,0,0.0077699517211886,0.0072340929817963,0.0087746868575492,0.0097124396514857,0.0103822630757261,0.0106501924454223,0.0117888922666309,0.0095114926242136,0.0083058104605809,0.010181316048454,0.0117888922666309,0.0093105455969415,0.0121238039787511,0.0088416691999732,0.0081718457757328,0.008506757487853,0.0070331459545241,0.0091765809120934,0.0058274637908914,0.006832198927252,0.0072340929817963,0.0062963401878597,0.0057604814484674,0.006832198927252,0.0058944461333155,0.0052246227090751,0.005090658024227,0.0075690046939165,0.0072340929817963,0.0079708987484607,0.0068991812696761,0.0062963401878597,0.01011433370603,0.0004688763969683,0.0007368057666644,0.0005358587393923,0.0007368057666644,0.0004688763969683,0.0009377527939366,0.0002679293696962,0.0004688763969683,0.0005358587393923,0.0004018940545442,0.0006698234242404,0.0002679293696962,0.0006028410818164,0.0004688763969683,0,0,0,0,0,0,0,0,0,0,0,0,0,0,0,0,0,0,0,0
0,0,0,0,0,0,0,0,0,0,0,0,0,0,0,0,0,0,0.0079518358886063,0.0072721917955631,0.0089033376188669,0.0098548393491275,0.0105344834421708,0.0108063410793881,0.0119617360375617,0.0096509461212145,0.0084275867537366,0.0103305902142578,0.0119617360375617,0.0094470528933015,0.0123015580840833,0.0089713020281712,0.008291657935128,0.0086314799816496,0.0071362629769544,0.0093111240746929,0.0059129036094765,0.0069323697490414,0.0073401562048674,0.0063886544746068,0.0058449392001722,0.0069323697490414,0.0059808680187808,0.0053012239257376,0.0051652951071289,0.007679978251389,0.0073401562048674,0.008087764707215,0.0070003341583457,0.0063886544746068,0.0102626258049535,0.0004757508651303,0.0007476085023476,0.0005437152744346,0.0007476085023476,0.0004757508651303,0.0009515017302606,0.0002718576372173,0.0004757508651303,0.0005437152744346,0.000407786455826,0.0006796440930433,0.0002718576372173,0.0006116796837389,0.0004757508651303,0,0,0,0,0,0,0,0,0,0,0,0,0,0,0,0,0,0,0,0
0,0,0,0,0,0,0,0,0,0,0,0,0,0,0,0,0,0,0.0091439187302678,0.0084405403664011,0.0101599097002976,0.0113322069734088,0.0121137384888163,0.0124263510949793,0.0137549546711721,0.0110977475187866,0.0096909907910531,0.0118792790341941,0.0137549546711721,0.0108632880641643,0.0141457204288759,0.0103162160033791,0.0095346844879716,0.0099254502456753,0.0082060809117788,0.0107069817610828,0.0067993241840453,0.0079716214571566,0.0084405403664011,0.0073463962448306,0.0067211710325046,0.0079716214571566,0.0068774773355861,0.0060959458201785,0.005939639517097,0.0088313061241048,0.0084405403664011,0.0093002250333493,0.0080497746086973,0.0073463962448306,0.0118011258826533,0.0005470720607853,0.0008596846669483,0.000625225212326,0.0008596846669483,0.0005470720607853,0.0010941441215705,0.000312612606163,0.0005470720607853,0.000625225212326,0.0004689189092445,0.0007815315154075,0.000312612606163,0.0007033783638668,0.0005470720607853,0,0,0,0,0,0,0,0,0,0,0,0,0,0,0,0,0,0,0,0
0,0,0,0,0,0,0,0,0,0,0,0,0,0,0,0,0,0,0.0089669673098147,0.0082772005936751,0.0100399377571429,0.0110362674582334,0.0118793156668485,0.0121858786517994,0.0134887713378409,0.010882985965758,0.0095034525334788,0.0116493934281353,0.0134887713378409,0.0106530637270448,0.0138719750690295,0.0101165785033807,0.0093501710410033,0.009733374772192,0.0080472783549619,0.0104997822345693,0.0066677449226827,0.0078173561162487,0.0082772005936751,0.0072042301463468,0.006591104176445,0.0078173561162487,0.0067443856689204,0.0059779782065431,0.0058246967140676,0.0086604043248637,0.0082772005936751,0.0091202488022901,0.0078939968624864,0.0072042301463468,0.0115727526818976,0.0005364852236641,0.0008430482086151,0.0006131259699019,0.0008430482086151,0.0005364852236641,0.0010729704473283,0.0003065629849509,0.0005364852236641,0.0006131259699019,0.0004598444774264,0.0007664074623773,0.0003065629849509,0.0006897667161396,0.0005364852236641,0,0,0,0,0,0,0,0,0,0,0,0,0,0,0,0,0,0,0,0
0,0.0005307855626327,0.0015923566878981,0.0005307855626327,0.0015923566878981,0.0018491148797759,0.0017478576500168,0.0018186995377167,0.0015124424576325,0.0014130329855741,0.0015719821675653,0.0018933216461275,0.0014880153463311,0.0021822856895434,0.0023103024030092,0.0016529936244708,0.0016833388798658,0.0015561628047976,0.0092801120061161,0.0085662572364149,0.0103905527589847,0.0115009935118533,0.0123003439426498,0.0127019641308744,0.0140114514390556,0.0112707906162979,0.0098830098607708,0.0120916619382797,0.0139971102097183,0.0111252741355761,0.0144523019332782,0.0105083363133097,0.0097264376362435,0.0101931138443042,0.0083468866992805,0.0109234530461823,0.0069368433551554,0.0081718054009858,0.0086509386461429,0.0075015512092591,0.0069379933377653,0.0081058514453041,0.0070510478657647,0.0062549966807602,0.0061077349497673,0.0090004953259065,0.0086271730357763,0.0095029992699047,0.0082480663948144,0.0075290134087735,0.0120112684295614,0.000680495684165,0.0009118200750877,0.0007238890181703,0.0009705433609124,0.0006299339821692,0.0012298447471903,0.0003477178812135,0.0006122677868919,0.0007690951797669,0.0005156599694519,0.0008864163217749,0.0003477178812135,0.0007403060135075,0.0006116678498678,0,0,0,0,0,0,0,0,0,0,0,0,0,0,0,0,0,0,0,0
0.0001241174211946,0.0009016855512648,0.0061289855143353,0.001203266428133,0.0025178105442335,0.0021420286863272,0.0017087894352972,0.0021311725472669,0.0017929736080932,0.0017087242990165,0.0017095216679731,0.0018558365904034,0.0013859574024426,0.0019054596367021,0.002596131862824,0.0018695666132126,0.0016986026752945,0.0017145210523434,0.0087232121002389,0.0080521957848359,0.0097670152575324,0.0108108184148259,0.0116393484545562,0.0118724627261864,0.0132181106277707,0.0106332951921803,0.0093579598176618,0.0114628552600753,0.0131974227816278,0.0104149715340679,0.0135337556527825,0.0099586217751622,0.0092484754550616,0.0095693026206479,0.0078787154372726,0.0102748711389531,0.0065848060634183,0.0077506874477076,0.0081432264532128,0.0070969358942568,0.0065258895067188,0.0076866148776642,0.006657830229102,0.0058512156425616,0.005724551809138,0.0085007563549056,0.0081469410311453,0.009004867631474,0.0078201041205356,0.0070965064217436,0.0113226310420877,0.0006619288890951,0.000869405300653,0.0006941396041454,0.0009479231551207,0.0005675743384344,0.0012070866329227,0.0004136449765789,0.0006102112573625,0.0006850735633589,0.000470027902614,0.0008513018243971,0.0003261312703882,0.00074106730055,0.0005813851282637,0,0,0,0,0,0,0,0,0,0,0,0,0,0,0,0,0,0,0,0
0.0002530620508149,0.001822046765867,0.0039237270978844,0.0031911124607754,0.0050321388804535,0.0016206743363531,0.001570896892452,0.0012219423730574,0.0013903784579033,0.0006717587784074,0.0007136778452547,0.0006478674616665,0.000516727830606,0.0012207484247982,0.001831989991649,0.001326215218032,0.0010931076098995,0.0011742042165582,0.0092942390341791,0.0085792975700115,0.010406370200662,0.011518501367145,0.0123584150333243,0.0127230503046333,0.0140099346331524,0.0112870220682961,0.0098702346586743,0.0121621732536493,0.0140019757867804,0.0111240792841002,0.0144125710492651,0.0105460972107511,0.0097411744676762,0.0102095237375517,0.008360913789876,0.0108908005900072,0.0069834207313464,0.0081260990234576,0.0087373170039835,0.00752559039054,0.0068813752354383,0.0082131558528383,0.0070281446782016,0.0062662584776903,0.0061057655285621,0.0090812079516629,0.0086079985818585,0.0096169169923017,0.0082039952135271,0.0075018259358521,0.0120117235836077,0.0007150652674825,0.0008991235501752,0.0006809247067662,0.0009378232891836,0.0005716919328993,0.0012441487310452,0.0003838951037495,0.0006240818027049,0.0006721537361729,0.0005527520512735,0.0008649218560474,0.0003446085476091,0.0007280369828811,0.0005945475027568,0,0,0,0,0,0,0,0,0,0,0,0,0,0,0,0,0,0,0,0
2.58384579608e-05,0.0005813653041187,0.0013694382719239,0.0004392537853341,0.0011498113792569,0.0011013276491303,0.0009737223503076,0.0009110440853784,0.0010289590645394,0.000878293552877,0.0009333235991731,0.0009754845504081,0.0009972881504898,0.0008337694580847,0.0008794904683749,0.0007702301126901,0.0008379332678933,0.0007942027767451,0.0076564787663364,0.0070675188612336,0.0085726386187185,0.0094887984711006,0.0101501766353276,0.010450313056942,0.0115244164139008,0.0092270385132772,0.0081741585927254,0.0100111777604916,0.0115619697757622,0.0091654270450834,0.0118695188049661,0.0086577784749106,0.0080549643285873,0.0083777698146479,0.0068844461654493,0.0089911170134145,0.0057065263552437,0.0067381697655267,0.0071120758682894,0.0061835001335105,0.0056666509704692,0.0067616645303056,0.0058040738055755,0.0051588676236864,0.0049866610957031,0.007431839735319,0.0071250634230567,0.0078377269446375,0.0068133486589317,0.0062043759032061,0.0098814384078358,0.0004964563899821,0.0007384515945537,0.0005421316261861,0.0007760220436842,0.0005069328441668,0.0009161598523821,0.000386324979525,0.0005275172806369,0.0005785197131043,0.0003989089396503,0.000713185491839,0.0002926372572405,0.0006021818021601,0.0004650328203333,0,0,0,0,0,0,0,0,0,0,0,0,0,0,0,0,0,0,0,0
0.0001017967119662,0.0009823382704739,0.0010841349824401,0.000508983559831,0.0008347330381229,0.0030478926982595,0.0028334020804646,0.0028000948052079,0.0028176982110992,0.0026252381362026,0.0026710875810926,0.0026995981263093,0.0025295070932241,0.0014941394114789,0.0016084841208927,0.001097367863197,0.0012298393719024,0.0011811768134997,0.0065852094235491,0.0060786548525068,0.0073731832007259,0.0081611569779027,0.0087662855827176,0.0090583641172847,0.0099259986962939,0.0080510074274866,0.0070140547463608,0.0086877060884695,0.0100570917486315,0.0079687583615599,0.0102550384173942,0.0075369836178218,0.0069510138418256,0.0072461096765714,0.0059601021396159,0.0077238741044417,0.0049730895662895,0.0058907504990762,0.0061891773735555,0.0054005169047537,0.0049603027177122,0.0058085462381251,0.0050101091890167,0.0044515768164213,0.0043337854466865,0.0064071492406182,0.0061772383544167,0.0067771590273681,0.0058985220720775,0.0053692346956994,0.0085165197039408,0.0006159112682427,0.0006885208458971,0.0005643649104655,0.0006929044094916,0.0004522841356762,0.0008626322046961,0.0003241763445537,0.0005240042923117,0.0005178617189079,0.0003741809010902,0.0006350234498643,0.0002518694925859,0.0006092604313219,0.0004784233589048,0,0,0,0,0,0,0,0,0,0,0,0,0,0,0,0,0,0,0,0
0.0004232651291475,0.0017894135541194,0.0013867955044426,0.0019924431689138,0.002598090833385,0.0020459362801326,0.0018287062038621,0.0018031299372897,0.0015996887729492,0.0017589264712235,0.0016780720838208,0.0018211594298705,0.0015425423491294,0.0023870297152602,0.0024992965097164,0.0023084709296814,0.002056987520705,0.0020131468907269,0.0076405241647043,0.0070527915366502,0.0085547749194553,0.0094690256742062,0.0101518231246519,0.0105025090974665,0.0115768280168427,0.0093330587678023,0.0082231228751823,0.0099518532281447,0.0115757766363604,0.0091342613155727,0.0118699609339667,0.0087008129385597,0.0081253545588684,0.0083690408829815,0.0069376275318157,0.0089978326760743,0.0057464699965879,0.0067956347604044,0.0071528947622097,0.0062594904565616,0.0057302554225745,0.0068112607678251,0.0058259948310137,0.0051405684275388,0.0050214052816596,0.007521279249746,0.0072134535732836,0.0079705454165884,0.006793452867931,0.0062540864827893,0.0099397252875525,0.0006246748071549,0.0007925390973171,0.0006007282971547,0.0007793980504898,0.0005288530494895,0.0009873577797296,0.0004157517086645,0.0005267644627599,0.0006321249416024,0.0004295571824176,0.0007162002820698,0.0003283159620798,0.0006416243239806,0.0004974089203328,0,0,0,0,0,0,0,0,0,0,0,0,0,0,0,0,0,0,0,0
0.0002323486721704,0.0018788688922418,0.003247144406134,0.0010441347737039,0.0008261286121613,0.0024960807102766,0.002329797845177,0.0024434061368813,0.0023893664357904,0.0022259799775843,0.0024100073358872,0.002281337196195,0.0024603860027582,0.0014236425574124,0.0012810951283344,0.0008283840973291,0.0006892812164471,0.0006815922411245,0.0073746265144898,0.0068073475518367,0.0082570604563945,0.0091394943982993,0.0097958973384507,0.0100794581125657,0.0111100372513236,0.0089850077157855,0.0079350902206884,0.0096493472407105,0.0110606070677367,0.0088541193018981,0.0114967908173945,0.0083797535320317,0.0077470694205713,0.0080854007334231,0.0066785518162183,0.008659673716009,0.0055469904201634,0.0065603527827385,0.0069340259521671,0.0060294661382387,0.0055141429612163,0.0064840240476332,0.0056041336683923,0.0049526800888246,0.0048306641989936,0.0071817759228025,0.006917334626717,0.0075743674707123,0.0065742418494789,0.0059687661426141,0.0095906014305524,0.0005588926592024,0.0007476035118206,0.0005925182978249,0.0007680946776822,0.0005297258455252,0.0009212602591399,0.0003561190180351,0.0005194597141538,0.0006357538163558,0.0004317960721097,0.0006617000641877,0.0002824509748392,0.0006447668581073,0.0005129111933186,0,0,0,0,0,0,0,0,0,0,0,0,0,0,0,0,0,0,0,0
2.2788387038e-05,0.0006456709660757,0.0004101909666834,0.002005378059341,0.0017471096729107,0.002754425536678,0.002463457889723,0.0022132351836928,0.002758702816241,0.001872691515793,0.0020211472971166,0.0023433839763375,0.0021256114852355,0.0013348018893806,0.0014017745698274,0.0010808281509528,0.0008595896579022,0.0009038320688784,0.0066100163512856,0.0061015535550329,0.0074009584787899,0.0081919006062941,0.00883643190195,0.0090274795421769,0.0100172990517867,0.0080835047969285,0.0071355998144828,0.0086413500810055,0.0100486041992874,0.0078874683519619,0.0102808949831475,0.0075147647587457,0.0069479228438361,0.0073103015379826,0.0059527431029528,0.0077582778180499,0.0049599744960344,0.0058643424319999,0.0062006474697837,0.0053794801918509,0.0049448856642939,0.0058192807620515,0.0049772950912376,0.0045290022167196,0.004336681865733,0.006454841595373,0.0062386318671666,0.0068017840015166,0.0059018697649456,0.0053522172428988,0.0085634625208334,0.0005392218107849,0.0006644860253002,0.0005886966188569,0.0007473456402003,0.000424434332753,0.0008291090546839,0.0003321740429559,0.0004772127782329,0.0005475670715613,0.0003811668049789,0.0006566559616655,0.0002259834650012,0.000536359924807,0.0004553186681673,0,0,0,0,0,0,0,0,0,0,0,0,0,0,0,0,0,0,0,0
2.35017626322e-05,0.0012839796318057,0.0025334900117509,0.0044684684684685,0.003629455542499,0.0021402839395899,0.0021939529317125,0.0020180711822386,0.0018092481355723,0.0020450454335682,0.0020939051886425,0.0018781522678337,0.0019910838989238,0.0016270546547399,0.0018301552490646,0.0011779207345917,0.0012724220544668,0.0011968551331757,0.0088767330000943,0.0081939073847024,0.0099389061795928,0.0110010793590912,0.0118383203662157,0.0120980007052699,0.0133848920701001,0.0107961014521691,0.0094703050428458,0.0115809531894875,0.0134562438610548,0.0106027316956634,0.0136972550697217,0.0100610956856628,0.0093128008006573,0.0097553063001467,0.0080213197268586,0.0104388114558287,0.0066684686530788,0.0078427510892265,0.008323940641545,0.0071787377304684,0.0066427255543871,0.0077875996674868,0.0067895051353044,0.0059933326251214,0.0058510317141814,0.0086461536747138,0.008234810079062,0.0091065741499766,0.0079425029305303,0.0071800623025112,0.0115081989764679,0.0006320182879579,0.0009114787814353,0.0006958075101106,0.0009549140524109,0.0006281563264713,0.0011121934345085,0.0003762443906488,0.0005664814459647,0.0006863620808021,0.0005403497680213,0.0008296265092308,0.000338973816916,0.0007300190076796,0.0006066483582107,0,0,0,0,0,0,0,0,0,0,0,0,0,0,0,0,0,0,0,0
9.90000990001e-05,0.0016170016170016,0.0008167508167508,0.0014767514767515,0.0028215028215028,0.0015431590445651,0.0015303202847966,0.0015242177291709,0.0014452996359825,0.0014021808942246,0.001484304074405,0.0014106312760856,0.001194528448327,0.0010022915189397,0.0013654727821495,0.0008303607709906,0.0007483707661033,0.0008451780437819,0.0068174775333127,0.0062930561845963,0.0076332440757603,0.008449010618208,0.0090648835230199,0.009374966286508,0.0103143148544709,0.0082930735208392,0.0073299236283212,0.0089398462610476,0.0103288903425959,0.0081616401134362,0.0105954762257437,0.0076460517808757,0.0071581756144284,0.0074598861070701,0.006137692649674,0.0080077813139524,0.005110954931294,0.0060195590549937,0.0064460626816995,0.0055441589851766,0.0050835565129667,0.0060257055962553,0.0051741153611325,0.0045852354967278,0.0044649351987855,0.006603869090103,0.0063324556554339,0.0070156144191945,0.0060613241856928,0.0055033673805112,0.0088309609279871,0.0004701855233569,0.0006785154369193,0.0005628483789029,0.000711850104924,0.0004473778754221,0.0009136396855306,0.0003096362125162,0.0004579467661952,0.0005435693241402,0.0004143487583266,0.0006328060493491,0.0002457072020989,0.0005664839364452,0.0004797639327965,0,0,0,0,0,0,0,0,0,0,0,0,0,0,0,0,0,0,0,0
0.0001564977085173,0.0019252611051877,0.0023171415460277,0.0012611000983094,0.0018811533499416,0.0020663970189112,0.0019985338183736,0.0021829196407416,0.0019601694973853,0.0018133425705763,0.0018029227925307,0.0019473167243708,0.0017034524848276,0.0028530590828695,0.0032885830178314,0.0023074665066446,0.0023409237480533,0.0024763729326178,0.0069642653270921,0.0064285526096235,0.0077975962209322,0.0086309271147723,0.0092735873009528,0.00962290765972,0.0105299335338848,0.0085278266069861,0.0074716363360514,0.0092273763310227,0.0105542059110213,0.0083403203368316,0.0108397985027894,0.0079116677843682,0.0073068348276962,0.0077634499664336,0.0063164333743091,0.008154738032578,0.0052472707046975,0.0062945653819162,0.0064910013573299,0.005719674142576,0.0052138021652467,0.0061954370256029,0.0053125495192851,0.0047539968523059,0.0045721093938394,0.0068191460099464,0.0065757029979711,0.0072059686597589,0.0063080392720496,0.0057022936606578,0.0091150103113351,0.0005478288117769,0.0007204787193734,0.0005848684159711,0.0007457773029775,0.0005153958501848,0.0009657159112406,0.0003705214740103,0.0004817769380361,0.0006442512717219,0.0004201237036098,0.0006366912264338,0.0002886985595531,0.0005929809051566,0.0004630447472033,0,0,0,0,0,0,0,0,0,0,0,0,0,0,0,0,0,0,0,0
0.0003050531151306,0.0006778958114014,0.0031083516763965,0.0046695058538297,0.0032977637413469,0.0030359545247321,0.0032768609227566,0.0027003276374789,0.0028149172422158,0.0026468484441207,0.002666434360767,0.0022545175188334,0.0025865879080367,0.0024681155118378,0.003268663166614,0.002531573224018,0.0022313226912487,0.0023383264988962,0.0073690224328932,0.0068021745534399,0.0082507858009318,0.0091325491689703,0.009878511565159,0.010120620467105,0.0112178717610137,0.0090155835659688,0.0079170457577355,0.0096605595377626,0.0111964499868183,0.0089197712181557,0.0115417718571695,0.0083808597005355,0.0078912433815189,0.0080721906556429,0.0066278748321042,0.0086510672597908,0.0055585984576268,0.0065734058068638,0.0068956218572198,0.0059632684119242,0.0055402061198571,0.0065458224991109,0.0056151288656622,0.0050699238173181,0.0048952971450139,0.007226912753896,0.0068713549406557,0.0076208833841633,0.0067166591843991,0.0060397741971937,0.0096233439879504,0.0005218461435288,0.0007716770993543,0.0006268213875398,0.0008250612417249,0.0005627944647883,0.0010642844880069,0.0003925376332146,0.0005857394068538,0.0006148948650068,0.0004317569544991,0.0006864215358738,0.0002846315905456,0.0006166257592088,0.0004909342947135,0,0,0,0,0,0,0,0,0,0,0,0,0,0,0,0,0,0,0,0
6.12857755715e-05,0.0007047864190721,0.0037629466200895,0.0018569589998161,0.0020714592143164,0.0012079334436891,0.0010501951479216,0.0012210621369437,0.0011079999058644,0.0010261547460237,0.001126742683725,0.0011209768958527,0.0010978022609739,0.0018941029645646,0.0018605474606131,0.0017943634037784,0.001802890117919,0.0018138232087605,0.0067141824191716,0.0061977068484661,0.0075175888624912,0.0083209953058109,0.0089147021210003,0.0091829018928755,0.0101240996911424,0.0081645472665079,0.0071764495150477,0.0088254173363914,0.0101919849712356,0.0080044822223379,0.0104586368320719,0.0075990480424535,0.0070755512174801,0.0073041885904822,0.0060047359196674,0.007892548797414,0.0050415918041511,0.0059970178305432,0.0062727479210116,0.0054915756767612,0.0050312802108644,0.0060032418359642,0.0051208208242037,0.0045033413809142,0.0043886593158985,0.0066085115788152,0.0063713000583168,0.0069720947424765,0.0059633177637214,0.0054347183992715,0.0087206930649391,0.0005229989902626,0.0006594294348132,0.0005736466338623,0.0007033475879321,0.0004414606352918,0.0008558373713266,0.0003170469342474,0.000429854422376,0.0005075565680407,0.0004330289768281,0.0006058069396061,0.0003133129879883,0.0005571943749608,0.0004804626221931,0,0,0,0,0,0,0,0,0,0,0,0,0,0,0,0,0,0,0,0
5.65418975461e-05,0.0008077413935155,0.0014741280431657,0.0036227201499168,0.0018416503772152,0.0008662201717698,0.0008516722407922,0.0008904826451089,0.0006969894234832,0.0007616619774585,0.0007650179008088,0.0007254702605869,0.0008367778499365,0.0007680758452369,0.0008472580660259,0.0006372094764726,0.0003650557412036,0.0003229339249108,0.0080823024351283,0.0074605868631953,0.009049415547024,0.0100165286589197,0.0107634861605688,0.0110487108063219,0.0121667102825604,0.0098375610837151,0.0085802869235534,0.0105602178478612,0.0121923857968076,0.009624809092267,0.0125571476717605,0.0091469635929247,0.008427699975091,0.0087958549963564,0.0072816192879907,0.0094088536924176,0.0060326746766544,0.0070688672965426,0.0075175239390117,0.0064934737512997,0.0059776357740928,0.0070660742728817,0.0061865023023385,0.0054134898106197,0.0052731874157827,0.0078712431765759,0.0075062915637118,0.0082810044688473,0.0071575008774365,0.0065445021813753,0.0104792411132896,0.0006450086179622,0.0007851627751189,0.0005953580028846,0.0008166140745993,0.0005200923249186,0.0009951943227575,0.0003585354437635,0.0005205443805926,0.0005919648565721,0.0004257246297252,0.0007611878449913,0.0002907459644475,0.0006329631537029,0.0004922734318195,0,0,0,0,0,0,0,0,0,0,0,0,0,0,0,0,0,0,0,0
0,0,0,0,0,0.0025739247617939,0.0022145033384631,0.002479862860732,0.0020864427055446,0.0017789360496459,0.0018119749813815,0.001723727895821,0.0014850756373691,0.0010885178059293,0.001340631391732,0.0010608993048896,0.0009114903492843,0.0008615944576741,0.0048969306506293,0.004520243677504,0.0054828881643798,0.0060688456781304,0.0065214635135293,0.0067556692946048,0.0074434065280219,0.0059571123428991,0.0052708793606781,0.0064346699961793,0.0074513464127146,0.0058707881759449,0.0076534320868668,0.005570022739494,0.0051739555451508,0.0053921733541051,0.0044378083545522,0.005755725539802,0.0035994532987532,0.004356933877304,0.0046331926787141,0.0039599556732291,0.0036775116227692,0.004305528467398,0.0037521190748334,0.0033016247354043,0.0032030845904654,0.004794218193742,0.0045762839146574,0.0050485426937963,0.0044063492632103,0.0039986824199551,0.0063624771013885,0.0003852835022246,0.0004971889019672,0.0004417708676464,0.0005352302477524,0.0003501457470832,0.0006375123211627,0.0002230292880606,0.0003642778976767,0.0004064712187092,0.0002796030908931,0.0004795494669286,0.0001819858338434,0.0004371536297065,0.00033468784444,0,0,0,0,0,0,0,0,0,0,0,0,0,0,0,0,0,0,0,0
0.0001838529990305,0.0016171884286939,0.0017765489001719,0.0029968584130151,0.0047417351578918,0.0037336019881637,0.0035085351836831,0.0036422529372436,0.0032912483284691,0.0029131208377321,0.0034469644748675,0.0033825731831334,0.0029242449394563,0.0030967754183985,0.0025093685054899,0.0019141452516059,0.0018292105324787,0.0017630370452036,0.0058225824865852,0.0053746915260787,0.0065193017584843,0.0072160210303834,0.0077913367284703,0.0080644804617849,0.0087840827500534,0.0071337303388066,0.0063319605566993,0.0077173099202163,0.0089374846615041,0.0070395851461051,0.00912870825163,0.0066531968502562,0.0062945653819162,0.0064669538909632,0.0053536130835416,0.0068399161290433,0.0044186718067394,0.0051068799880189,0.0055534479268721,0.0048885876527065,0.004482353883984,0.0052361133076926,0.004465902264114,0.0039768231045661,0.0038405954334297,0.0057003089312212,0.0056292182694461,0.0060645421517211,0.0053279528846416,0.004812948534507,0.0076817389680162,0.0005340421761028,0.0006116028187474,0.0006191288933851,0.0006904954357449,0.0004117370367736,0.0008256054968314,0.0003206502137737,0.000429843463427,0.000573603698502,0.000370027849972,0.0005725299282363,0.0002575187214127,0.0005319873022518,0.0004579616187784,0,0,0,0,0,0,0,0,0,0,0,0,0,0,0,0,0,0,0,0
0.0007414246544681,0.0016740342827299,0.0035252643948296,0.0048798798798799,0.0049031951205864,0.0040134870583942,0.0039185690513625,0.0038821577177074,0.0034812668931015,0.0029252190865783,0.0035223448186162,0.0031407162437838,0.0029333927854869,0.0016401318511402,0.0019312771820745,0.001262725699382,0.0012825204448854,0.0012452895682699,0.0063054930545263,0.0058204551272551,0.0070599964969483,0.0078144999393703,0.0084360084934437,0.008665876598243,0.0096598908491246,0.0077010676586239,0.0068042509013623,0.0083080206244299,0.0096616966165806,0.0076128032082438,0.0099094531446964,0.007286853466269,0.0066388295455921,0.0069384518066435,0.005727291580054,0.0074397027802228,0.0048058582443804,0.0056799239666145,0.0059014795562939,0.0051762498095248,0.004765556301498,0.0056452739498789,0.0048744468353956,0.0042904506204927,0.0041708974655583,0.0061535498600451,0.0059247481697064,0.0065481227752001,0.0056765529960256,0.0051382367562667,0.0082067192498119,0.0005825858406393,0.0006498653967591,0.0005916020877261,0.0007587135826098,0.0004881777038621,0.000905809671097,0.0003843968707879,0.0004621130552622,0.000609317603493,0.0004644882241905,0.0006580486430848,0.0002592419225166,0.0005428254777035,0.0004943143287312,0,0,0,0,0,0,0,0,0,0,0,0,0,0,0,0,0,0,0,0
0.0021763336370078,0.0011387792286669,0.0049094037858083,0.003399466882613,0.0058372979721294,0.0013075088631896,0.0011458965470119,0.0013607104970091,0.0013566062678777,0.0010338851406737,0.0011969337682336,0.0013284687954255,0.0012138118814636,0.0013449553252493,0.0012973833907214,0.0007860406610036,0.0008407494404675,0.0008195406962865,0.0049639685750729,0.0045821248385288,0.0055579477208081,0.0061519268665434,0.006616536740751,0.0068311330517753,0.00752559039054,0.0060561246625955,0.0053701769221427,0.0065759815470619,0.0075989339157952,0.0059738422355198,0.0077299142228826,0.0056687468275401,0.0052912341318961,0.0054272442850097,0.0045351776656399,0.0058125102118375,0.0037152393114003,0.0045224013116798,0.0046818888726601,0.0040469434312813,0.0037502438739109,0.0043920304785525,0.0037643063745581,0.0033381361584546,0.0032603880846092,0.0048846304211325,0.0046671964261718,0.0051581458991074,0.0043996615662748,0.0040791848827426,0.0064522850792945,0.0004385039234932,0.0005521708990162,0.0003916986363041,0.0005336913510637,0.0003159842199275,0.0007068819299468,0.0002597980317408,0.0003365637830432,0.0004375932289844,0.0002709018715952,0.0004501374947862,0.0002471775232727,0.0004098548145358,0.000383959419067,0,0,0,0,0,0,0,0,0,0,0,0,0,0,0,0,0,0,0,0
0.0010148488409358,0.0007344300822562,0.001001495566713,0.0004005982266852,0.0005341309689136,0.0029427101421997,0.002708048619649,0.002551576748288,0.0024156350969229,0.0022790112660427,0.00247156934323,0.0026465861614009,0.0021640242870146,0.0025006074996955,0.0025352957551651,0.0022444594644516,0.0021820000756913,0.0020569796797698,0.0047928116399304,0.0044241338214742,0.00536631046864,0.0059398092973496,0.006458092612821,0.0066290656254021,0.0072621627978736,0.005857032524813,0.0052053769626584,0.0063531092728543,0.0073340280887323,0.0057950932785105,0.007548551766349,0.0054854186879048,0.0050901546830669,0.0053212256408113,0.0043849695118403,0.0056468575099137,0.0036411725751133,0.0043760530013599,0.0045489401059754,0.0039577672503328,0.0035239147108307,0.0042815661626662,0.0036856188384778,0.003264973765213,0.0031959972699446,0.0047339454349208,0.0045608756602861,0.0050107900807624,0.0043572671240581,0.003949970504775,0.0062617042181659,0.0004423035605243,0.0005047716474001,0.0004863672568579,0.0005540640330752,0.0003439416366639,0.0006277638075754,0.000272964048879,0.000346175076165,0.0004377164015784,0.0002975814810906,0.0004916475267939,0.0002189062886526,0.0004429848598443,0.0003902096639524,0,0,0,0,0,0,0,0,0,0,0,0,0,0,0,0,0,0,0,0
0.0020635160299965,0.0018160618719278,0.0044122334625128,0.0043115741439764,0.0034014461388763,0.0019507127130219,0.0017563426451596,0.0015169038599873,0.0016418381877594,0.0015846190997837,0.0015268294195019,0.0015614701164688,0.0017746166140655,0.0028404131152574,0.0027798805270223,0.002678112723716,0.0024071250882696,0.0024341822252753,0.0053563421757413,0.0049443158545305,0.005997272008736,0.0066382018417307,0.0071096015469985,0.0073573930113956,0.0081672723005878,0.0065853827734633,0.0057436462801573,0.0071156746568899,0.0081261604917266,0.0064261331320233,0.008338677483808,0.0061266950755221,0.0056993405784876,0.0059241522058993,0.004930036591546,0.0062897271926209,0.0040168896874607,0.0048168342160152,0.0050775927705615,0.0043674939954321,0.004034399400948,0.004763802923268,0.0040745292474217,0.003646491856011,0.0035067413539073,0.0052623756550836,0.0051395334402323,0.0057304833822313,0.0048108600317697,0.0043714735437361,0.0069441512096223,0.0004197882400356,0.0005750173475696,0.0005633052412733,0.0006214602906837,0.0004200289999673,0.0007744998440201,0.0003462273249049,0.0003718396307143,0.0004750427857229,0.0004180963369414,0.0005227245335869,0.0002718409585057,0.0004481981338363,0.0003734433353976,0,0,0,0,0,0,0,0,0,0,0,0,0,0,0,0,0,0,0,0
4.85224901742e-05,0.0004367024115678,0.0022482087114044,0.0010998431106151,0.0028628269202775,0.0017961711103025,0.0019645461022431,0.0019442302258252,0.0016215872990048,0.0017045096466049,0.0018504103072566,0.0016594984728358,0.001784360674961,0.0018223042731832,0.0019285893462542,0.0008386248792894,0.0010341889464336,0.0008974628521634,0.0044552276878381,0.0041125178656967,0.0049883318556136,0.0055214360233891,0.0059623762024689,0.0061438505166219,0.0067379340361933,0.0054497856379102,0.004776244128129,0.0058678332140012,0.006771242295921,0.0052989874131129,0.0070089146369839,0.0050719335496918,0.004711668693944,0.004899376353163,0.0040543662180858,0.0053090630170876,0.0033748862773637,0.0039607822593758,0.0042268542576231,0.0036088682298277,0.003348156431364,0.003928226581446,0.003360796509155,0.0030241112914984,0.0029771498499375,0.0044089633498217,0.0041720971200253,0.0046123648113496,0.0039831842517637,0.0036611373188176,0.0058345090527745,0.0004777248268229,0.0004581141148915,0.0003639770235551,0.0005167257468438,0.0003720585103203,0.0005680556015841,0.000258272012445,0.0003244822555678,0.0003748278669863,0.0002764081098825,0.000441448726624,0.0001904448756424,0.0003975449171647,0.0003240250200274,0,0,0,0,0,0,0,0,0,0,0,0,0,0,0,0,0,0,0,0
3.12812812813e-05,0.0038900507650508,0.0027952059202059,0.0014300014300014,0.0031147218647219,0.0022414192328596,0.0022965092908253,0.0019093046917985,0.0022583800277626,0.0014816255357055,0.001646027950805,0.0015668012046926,0.0018182428540339,0.0022658578177245,0.0025820245515677,0.0015459374972182,0.0015493961720643,0.0015857825537993,0.0050915883345384,0.0046999276934201,0.0057008382207225,0.0063100881069066,0.0068196838811066,0.006961863056196,0.0077457917293671,0.0062455735351573,0.0054717298368512,0.0066755992774288,0.0077156335643031,0.0062168942465618,0.0079772367116777,0.0057952281972532,0.0054362834375906,0.0057036642944828,0.0045971609930166,0.0059899262256394,0.0038289675750869,0.0045475708649437,0.0047969621520787,0.0041263071958675,0.0038242516786985,0.0045327919599025,0.0038991434938995,0.0033508743740125,0.003377577209646,0.0050165716530926,0.0048112072415781,0.0052558189717366,0.0045866903027904,0.0041625080090509,0.0066112821375095,0.0004439435047717,0.0005332519275991,0.0004596113919887,0.0006224639723776,0.0003838151355043,0.0006454535455002,0.0002674677901919,0.0003991949112101,0.0004332533461864,0.0003328748462596,0.0005212024402127,0.0001945564829094,0.0004201129472456,0.0003583983612182,0,0,0,0,0,0,0,0,0,0,0,0,0,0,0,0,0,0,0,0
0,0.00031328320802,0.0014097744360902,0.0016708437761069,0.0009920634920635,0.0013702878333775,0.0015771414023872,0.0011482971091984,0.0012372987826435,0.001282000082271,0.0014700360645086,0.0013135796144656,0.0013842663496599,0.0024318570586569,0.0027864751082569,0.0018775607611221,0.0018536954560945,0.0017191784354619,0.0046999276934201,0.0043383947939262,0.0052623122037439,0.0058246967140676,0.0063086472836412,0.0064526746269669,0.0071501727900267,0.005719350335642,0.005046579105681,0.0061776499188839,0.0071294671182515,0.0056395884789027,0.0073779456922244,0.0053461724090721,0.0049531185099927,0.0052173561677122,0.0042442955226123,0.0055275955805793,0.0035191784645245,0.0041606450528822,0.0044178584997032,0.0038180860464502,0.0035464355670876,0.0041296493575619,0.0036365624263491,0.0031998099880857,0.0030642526238605,0.0046333554761929,0.004416566302287,0.0049047640341274,0.0041933635408599,0.0038311993754224,0.0061034803612986,0.0003759291674843,0.0004771025170247,0.000367192113289,0.0005544679178618,0.0003322296580932,0.0006128517876721,0.0002226997668783,0.0003381171370563,0.0003641986897822,0.0003236710187854,0.0004249007125018,0.0002066923824499,0.0003847303903359,0.000361864304852,0,0,0,0,0,0,0,0,0,0,0,0,0,0,0,0,0,0,0,0
0.0002152595072949,0.00218249222674,0.0031511600095671,0.0043613967950251,0.0045838316192298,0.0011999869829117,0.0009739006092833,0.0010479464961359,0.0009541647735232,0.0011350810113247,0.0010299237366925,0.0009735364095362,0.0009608185895788,0.0016999443071784,0.0020107319706359,0.001840429852983,0.0017854203052185,0.0016685078063052,0.0056399132321041,0.0052060737527115,0.0063147746444926,0.0069896360568812,0.0075030677849593,0.0077334314449938,0.0085829469844035,0.0068793843921625,0.006021586277466,0.0074680312550575,0.0085545755682231,0.006774727550542,0.0087991829432928,0.0063817920764535,0.0059622267768381,0.006216424067953,0.005158147975677,0.0066592110414217,0.0042511563098491,0.004983986923935,0.0052604682874368,0.0046166241502385,0.0042396042302123,0.0050015853571326,0.0043465355501782,0.0038356795648425,0.0037394868975999,0.0055194905222875,0.0053643090449958,0.0058913968239098,0.0050540626855497,0.0046615746719418,0.0073542758903545,0.0005717899909067,0.0005633709232934,0.0004835355181275,0.0006995450739873,0.0003978457768461,0.0007474300565638,0.0003369936452702,0.0003798470363264,0.0004327154324496,0.0003383966081386,0.000596512877156,0.0002702455962213,0.0004587502038536,0.0003813476040935,0,0,0,0,0,0,0,0,0,0,0,0,0,0,0,0,0,0,0,0
4.85224901742e-05,0.0012407893915973,0.0010570971073664,0.0009843133721051,0.0015700491463508,0.0029205092780735,0.0025364238641019,0.002537536616232,0.0026750538204858,0.0021439831915126,0.002486001707083,0.0026257900001182,0.0022905414233791,0.0030998198223927,0.0025604183092164,0.00224913668693,0.0019151268709725,0.0019475559850554,0.005467779435074,0.0050471810169914,0.0061220436409803,0.0067763078468866,0.0072951499099652,0.0075180030341269,0.0082525516027154,0.0066901403415775,0.0058888932965803,0.007265255753343,0.0083579285525683,0.0066418468531954,0.0085009260241664,0.0062073981828849,0.0058319520305166,0.0059954730720982,0.0050444224878235,0.0064416649325929,0.0041161907383184,0.0049925203323274,0.0051376182512894,0.0044744755683586,0.0041432730414807,0.0049549900492006,0.0041720971200253,0.0037314928695902,0.003615716757348,0.0054413547763423,0.0051680222729213,0.0057462112201483,0.0049242689854493,0.0045003829685838,0.0071632204479611,0.0005248635284198,0.0005454414098824,0.0006000789207851,0.0006994204174197,0.0003857661139667,0.0007072844853701,0.0003142331876586,0.0003734698807605,0.0005193513116428,0.0003583442887925,0.0005400947107762,0.0002158896002016,0.0004782277703565,0.0004106217517159,0,0,0,0,0,0,0,0,0,0,0,0,0,0,0,0,0,0,0,0
0.0001977587343441,0.0011601845748187,0.0026983080641617,0.0023057203545008,0.0025151981249542,0.0018324163255876,0.0016272633669726,0.0014591717606756,0.0014098752885077,0.001474673277112,0.0014937210348214,0.0015417118863273,0.0014738677091556,0.0029477441938652,0.0032703507315856,0.00295820199292,0.0022586972780837,0.0022509882964594,0.005456501419678,0.0050367705412412,0.0061094161194685,0.006762330819259,0.007277906757927,0.0075260194513458,0.0083502986567302,0.0066652539708056,0.0058514982821666,0.0072706926483025,0.0082886980614462,0.0065584681510558,0.008514276644287,0.0062284967038702,0.0057882089722291,0.0060223566255339,0.0049995020836295,0.0064362929042423,0.0041127152676291,0.0048713558096752,0.0051426720332059,0.004478780341664,0.0041226988306761,0.0050036903678995,0.0041773775608484,0.0036918923508784,0.0036367030887189,0.0054124214723724,0.0052042921132074,0.0056331961992011,0.0048409451453313,0.0044627195829455,0.0070779936987903,0.0004859454658821,0.0005496324089879,0.0005593196556237,0.0006204195394784,0.0004134976480726,0.000782399910752,0.0002790496930591,0.0003857286635508,0.0004609333615951,0.0004058886593845,0.000522470126884,0.0002955380305545,0.0004507334609865,0.0004204729073255,0,0,0,0,0,0,0,0,0,0,0,0,0,0,0,0,0,0,0,0
0.0007377860261267,0.0003662918103521,0.0008759151986682,0.0013780004076987,0.002934793687465,0.0030976406453852,0.002840335940281,0.002552477420676,0.0025126793367336,0.0027232358312596,0.0026523205811067,0.0024945793001398,0.0025624828289764,0.0015315397423466,0.001690723610932,0.0013431081860731,0.001331982399378,0.0013273049524893,0.0049063434367122,0.004528932403119,0.0054934272667461,0.0060805110967801,0.0065622284999284,0.0067897525641137,0.0074002254122018,0.0060192252510495,0.0052907351693803,0.006437714626536,0.0074737580484785,0.0059118391395486,0.0077144242990793,0.0055903429145072,0.0052638030412035,0.005514014127733,0.0044422688070965,0.0057791983436059,0.0037290219271425,0.0044459606841435,0.0046313768531763,0.0039686136425519,0.0037242857513064,0.0043639051301695,0.0037476919395817,0.0033470442750092,0.0032300232679597,0.004823556448202,0.0046331382177285,0.0050290224060452,0.0043875092442657,0.0040578831205213,0.0064292828926574,0.0004244187843633,0.0005401537733493,0.0004980550493205,0.0006526021129681,0.0003826075726678,0.0007046747394346,0.0003276746263963,0.0004002440329956,0.0004159955136196,0.0003175216720915,0.0005160859160184,0.000182686814048,0.000424358331585,0.0003505007446116,0,0,0,0,0,0,0,0,0,0,0,0,0,0,0,0,0,0,0,0
0.0001445295562943,0.0015898251192369,0.002840407252172,0.0033823930882754,0.0037979155626214,0.00167225552231,0.0015014331405427,0.0015610849219998,0.0012633091696659,0.001451729559797,0.0014979552139101,0.0013724491428415,0.0013988977812842,0.0014001479374648,0.0015699885220204,0.001506486717662,0.0014991650559687,0.0013548539491203,0.0047250609965935,0.0043615947660863,0.0052904529107158,0.0058558448248381,0.0063211502950666,0.0065019684505815,0.0071407754897415,0.0057841151468392,0.005082109845662,0.0062540864827893,0.0071603914687688,0.0056575130571105,0.0073592438929482,0.0053562185200697,0.0050212710666042,0.0052323177537186,0.0042722117898017,0.0055762425003518,0.0035710158509759,0.0042381400642539,0.0044238295067323,0.0038828604766213,0.0035627184945029,0.0041844586327741,0.003635032952908,0.0032053537609804,0.0031141299736054,0.0046948122810109,0.0044682946764727,0.0048922861738173,0.0042821155211205,0.003781745784554,0.0061452347151839,0.0004341525979344,0.0004946064145278,0.0004231741091583,0.0005904682595697,0.0003511221755934,0.000649349581917,0.000255029502398,0.0003576311311814,0.0003787801208806,0.0002610720776219,0.0005067367857065,0.000200115936673,0.0003877558233003,0.0002966051019863,0,0,0,0,0,0,0,0,0,0,0,0,0,0,0,0,0,0,0,0
6.68533226673e-05,0.0006399634306611,0.0027364150619965,0.0007313867778984,0.0007805268270385,0.0014592998361066,0.0015184526152322,0.0015226319382522,0.0013926578897879,0.0013236180592483,0.0014730392747937,0.0015207990705433,0.0014529499289796,0.0017320602202297,0.001195186897991,0.0006749916749917,0.000509345726737,0.0004892209240035,0.0077420627095247,0.0071465194241767,0.0086684633756217,0.0095948640417187,0.0102860135096789,0.0105815133738783,0.0116622916248119,0.0093963496132694,0.0082223126596229,0.0101385197933036,0.0117354086595668,0.0092329695906441,0.0120312989299437,0.0087667357576017,0.008186936534181,0.0085035366875344,0.0069924102575239,0.0091074131857317,0.0057956382323557,0.0068995982730909,0.0072069916321076,0.0062645822406242,0.0057607678807127,0.0067800167264858,0.0059087664407189,0.0051928616061893,0.0050603400813675,0.0075548470510005,0.0072543887082079,0.0079144838631928,0.0069202463135513,0.0062681394094876,0.0099597952946225,0.0005823997741999,0.0007650758547322,0.0006223268189159,0.0007703519724473,0.0005187011860727,0.0009790735745838,0.0003188663374612,0.000496361772548,0.0006491173696944,0.0004484953433848,0.0006683747681578,0.0002646859045991,0.0006432667150515,0.000498237830762,0,0,0,0,0,0,0,0,0,0,0,0,0,0,0,0,0,0,0,0
0.0028120096613247,0.0038890232138764,0.0060827811317048,0.0060160384035139,0.0084387364720046,0.0043148987394938,0.0042203614403012,0.0037314132722532,0.0037795547325384,0.0030861414476706,0.0030693552095779,0.003364196074788,0.0033496877524387,0.0022701770246764,0.0020200039922131,0.0011063929124847,0.001319640626577,0.0011775660879562,0.0003862954268564,0.0003565803940213,0.0004325188112666,0.0004787421956768,0.0006272279202382,0.0006658149686789,0.0007472502012439,0.0005081148570658,0.0006400173844166,0.00068579758672,0.0007360758505739,0.0006257505553727,0.000711175177252,0.000502390011258,0.0005296035871189,0.0004963155102837,0.0004513552929663,0.0006033544410683,0.0003777437076605,0.0005162756066434,0.0005506633288234,0.0004582408906955,0.0004379757370358,0.0004411473285698,0.0005207294100594,0.0003753103601984,0.0003354671240173,0.000632213982118,0.0005721115172795,0.0005848463043395,0.0004916945603582,0.0004766332826638,0.0006268490720351,0.0003894630574386,0.0001516604715579,0.0002391601840094,0.000267044921868,0.0001590751940259,0.0002051872508742,0.0001791384265376,0.0001421942201936,0.0001522446798221,0.0001556763164995,0.0001784991862425,5.39803739595e-05,0.00014629385653,9.8849264816e-05,0,0,0,0,0,0,0,0,0,0,0,0,0,0,0,0,0,0,0,0
0.0009592926259593,0.0005630630630631,0.0013868034701368,0.0018664497831165,0.003858024691358,0.0014830183836374,0.0013688402088539,0.0013098176934651,0.0014849737074174,0.001446574877159,0.001228059306269,0.0013306237831485,0.0018494818763039,0.001291816304703,0.0012103919258052,0.0008265199875938,0.0009126110859892,0.0007960983212661,0.000718044508717,0.0006628103157387,0.0008039643644609,0.0008898842202048,0.0009941371651997,0.0010344313067955,0.0011114166106333,0.0008940050554435,0.0008463068730818,0.001029200077766,0.0011646693598502,0.0009121301226922,0.0012131951373271,0.0008575681216618,0.000823880757802,0.0008681367367736,0.0006731675480384,0.0008687680706176,0.0005766010182536,0.0006993791492157,0.0007265856172098,0.0006825445835061,0.0005912371610751,0.0007147785084372,0.0005906702823948,0.0005332519275991,0.000503608212415,0.0007368161381036,0.0007032658919086,0.0007824628044619,0.0007402107264416,0.0006423013855327,0.0009740549076452,0.0001793946781623,7.8329675823e-05,9.18423692121e-05,0.0001673852296445,0.0001274792461741,0.0001640180882046,9.05990788228e-05,8.01460662486e-05,0.0001109946718464,0.0001119533668012,0.0001100506890877,2.45485302125e-05,9.30552926273e-05,7.49979956243e-05,0,0,0,0,0,0,0,0,0,0,0,0,0,0,0,0,0,0,0,0
8.94934669769e-05,0.0006861165801563,0.000954596981087,0.001014259292405,0.0010739216037229,0.0041355384431608,0.0035963157918279,0.0036764501506257,0.0033810789134793,0.0031159787372995,0.0032959476391344,0.0034374387848608,0.0028920844714729,0.0034601381617041,0.0034853316668868,0.0027007706691607,0.0020223670680055,0.0021723144788081,0.0004980055834088,0.0004596974616081,0.0005575959950987,0.0006171864067886,0.0007526528202168,0.000787610941569,0.0008026794556582,0.0006259047251552,0.0006615403255125,0.0007439482885293,0.0008802755285567,0.0007706337637575,0.0008831993781757,0.0006784000328499,0.0006378035264674,0.0006724838727248,0.0005584506965414,0.0006282144048098,0.0004885810258076,0.000675164841793,0.0006307810339331,0.0004617374653121,0.0005432711522518,0.0006677591932975,0.000447539077528,0.0004383049036183,0.0003696238491386,0.0006030851385034,0.0007378453838351,0.0007593412543235,0.0006508798878537,0.0005240633007457,0.0007555844379773,0.0002697811347215,8.75847759374e-05,0.0001841966200571,0.0003007588509621,9.07707166254e-05,0.0002285189278891,0.0001312956548589,9.60662543098e-05,0.0002225091492525,0.0001683805836536,0.000138666141723,5.26307596334e-05,0.0001350547501296,0.0001664687078025,0,0,0,0,0,0,0,0,0,0,0,0,0,0,0,0,0,0,0,0
0.0001416510850473,0.003533520042954,0.004746795312833,0.0051589325174231,0.0062502529483662,0.0031671940201828,0.0029697352364826,0.0027188420624068,0.002614240703205,0.0025958621174515,0.0026687632453835,0.0025676796372777,0.0026098759811665,0.0020739492899735,0.0023103129991206,0.0017904731249454,0.0018807468709403,0.0018222273882428,0.0006503044607248,0.000600281040669,0.0007281186697004,0.000805932878676,0.0009583352683223,0.0010214517856018,0.0010498902231112,0.0008508585510416,0.0007713464181133,0.0009166505373685,0.0010837059079248,0.000929090072618,0.0011511018451494,0.0008148221326804,0.0007723563682827,0.000840628434965,0.000650264751107,0.0008183260537913,0.0005621600715387,0.0007151042877526,0.0007682571496866,0.0005974657892412,0.0005877492677905,0.00069963139643,0.0006033883458951,0.0005637409561156,0.0005300573805974,0.0008286016075531,0.0008167236320813,0.0007999119848621,0.0008099380521532,0.0006944500914436,0.0008882465091112,0.0002860795703868,0.0001515941702441,0.000285626330159,0.0001391193972266,0.0001147548387267,0.0001974804077361,0.0001747298189479,0.0001093387821186,0.0001343077739446,0.0001270194959157,0.0002031074890402,6.83611874761e-05,7.84599163742e-05,9.46445468089e-05,0,0,0,0,0,0,0,0,0,0,0,0,0,0,0,0,0,0,0,0
5.14800514801e-05,0.0031960531960532,0.0014714714714715,0.000990990990991,0.0035564135564136,0.0020578450166771,0.0019372626778498,0.001926409149391,0.0018151926085073,0.0020234811364613,0.0020594990970379,0.0019935447727064,0.0022949596272041,0.001867803702162,0.0018925215600922,0.0012398386657596,0.0014128701617186,0.0012685503530865,0.0003759942154736,0.0003470715835141,0.0004209849762995,0.0004659757371254,0.0005651407725747,0.0005556823046767,0.0005814923660347,0.0005050016714271,0.0004574530972268,0.0005651172585974,0.0006790580838828,0.0004794086844238,0.0006879807385162,0.000465272990439,0.0004849629523643,0.0005209868759754,0.0003708269336451,0.0004735316786878,0.0003341390843594,0.0003874249450784,0.0004491234875532,0.0003214010922692,0.0003314942250513,0.0004296296628237,0.0003947363623779,0.0003158250257864,0.0002885651887438,0.0004281578360344,0.0004092794771037,0.0004843829591707,0.0004314355867036,0.000375199124777,0.0005434012425523,0.0001548331888519,0.0001048972082804,7.83221612025e-05,0.0001042629677574,9.1774881e-05,0.0001346489712895,0.0001027869527696,0.0001203347578401,0.0001992252483201,0.0001545388020816,8.47079406007e-05,4.36141747029e-05,0.0001014157583198,6.61204944606e-05,0,0,0,0,0,0,0,0,0,0,0,0,0,0,0,0,0,0,0,0
0.0003281734090542,0.0015509809047574,0.0024437238226084,0.0023096733284015,0.0027832442444503,0.0012503322537177,0.0010905653907376,0.001356633349031,0.0009829529817651,0.0012412550329044,0.001225652611529,0.0011232675779804,0.000871370912946,0.0014682089596143,0.0020388723136664,0.0015929334676399,0.0014737706827299,0.0015613530740208,0.0006987503119421,0.0006450002879466,0.0007823614603796,0.0008659726088171,0.0010252334087197,0.0010981283704819,0.0011758857033242,0.000848055934152,0.000810721594148,0.0009803676361563,0.0010973595653118,0.0008701976450046,0.0011318782740573,0.0008829155191146,0.0008443604604476,0.0009154730286219,0.0006680075765576,0.0008419520111117,0.0005652985361107,0.0007218568414773,0.0007743470285661,0.0006680972576842,0.0005622097108551,0.0007361175508651,0.0005600123364289,0.0004935149232851,0.0004946202038557,0.0007474300565638,0.0006972698377896,0.0008516388409071,0.0007383494614961,0.0006447524167353,0.0009530804708338,0.0001855764339765,0.0001254085205387,0.0001832196005907,0.0001667223973276,0.0001251163007557,0.0001256517291791,8.48296622269e-05,9.94337570474e-05,0.0001676172698108,0.0001376627795926,0.0001429983641135,5.06265449521e-05,9.999800895e-05,8.82140808043e-05,0,0,0,0,0,0,0,0,0,0,0,0,0,0,0,0,0,0,0,0
4.15161705484e-05,0.0016628709025022,0.001877865357128,0.001288484007378,0.0023945934084183,0.0023109506272909,0.0020445030445924,0.0019181631577586,0.0020308054619337,0.0020489986059963,0.0019569247239795,0.0019105069250597,0.0020979153106415,0.0015218034900457,0.001973129209331,0.001587904098532,0.0015897479119314,0.0016208717121352,0.0001732692237206,0.0001599408218959,0.0001940022932256,0.0002147353627306,0.0002515746882513,0.000326595265686,0.0003149001311863,0.0003103655365462,0.0002644203363411,0.0003582745139183,0.0003681537621162,0.0003025794277616,0.0003323203143211,0.0002596948879168,0.0002811637606161,0.000293046528022,0.0002147737296515,0.0002632564395068,0.0001716400511802,0.0002433198242769,0.0002851976783265,0.0002131062195846,0.0002121656048122,0.0002855976551059,0.0002209792794653,0.0001774901464868,0.0001559924634355,0.0002924752835295,0.0002688600392102,0.0002636183736272,0.0002979775404403,0.0002197719675043,0.0002693955232007,0.0001406140337338,6.01210476981e-05,9.13624142106e-05,0.0001280278396899,8.28927038465e-05,7.36232859573e-05,8.65632706393e-05,7.73840079855e-05,0.0001177428659483,3.95899690825e-05,9.41927216162e-05,6.33536925366e-05,4.89124600042e-05,3.20652661287e-05,0,0,0,0,0,0,0,0,0,0,0,0,0,0,0,0,0,0,0,0
0.0005582913421896,0.0007702920838514,0.0021731780206356,0.0029836888947058,0.0017028226773989,0.0026332632792389,0.0025837671894752,0.0023264465865563,0.0023476310081678,0.0019593288318812,0.0021375779001926,0.0020075148636848,0.0020605949518297,0.0018089993826552,0.0018150331929331,0.0011479562140337,0.000945138876266,0.0008787193855632,0.000418213904923,0.0003860436045443,0.0004682565944009,0.0005182992838789,0.0006109706093773,0.000664509716704,0.0007060586496703,0.0005845159698582,0.0005895048288507,0.0006260908127295,0.0007406703127659,0.0005995491048562,0.0006900992191307,0.0005297435049631,0.0005042326427751,0.0006031130333283,0.0004016224581945,0.0005271614701764,0.000386659378678,0.0004498785401121,0.0004728826391772,0.0003807734325108,0.0003711114163972,0.0004230463595203,0.0003829165600663,0.0003653648339889,0.00032665553919,0.0004546897786534,0.0004407261092873,0.0005025913730588,0.0005020009905368,0.0004250658148152,0.0005783876586894,0.000153943318896,7.3354026736e-05,9.21991805134e-05,0.0001104970319292,0.0001338469234451,0.0001190255778216,0.000106730909319,4.98850423258e-05,0.0001232496151545,6.54847641354e-05,0.0001016964360715,4.85115290657e-05,0.000102210529959,9.51719146785e-05,0,0,0,0,0,0,0,0,0,0,0,0,0,0,0,0,0,0,0,0
0.0003936863692961,0.0011068995825093,0.0034333113601406,0.0027173514978393,0.0022366879074196,0.0029626955030043,0.0025274684730306,0.0031093420000817,0.0026436917491464,0.0023689423600884,0.002545350569863,0.0030572239696936,0.002464000043707,0.0034206384290357,0.0030281984718468,0.0020686066545302,0.0021124325350958,0.0020837302710876,0.0004585295310654,0.0004232580286757,0.0005133963125604,0.0005682630940554,0.0007362679464841,0.0007157069340782,0.000729532713651,0.0006149711584422,0.0005589117332115,0.0007207766102418,0.0008696388585518,0.0006599741329997,0.0008021508058155,0.0006032293719117,0.0006468701793305,0.0006073961471409,0.0004549439969633,0.0005751203281331,0.0004139066678319,0.0005759354208536,0.0005981715497706,0.0004749487485318,0.0004501717463387,0.0005184918210025,0.000424347808763,0.0003804175722612,0.000337550005164,0.0004969191449878,0.0005879647979371,0.0005761667019939,0.0005005474472821,0.0004319017231993,0.0007256393360405,0.0001581240475388,9.74587362554e-05,0.000204871228885,0.000130213024739,0.0002125879174148,0.0001924873118762,0.0001557939140901,0.000118239468197,0.0001756768048903,0.0001662213297436,0.0001161927179089,4.84990435996e-05,0.00014677333891,8.5235399769e-05,0,0,0,0,0,0,0,0,0,0,0,0,0,0,0,0,0,0,0,0
0.0002561803509671,0.0016544980999957,0.004269672516118,0.0038693907177319,0.0032075914777337,0.0013241441906734,0.0011770752074102,0.0010712131422256,0.0013147303510152,0.0012255319630437,0.0012681813638181,0.0014053241356806,0.001670851656144,0.0024424047179988,0.0025008627353438,0.0018173128918779,0.0019553058036814,0.00189296527833,0.0004009416989647,0.0003701000298136,0.0004489176287554,0.0004968935585461,0.000575535179175,0.0005724984406246,0.0006994540174882,0.0004943824062491,0.0004708295224618,0.0005710463965314,0.0006886226458053,0.0005356206524941,0.0007362585701712,0.0005361005261761,0.0004918035772115,0.0004972366821957,0.0004525255421356,0.0004822188933854,0.0003319458496148,0.0004331605637113,0.0005316298869289,0.0003427999986536,0.0003568157095541,0.000532032542506,0.0003648325052241,0.0003407628757918,0.0003497487785927,0.0004530665488112,0.0004729804949228,0.0005915202026575,0.0004454332461568,0.0003470650131419,0.0005845318456438,0.0001885085254295,0.0001146062901851,0.0001807497734481,0.0001435741695541,0.0001922579883717,0.0001843115413976,6.10736252908e-05,7.32436224453e-05,0.0001937935882318,0.0001332599691823,0.0001001007796371,3.28176363055e-05,7.7391535501e-05,0.000134463746936,0,0,0,0,0,0,0,0,0,0,0,0,0,0,0,0,0,0,0,0
0.0001992164154326,0.0010956902848795,0.0017597450029882,0.0014609203798393,0.0018593532107046,0.0019710371470212,0.0014514685629642,0.0018852671474394,0.0016296052661762,0.0016717698006966,0.0016364942445317,0.0018012401822674,0.0014085986613889,0.0014506433596939,0.001793500192196,0.0016954203327838,0.0017830436457793,0.0016632194847941,0.000692864033428,0.0006395668000874,0.0007757708408468,0.0008586776482655,0.0010258036549287,0.0010751084465359,0.0011348114769762,0.0009164521185057,0.0008284949677591,0.0009871949833936,0.0010941625140008,0.000956749349552,0.0011720767636553,0.0008489240858589,0.0007727898424036,0.0008196581484881,0.0006564148903349,0.0008939749137735,0.0005903053634674,0.0006949134755497,0.0007809275051841,0.0005905980889823,0.0006112374657438,0.0006896881438235,0.0006041448175173,0.0005532173321177,0.0004760558351372,0.0008280829867153,0.0007391468154849,0.0007894818870606,0.0007506704232995,0.0006984750289468,0.0009032091461593,0.0002241107719162,0.0001168105594248,0.0001543384820652,0.0002380399810127,0.0001092669995463,0.0001985112425654,0.0001506620682362,0.0001179378816358,0.0001404590103469,0.0001037899975599,0.0001027670814682,4.16219837662e-05,8.78784601722e-05,5.89788757803e-05,0,0,0,0,0,0,0,0,0,0,0,0,0,0,0,0,0,0,0,0
3.38684549211e-05,0.0028110817584502,0.0006435006435006,0.0005080268238163,0.0006773690984217,0.0006973133816166,0.0007431112389582,0.0006587069233618,0.0004086480989789,0.0006038251934896,0.0004787957812982,0.0005377147878506,0.0006068531509998,0.0017050227418196,0.0017346532078564,0.0017181429160555,0.0017713319224941,0.0016516545019469,0.0002827024176493,0.0002609560778302,0.0003165300573681,0.0003503576970868,0.0004104639650416,0.0004201290049612,0.0004612054246196,0.0003835821692651,0.0003351947382534,0.0004616171797663,0.0004764148021723,0.0003358601372073,0.0004884961020719,0.0003362309081353,0.0003574363118277,0.0003466941178074,0.0003462933025134,0.0003483122080348,0.0002285085282094,0.0003188327027014,0.0003138191693622,0.0003308090161093,0.0002776104813489,0.0003658611396429,0.000265859137175,0.0002106476205936,0.000236219865657,0.0003826786011655,0.0003013797175747,0.0004555285433358,0.0002710541200913,0.0002813660162245,0.0003648552569662,6.91327596323e-05,2.6578859779e-05,5.97537195838e-05,8.17250286369e-05,5.73870719774e-05,7.16892177893e-05,0.0001033665509807,5.73870719774e-05,5.98033319574e-05,3.47093797517e-05,4.24565097565e-05,2.55426898971e-05,2.17463398192e-05,5.07822747804e-05,0,0,0,0,0,0,0,0,0,0,0,0,0,0,0,0,0,0,0,0
0,0,0.0012562814070352,0.0012562814070352,0,0.0022213668796192,0.0020581462844851,0.0023152369642237,0.0019822022698004,0.0020387401008858,0.00207523788626,0.002050818365925,0.0017830946913142,0.0017169406857824,0.001518432848324,0.0008421210554829,0.0009272946895486,0.0009264933929239,0.0006376786317706,0.0005886264293267,0.0007139820577944,0.0007902854838182,0.0008760907848292,0.0009570567650319,0.000976813439343,0.0007913092525872,0.0008128575101305,0.0009044001149575,0.0010902715967493,0.0007991493352023,0.0010546757020497,0.0007771362545203,0.0007360114752446,0.000752965123054,0.0006173937672304,0.0007601919283165,0.0005502863529722,0.0006603058475186,0.0006587555420371,0.0005499057059349,0.0005631918067367,0.0006047296428897,0.0005563631127154,0.0004560019929902,0.0004407966281235,0.0006512408672796,0.0006692785630366,0.0006964851218761,0.0006312063625586,0.0005465603438981,0.0008889364152721,0.0001878295494643,0.0001010047397361,0.0001537180949968,9.4033618368e-05,0.0001337770681355,0.0001419569725043,8.00050539265e-05,0.0001212144978408,0.0001814383988536,8.20583617623e-05,8.98656615329e-05,2.1800978864e-05,4.36019577279e-05,8.93224412522e-05,0,0,0,0,0,0,0,0,0,0,0,0,0,0,0,0,0,0,0,0
0.0008348866107487,0.0006213109661386,0.0034366262814539,0.0013591177384281,0.00159210935073,0.0025308642480572,0.0026029412472047,0.0022796553284905,0.0024847994307537,0.0020460312811516,0.0025123132528682,0.0024203416606314,0.0023128675654561,0.0022492530317497,0.0024113316097549,0.0008573131848994,0.0004726308174584,0.000552608311229,0.0005672326526541,0.0005235993716808,0.0006351066452794,0.0007029806379047,0.0008278607968038,0.0008587125170332,0.0009123228921613,0.0006988855317077,0.00073000805626,0.00080185748364,0.0009919230836305,0.0007758734776529,0.0010023643849746,0.0007527330669738,0.0006573106468921,0.0006856151357206,0.000608862116055,0.0006761686793383,0.0004818350863921,0.0006500949415993,0.0006860741976356,0.0005891791085683,0.000567373821724,0.0005762616985876,0.0005186262533197,0.0004449083104778,0.0004741670201509,0.0006191419434276,0.000657230792258,0.0007430771207045,0.0005962541402588,0.0004781478799262,0.0007874448474687,0.000145149351497,9.31009600853e-05,0.0002166963351568,0.0001297283012294,9.97507459535e-05,0.0001432211369379,5.99841616372e-05,0.0001290837463456,0.0001205052203631,0.0001630566126638,6.89781679384e-05,5.82245047052e-05,0.0001021561253402,8.53927418965e-05,0,0,0,0,0,0,0,0,0,0,0,0,0,0,0,0,0,0,0,0
0,0,0,0,0,0,0,0,0,0,0,0,0,0,0,0,0,0,0,0,0,0,0,0,0,0,0,0,0,0,0,0,0,0,0,0,0,0,0,0,0,0,0,0,0,0,0,0,0,0,0,0,0,0,0,0,0,0,0,0,0,0,0,0,0,0,0,0,0,0,0,0,0,0,0,0,0,0,0,0,0,0,0,0,0
0,0,0,0,0,0,0,0,0,0,0,0,0,0,0,0,0,0,0,0,0,0,0,0,0,0,0,0,0,0,0,0,0,0,0,0,0,0,0,0,0,0,0,0,0,0,0,0,0,0,0,0,0,0,0,0,0,0,0,0,0,0,0,0,0,0,0,0,0,0,0,0,0,0,0,0,0,0,0,0,0,0,0,0,0
0,0,0,0,0,0,0,0,0,0,0,0,0,0,0,0,0,0,0,0,0,0,0,0,0,0,0,0,0,0,0,0,0,0,0,0,0,0,0,0,0,0,0,0,0,0,0,0,0,0,0,0,0,0,0,0,0,0,0,0,0,0,0,0,0,0,0,0,0,0,0,0,0,0,0,0,0,0,0,0,0,0,0,0,0
0,0,0,0,0,0,0,0,0,0,0,0,0,0,0,0,0,0,0,0,0,0,0,0,0,0,0,0,0,0,0,0,0,0,0,0,0,0,0,0,0,0,0,0,0,0,0,0,0,0,0,0,0,0,0,0,0,0,0,0,0,0,0,0,0,0,0,0,0,0,0,0,0,0,0,0,0,0,0,0,0,0,0,0,0
0,0,0,0,0,0,0,0,0,0,0,0,0,0,0,0,0,0,0,0,0,0,0,0,0,0,0,0,0,0,0,0,0,0,0,0,0,0,0,0,0,0,0,0,0,0,0,0,0,0,0,0,0,0,0,0,0,0,0,0,0,0,0,0,0,0,0,0,0,0,0,0,0,0,0,0,0,0,0,0,0,0,0,0,0
0,0,0,0,0,0,0,0,0,0,0,0,0,0,0,0,0,0,0,0,0,0,0,0,0,0,0,0,0,0,0,0,0,0,0,0,0,0,0,0,0,0,0,0,0,0,0,0,0,0,0,0,0,0,0,0,0,0,0,0,0,0,0,0,0,0,0,0,0,0,0,0,0,0,0,0,0,0,0,0,0,0,0,0,0
0,0,0,0,0,0,0,0,0,0,0,0,0,0,0,0,0,0,0,0,0,0,0,0,0,0,0,0,0,0,0,0,0,0,0,0,0,0,0,0,0,0,0,0,0,0,0,0,0,0,0,0,0,0,0,0,0,0,0,0,0,0,0,0,0,0,0,0,0,0,0,0,0,0,0,0,0,0,0,0,0,0,0,0,0
0,0,0,0,0,0,0,0,0,0,0,0,0,0,0,0,0,0,0,0,0,0,0,0,0,0,0,0,0,0,0,0,0,0,0,0,0,0,0,0,0,0,0,0,0,0,0,0,0,0,0,0,0,0,0,0,0,0,0,0,0,0,0,0,0,0,0,0,0,0,0,0,0,0,0,0,0,0,0,0,0,0,0,0,0
0,0,0,0,0,0,0,0,0,0,0,0,0,0,0,0,0,0,0,0,0,0,0,0,0,0,0,0,0,0,0,0,0,0,0,0,0,0,0,0,0,0,0,0,0,0,0,0,0,0,0,0,0,0,0,0,0,0,0,0,0,0,0,0,0,0,0,0,0,0,0,0,0,0,0,0,0,0,0,0,0,0,0,0,0
0,0,0,0,0,0,0,0,0,0,0,0,0,0,0,0,0,0,0,0,0,0,0,0,0,0,0,0,0,0,0,0,0,0,0,0,0,0,0,0,0,0,0,0,0,0,0,0,0,0,0,0,0,0,0,0,0,0,0,0,0,0,0,0,0,0,0,0,0,0,0,0,0,0,0,0,0,0,0,0,0,0,0,0,0
0,0,0,0,0,0,0,0,0,0,0,0,0,0,0,0,0,0,0,0,0,0,0,0,0,0,0,0,0,0,0,0,0,0,0,0,0,0,0,0,0,0,0,0,0,0,0,0,0,0,0,0,0,0,0,0,0,0,0,0,0,0,0,0,0,0,0,0,0,0,0,0,0,0,0,0,0,0,0,0,0,0,0,0,0
0,0,0,0,0,0,0,0,0,0,0,0,0,0,0,0,0,0,0,0,0,0,0,0,0,0,0,0,0,0,0,0,0,0,0,0,0,0,0,0,0,0,0,0,0,0,0,0,0,0,0,0,0,0,0,0,0,0,0,0,0,0,0,0,0,0,0,0,0,0,0,0,0,0,0,0,0,0,0,0,0,0,0,0,0
0,0,0,0,0,0,0,0,0,0,0,0,0,0,0,0,0,0,0,0,0,0,0,0,0,0,0,0,0,0,0,0,0,0,0,0,0,0,0,0,0,0,0,0,0,0,0,0,0,0,0,0,0,0,0,0,0,0,0,0,0,0,0,0,0,0,0,0,0,0,0,0,0,0,0,0,0,0,0,0,0,0,0,0,0
0,0,0,0,0,0,0,0,0,0,0,0,0,0,0,0,0,0,0,0,0,0,0,0,0,0,0,0,0,0,0,0,0,0,0,0,0,0,0,0,0,0,0,0,0,0,0,0,0,0,0,0,0,0,0,0,0,0,0,0,0,0,0,0,0,0,0,0,0,0,0,0,0,0,0,0,0,0,0,0,0,0,0,0,0
0,0,0,0,0,0,0,0,0,0,0,0,0,0,0,0,0,0,0,0,0,0,0,0,0,0,0,0,0,0,0,0,0,0,0,0,0,0,0,0,0,0,0,0,0,0,0,0,0,0,0,0,0,0,0,0,0,0,0,0,0,0,0,0,0,0,0,0,0,0,0,0,0,0,0,0,0,0,0,0,0,0,0,0,0
0,0,0,0,0,0,0,0,0,0,0,0,0,0,0,0,0,0,0,0,0,0,0,0,0,0,0,0,0,0,0,0,0,0,0,0,0,0,0,0,0,0,0,0,0,0,0,0,0,0,0,0,0,0,0,0,0,0,0,0,0,0,0,0,0,0,0,0,0,0,0,0,0,0,0,0,0,0,0,0,0,0,0,0,0
0,0,0,0,0,0,0,0,0,0,0,0,0,0,0,0,0,0,0,0,0,0,0,0,0,0,0,0,0,0,0,0,0,0,0,0,0,0,0,0,0,0,0,0,0,0,0,0,0,0,0,0,0,0,0,0,0,0,0,0,0,0,0,0,0,0,0,0,0,0,0,0,0,0,0,0,0,0,0,0,0,0,0,0,0
0,0,0,0,0,0,0,0,0,0,0,0,0,0,0,0,0,0,0,0,0,0,0,0,0,0,0,0,0,0,0,0,0,0,0,0,0,0,0,0,0,0,0,0,0,0,0,0,0,0,0,0,0,0,0,0,0,0,0,0,0,0,0,0,0,0,0,0,0,0,0,0,0,0,0,0,0,0,0,0,0,0,0,0,0
0,0,0,0,0,0,0,0,0,0,0,0,0,0,0,0,0,0,0,0,0,0,0,0,0,0,0,0,0,0,0,0,0,0,0,0,0,0,0,0,0,0,0,0,0,0,0,0,0,0,0,0,0,0,0,0,0,0,0,0,0,0,0,0,0,0,0,0,0,0,0,0,0,0,0,0,0,0,0,0,0,0,0,0,0
0,0,0,0,0,0,0,0,0,0,0,0,0,0,0,0,0,0,0,0,0,0,0,0,0,0,0,0,0,0,0,0,0,0,0,0,0,0,0,0,0,0,0,0,0,0,0,0,0,0,0,0,0,0,0,0,0,0,0,0,0,0,0,0,0,0,0,0,0,0,0,0,0,0,0,0,0,0,0,0,0,0,0,0,0
