0.0008187890540832,0.0083423112834878,0.0146412411118294,0.0158155569920276,0.0140846082022553,0,0,0,0,0,0,0,0,0,0,0,0,0,0,0,0,0,0.0003160238454356,4.30941607412e-05,4.30941607412e-05,0.0002154708037061,0.0007110536522301,6.46412411118e-05,0.000107735401853,0.0015298427063133,0.000107735401853,0.000107735401853,0.0001508295625943,0.0001723766429649,0.0001292824822237,0.0002585649644473,6.46412411118e-05,0.000775694893342,4.30941607412e-05,0.0004093945270416,0.000387847446671,0.0004632622279681,0.0004093945270416,0.0007397830927243,0.000107735401853,0.0003447532859298,0.0008044243338361,0.0005314946491417,0.0006105006105006,0.0001508295625943,0.0006105006105006,0.000107735401853,0.0019105077928607,0.0007972419737126,8.61883214824e-05,0.0001292824822237,0.000495582848524,0.000107735401853,0.000107735401853,0.0001292824822237,0,0.0001723766429649,0.000107735401853,0.0002729296846944,0.0005925447101918,0,0,0.0002513826043238,0,0,0,0,0,0,0,0,0,0,0,0,0,0,0,0,0
0.007010079063311,0.0415474681634378,0.0646508540044661,0.070348240690446,0.0715372080391092,0,0,0,0,0,0,0,0,0,0,0,0,0,0,0,0,0,0.0019433882551753,0.0010320478001086,0.0024624298388557,0.0025348542458809,0.0019011406844106,0.0029090470155109,0.0012553563884362,0.0003259098316133,0.0018709638481502,0.0022753334540407,0.0006156074597139,0.0045567022753335,0.0022994749230491,0.0005793952562013,0.0010441185346128,0.0010863661053775,0.0041945802402076,0.0025318365622548,0.0026797030599312,0.0010863661053775,0.0014364174059992,0.0028366226084857,0.0016235137908142,0.0056309976462068,0.0031112318184562,0.0025589957148893,0.000621642826966,0.0008238276299113,0.0031685678073511,0.0008509867825457,0.0043364113706319,0.000434546442151,0.0007876154263987,0.0006970849176172,0.0017864687066208,0.0026887561108093,0.0010139416983523,0.0015390186492848,0.0014665942422596,0.001176896614159,0.0015028064457722,0.0017321504013519,0.0020882370692257,0,0,0.0002112378538234,0,0,0,0,0,0,0,0,0,0,0,0,0,0,0,0,0
0.0134821428571429,0.0708465608465608,0.12239417989418,0.129229497354497,0.121570767195767,0,0,0,0,0,0,0,0,0,0,0,0,0,0,0,0,0,0.0031415343915344,0.0006150793650794,0.0026653439153439,0.0024470899470899,0.002093253968254,0.0048346560846561,0.0026388888888889,0.0020039682539683,0.0031878306878307,0.0023280423280423,0.0012698412698413,0.003234126984127,0.0064318783068783,0.0026587301587302,0.0022619047619048,0.0012896825396825,0.0022883597883598,0.0055522486772487,0.0060119047619048,0.0042328042328042,0.0035019841269841,0.0051851851851852,0.0023478835978836,0.005353835978836,0.0035185185185185,0.0042592592592593,0.0032771164021164,0.0020734126984127,0.0034854497354497,0.0024603174603175,0.0024702380952381,0.0010714285714286,0.000922619047619,0.0023280423280423,0.0026917989417989,0.0022619047619048,0.0019642857142857,0.0031051587301587,0.0007804232804233,0.0024603174603175,0.002989417989418,0.0009722222222222,0.0035218253968254,0,0,0.0002314814814815,0,0,0,0,0,0,0,0,0,0,0,0,0,0,0,0,0
0.0147271268057785,0.077956126270733,0.130681514178705,0.12560861423221,0.138068485821295,0,0,0,0,0,0,0,0,0,0,0,0,0,0,0,0,0,0.0032403691813804,0.0006420545746388,0.0019930444087747,0.0021803103263777,0.0044040930979133,0.0041700107009096,0.0060694221508828,0.0011771000535045,0.0048421615837346,0.0032704654895666,0.0013242375601926,0.0025949705724987,0.0039760567148208,0.0015248796147673,0.0039860888175495,0.0031768325307651,0.0026217228464419,0.0039091760299625,0.0041666666666667,0.0022505350454789,0.0024913055109684,0.0033774745853398,0.010142455858748,0.0048421615837346,0.0063503210272873,0.0069923756019262,0.0025648742643125,0.0036918138041734,0.0034510433386838,0.0025682182985554,0.0057049224184056,0.0017054574638844,0.0009329855537721,0.0014814071696094,0.0022338148742643,0.0031868646334938,0.0014847512038523,0.0010934991974318,0.0003410914927769,0.002207062600321,0.00232075976458,0.0009630818619583,0.0042034510433387,0,0,0.0007022471910112,0,0,0,0,0,0,0,0,0,0,0,0,0,0,0,0,0
0.0132080554994275,0.0798343099616084,0.123806156125817,0.139044924900653,0.139065131002896,0,0,0,0,0,0,0,0,0,0,0,0,0,0,0,0,0,0.004812420017512,0.0015760759749444,0.002188994409645,0.0027884421095171,0.0053950292988483,0.0041388832760827,0.0034384050649963,0.0018454906715161,0.00423654610359,0.003616892301475,0.0013942210547585,0.004606991311376,0.0043375766148043,0.0025459688826025,0.0021553175725736,0.0030443860712602,0.0026335286589883,0.005182865225298,0.0045126961675759,0.0024853505758739,0.0012325722368155,0.0058462989156058,0.0044756516467973,0.0079174243955008,0.005597090321277,0.0048663029568263,0.0037246581801037,0.0024045261669024,0.0011921600323298,0.0019397858153162,0.0038997777328753,0.0024247322691453,0.0024146292180238,0.0033205361352462,0.0016434296490874,0.002094699265845,0.0019397858153162,0.0005657708628006,0.001266249073887,0.0026874115983027,0.0021351114703307,0.0013066612783727,0.005459015289284,0,0,0,0,0,0,0,0,0,0,0,0,0,0,0,0,0,0,0,0
0,0,0,0,0,0.102495054581194,0.121954127346268,0.116268148719614,0.110390112882343,0.0982186586506543,0.0951076573935307,0.0636823567580842,0.048159635062762,0.0360485104782947,0.0397188889350944,0.0261715759850151,0.0341231539602294,0.0250761475989825,0,0,0,0,0.0007422967038299,0.0013531163772573,0.0014350979207138,0.001325795606126,0.0016239067913494,0.0018979225086839,0.0025674899335874,0.0006420112293951,0.0019364681979371,0.0014149762738827,0.0011431703167792,0.0023705431610587,0.0013519647006576,0.0017260776936423,0.0025498762201609,0.0020088169942803,0.0025550273294007,0.0018289645335891,0.0031956794903998,0.002139019222001,0.0020800263696944,0.0011454101800244,0.0033505531144531,0.0022610211275305,0.0029059373438717,0.0028477362908648,0.0020694453831978,0.0025339958003997,0.0026420507707693,0.0024998794911689,0.0022720647156902,0.0009054653702722,0.0009754822028232,0.0019298917076056,0.002260111222426,0.0029767443137842,0.0013883840588029,0.0010993583608587,0.0023089028164136,0.0020628000830732,0.0013783878513488,0.0015737450375108,0.0013103568306177,0,0,0,0,0,0,0,0,0,0,0,0,0,0,0,0,0,0,0,0
0,0,0,0,0,0.102043249412184,0.127700238381071,0.121674876708914,0.116488251075938,0.102802773449008,0.0993987080968289,0.0629897085828115,0.0431276295604819,0.0335107617200666,0.0362696869815709,0.0222310664514116,0.0288504152929814,0.0207255654937848,0,0,0,0,0.0006678131741748,0.0016467610091345,0.0016461029102239,0.0014392025520991,0.0014777149006955,0.0018710884558205,0.0022864589223483,0.0007097155329707,0.002096279275606,0.0012653161574538,0.0010835931417397,0.0023562759534817,0.001474732178283,0.0019929095385763,0.0020719413359701,0.0021581478648093,0.0029637562743439,0.0016972575370481,0.003136023160785,0.0020319337220086,0.0023569040014227,0.000924725028156,0.0033191910041563,0.0023796952226567,0.0023499320114336,0.0025075154052942,0.0020817298956752,0.0027189614235142,0.0026501828178818,0.002523632996215,0.0021597190616867,0.0008242886223962,0.0009697167630888,0.0021698451307608,0.0026695020454857,0.003078314689131,0.0013380633939442,0.0009441387692646,0.0020712478704445,0.001957113602625,0.0010441087551873,0.0015039174024811,0.0015715992824736,0,0,0,0,0,0,0,0,0,0,0,0,0,0,0,0,0,0,0,0
0,0,0,0,0,0.10128174428125,0.126672853230951,0.122404255827292,0.117867445267851,0.101479605477255,0.0990170594768971,0.0604295382942925,0.0438160815437767,0.0336161296497609,0.0380267480873394,0.022146166016017,0.0296876737763575,0.0212289901937752,0,0,0,0,0.000683704757169,0.0015647085230453,0.0016655011140654,0.0012751620718685,0.0015498978526429,0.0017999862349187,0.0024519004092971,0.0007613029089136,0.0022318333558631,0.0012634220423206,0.0013562941426422,0.0022419116550701,0.0012901713675708,0.0020107821731793,0.002136735474305,0.0018825154037644,0.0030366404710036,0.0016669865483679,0.003521691015447,0.0018669221766573,0.0023004782808405,0.000996955150992,0.0033178260946425,0.002725151389978,0.0027141426964281,0.0026025773666286,0.0019420778215376,0.002497006827971,0.0026866623947042,0.0024018575500876,0.0020907682242483,0.0008202330112568,0.0011125874828873,0.0022088968608033,0.0025803567154168,0.0029840055947812,0.0012206862696846,0.0008957473961148,0.0022248354085307,0.001773007258248,0.0010999013302215,0.0015789501560095,0.0012929278970596,0,0,0,0,0,0,0,0,0,0,0,0,0,0,0,0,0,0,0,0
0,0,0,0,0,0.100428874885564,0.126655125060376,0.123098249051927,0.117769789091788,0.101208277797621,0.0994306743045719,0.0651948945130539,0.0436675586387557,0.0330770187063074,0.0372312206983809,0.0221760298411924,0.0277131483605464,0.020091241111656,0,0,0,0,0.0008455022112411,0.0015054862439631,0.0016364660322134,0.001209659556867,0.0016163900378919,0.0018743642728542,0.0025521464165531,0.0007216568347354,0.0019466083294681,0.001283122514809,0.0014994526842953,0.0023923565784124,0.0013298598034458,0.0019218106071707,0.0019857608008934,0.0021114389002691,0.0030866965936573,0.0016714184849698,0.0034148718113135,0.0018299650469708,0.0024798466865688,0.0009851421215044,0.0032169164578732,0.0023809624527294,0.0027669731886526,0.0027324426475555,0.001906277488061,0.0025994701411305,0.0024865108837675,0.0024036847414152,0.0020632985997346,0.0008507014886068,0.0009492664958495,0.002455139650172,0.0026559242034595,0.0030519981075799,0.0012255572592875,0.0008350599486655,0.0019016690505989,0.0018843056303108,0.0012109131367438,0.001457420811369,0.0013233829846294,0,0,0,0,0,0,0,0,0,0,0,0,0,0,0,0,0,0,0,0
0,0,0,0,0,0.100506614093432,0.125723857712181,0.119208987465794,0.11383826254774,0.0990720781445122,0.0969505157212065,0.064315990609624,0.0464977282356061,0.0346968056346959,0.0386296248688325,0.0241716956045243,0.0314261557100978,0.0225538559238352,0,0,0,0,0.0008106603899911,0.0013812312188228,0.0015267646270625,0.0013313840764458,0.0017050309231941,0.0021338731907996,0.0021107856754593,0.000691146492727,0.0021846584956427,0.0012057756267525,0.0011238073369587,0.0023982694535686,0.0013268875602765,0.0021134661686244,0.0022920724877527,0.0022085570894703,0.0028132139396927,0.0016994957324576,0.0034307514803713,0.002020942455232,0.0022737970243434,0.0009925183742296,0.0032457575493692,0.0024156396111579,0.0026953753755547,0.0023384148867256,0.0020531084141067,0.0028102684548146,0.0026674037356423,0.0024785188208961,0.0021865588855761,0.0009753966235964,0.0008907004727472,0.0022237512241373,0.0023034542931465,0.0030041351035428,0.0012758685081592,0.0010085180800246,0.0020293994053985,0.0018254143012569,0.0011389017560764,0.0014899483169366,0.0015762040891775,0,0,0,0,0,0,0,0,0,0,0,0,0,0,0,0,0,0,0,0
0,0,0,0,0,0.0957302934484801,0.119571277334156,0.11441251062306,0.110008405613569,0.0953637642364077,0.106943751550761,0.0745587472556777,0.0465399609381188,0.0369937130105457,0.040439413487123,0.0242507376089402,0.0307251209074128,0.0219390642317642,0,0,0,0,0.0007565849876708,0.0021770363929546,0.001276821489243,0.0013684321227833,0.0015048890358587,0.0018988647670978,0.0023471549932519,0.0008250698484932,0.0029128367137532,0.0013164589785314,0.0012213253736138,0.0025375848702859,0.001529737031727,0.0020453961601296,0.0019646726050927,0.002202341573315,0.0032737951953623,0.0012042403284797,0.0031175201097157,0.0021086161961353,0.0026073510444582,0.0010914874787062,0.0029154000698762,0.0023844077795769,0.0024801463247244,0.0025557699081736,0.0019752231214164,0.0025391663680482,0.0026244941947279,0.002476926382328,0.0022528254475306,0.0006996410790135,0.0011979752483242,0.0021831764816349,0.0020634376313824,0.0028291071051022,0.0012337090161944,0.0008196228091707,0.0023149003187345,0.0018025080747114,0.0012323897863648,0.0014815845916267,0.0011726107186629,0,0,0,0,0,0,0,0,0,0,0,0,0,0,0,0,0,0,0,0
0,0,0,0,0,0.0649496673403346,0.0767785005113872,0.0707516650676128,0.0730874770992114,0.0641026705744345,0.0755479180318724,0.127928537942272,0.0924077404365334,0.0825025954132836,0.0624886812200731,0.0421747524843675,0.044382365509899,0.0382602955759875,0,0,0,0,0.0007459081845244,0.0021750771502995,0.0016140768824827,0.001332077100935,0.0024467378039248,0.0022404200577843,0.00198914059913,0.0010100831668287,0.002961072384623,0.0018015374320686,0.0013500578595017,0.0032620953069669,0.0009200642331606,0.0029078397979421,0.0028634700144254,0.001700071673173,0.0030323627120597,0.0017753070453955,0.0024528396355834,0.001528800461125,0.002667590040617,0.0012423854451398,0.0026612092271795,0.0021103446716881,0.0032784702124635,0.0019836427196495,0.0013051111519944,0.0024924844994578,0.0018324234776849,0.0027383151736493,0.0025073265695167,0.0014714041106618,0.0012744200461181,0.0020651703329899,0.002141633651617,0.0027596045867626,0.0018962986179155,0.0010395842187663,0.0021080212890271,0.0021154240078578,0.0010223560766288,0.0011012679265865,0.0007136052368245,0,0,0,0,0,0,0,0,0,0,0,0,0,0,0,0,0,0,0,0
0,0,0,0,0,0.0519617115150853,0.0556119433806214,0.0542704448594848,0.0517881923505244,0.0490265520519286,0.0498875721634923,0.0977576622512801,0.119092239095047,0.108042381966261,0.0859619493461163,0.0634286920572139,0.0681173174692755,0.0580801416210955,0,0,0,0,0.0006890576387146,0.0012025390608028,0.0014822186977014,0.0014007082032224,0.002351117990784,0.0027519022578206,0.0016857541548747,0.0015247166450226,0.0021958826801856,0.0022150619995992,0.0009738230621637,0.0023375055758879,0.0010828213291413,0.0027165901657211,0.0026714243934826,0.0022598309559407,0.0022839868582065,0.0018802244544321,0.0034964990177624,0.0018762193639454,0.0026540868501094,0.0016253319599119,0.0023248042129174,0.001847786686417,0.0038259951381593,0.0022836971783836,0.0021263344259407,0.0022903462442039,0.0026325521283272,0.0031445145794536,0.0026239357667034,0.0016375179959798,0.0020599614434577,0.0018452371225762,0.001745211410348,0.0034887229554287,0.0020042146737122,0.0007143373637474,0.0015839154843346,0.0025744898205041,0.001512153646939,0.0008775130099318,0.0004726552696756,0,0,0,0,0,0,0,0,0,0,0,0,0,0,0,0,0,0,0,0
0,0,0,0,0,0.0441630158250025,0.0490645614825677,0.047276867595082,0.0445419614451471,0.0415394027618571,0.0450262124490905,0.0991017231757172,0.122677605021452,0.121531148008074,0.0930793169691306,0.0687909921236349,0.0742170303906508,0.0616125680028374,0,0,0,0,0.000599541300718,0.0015255082447299,0.0013353333062515,0.0013142436112793,0.0024553131123769,0.0032883338188918,0.0016758565983725,0.001540263906021,0.0023393232184497,0.0027031187784563,0.0010544139644071,0.0028250048443257,0.0012018567009474,0.0025001569449217,0.0025693193104957,0.0020738493058837,0.0027974856602162,0.0019017414633052,0.0032804410069044,0.0011651837828715,0.0026570859588391,0.0016891090609622,0.0024261052281851,0.0020789523235623,0.0031613826496188,0.0018582353312334,0.0017739922368565,0.002496878006754,0.0019620362837835,0.0027368368676247,0.0027601155810632,0.0015713935577303,0.0021641970413004,0.0023084085099706,0.0020387117092804,0.0033833297386294,0.0021901523352556,0.0008762871185205,0.0020799946734441,0.0018476087753253,0.0015954093356178,0.000916450519723,0.0006586330266509,0,0,0,0,0,0,0,0,0,0,0,0,0,0,0,0,0,0,0,0
0,0,0,0,0,0.0409164433753485,0.0446536347260547,0.044969655192063,0.0421579651459053,0.0388884498260776,0.0413877414415949,0.0631167081670085,0.0820742229937794,0.0782677003660027,0.141760503198341,0.102736314892058,0.103554515877879,0.0833041786492243,0,0,0,0,0.0008082720512937,0.0011528996488151,0.0014860521422398,0.001808878548328,0.001403877375193,0.0024642475897044,0.001334080176164,0.0012944965209133,0.0019607429044028,0.0027400187381228,0.0020430690216032,0.0023139927301432,0.0010335011445513,0.0021524978591421,0.0020447109161445,0.002161841677536,0.0029342186005953,0.0027249906620444,0.0035386163980086,0.0038751422538006,0.002165982345341,0.0018586774136344,0.0020764113084731,0.0028946060434815,0.0036270347254965,0.0015474077618191,0.0031329523194098,0.0020837433331671,0.0035951154340323,0.0025301336481992,0.0018645024235882,0.0018421800010451,0.0011528015611856,0.0027783730845011,0.0016880714155087,0.0030388229939437,0.0030169505362863,0.0012234105465538,0.0012141040003185,0.0024147209781014,0.0026228287730954,0.000861515613104,0.0017054729296311,0,0,0,0,0,0,0,0,0,0,0,0,0,0,0,0,0,0,0,0
0,0,0,0,0,0.0276080947354791,0.0280271592483492,0.0268185132200824,0.0257135440354135,0.0249179915237034,0.0254154385575685,0.0436215707514127,0.0620143301417014,0.0592334100275553,0.105203396210221,0.0770457351950552,0.0782588350374406,0.0638184862246438,0,0,0,0,0.0005824572876631,0.0006775254560567,0.000835875439685,0.0014451493240073,0.0009971666306767,0.0015993627715115,0.0009267635096518,0.0008068418700661,0.0013008437948283,0.0018265030216101,0.001271015980767,0.0017014306943794,0.000654074793503,0.0019306743981218,0.0010286270337225,0.0015688314101235,0.0019396044692391,0.0021009981221606,0.0026651354304101,0.002866428086416,0.0015133301679976,0.0015636209437089,0.0016713385697677,0.0021786631592535,0.0025345844494021,0.0011312483944346,0.0023541447600901,0.0017224934458421,0.0021497177324755,0.0018486350197079,0.0014735746026041,0.0012524615421138,0.0008603385640544,0.0017318103290633,0.0011358469539478,0.0024948513180247,0.0021168827252557,0.0008649821945308,0.0008150754463983,0.00189365990012,0.0022165279276112,0.0005970826756157,0.0010079150878075,0,0,0,0,0,0,0,0,0,0,0,0,0,0,0,0,0,0,0,0
0,0,0,0,0,0.0322857533623709,0.0326231619082174,0.0322453810555514,0.0288216742949683,0.029057107048875,0.028881613652968,0.0411731790807217,0.0597336476269031,0.0573183834709334,0.0951108399678362,0.0701921551181967,0.0711437893472869,0.056173622266645,0,0,0,0,0.0005275277111903,0.0007902813595287,0.0009021489893708,0.0015934239002938,0.000995573890763,0.0018037250916126,0.0008197885686522,0.0007181560560282,0.0014774316861031,0.0019250675732722,0.0011866294862255,0.0016164583154097,0.0008093413628379,0.0015191828231531,0.0015055069309017,0.0016874228301949,0.0017879853760432,0.0019096353353278,0.0025912064065227,0.0022310094785653,0.001322366033777,0.0012627753107509,0.0018663534503357,0.0021740261059541,0.0026172040026504,0.001024305827396,0.0021131167993744,0.0016543899272851,0.0027302037086511,0.0017795286269214,0.0012918762718091,0.001118749228928,0.0009337507085979,0.0015832375457477,0.0009335942544718,0.0021476229294533,0.0019211044321347,0.0008407924877626,0.000867133091855,0.0016743208884992,0.0019544298523715,0.0006179563606026,0.0008748892427382,0,0,0,0,0,0,0,0,0,0,0,0,0,0,0,0,0,0,0,0
0,0,0,0,0,0.0294309747583477,0.0290711653395645,0.0286024180855063,0.0259192347165638,0.0258680675767652,0.0255816187893281,0.0440285462448864,0.0631787800076802,0.0590257807966114,0.0949095317816544,0.0710041554751285,0.0696810199872504,0.0580817315541168,0,0,0,0,0.0004639158143646,0.0007314826246503,0.0009852779164146,0.0010646337872658,0.0010661220324945,0.0016850979561559,0.0008686628328771,0.0010122880912839,0.0014564577222989,0.0019245440216003,0.0010795452034336,0.0016735637869503,0.00085083274607,0.0016102268293021,0.001351722628272,0.0013579806300697,0.0017367767183081,0.001985399085812,0.0024989134104493,0.00294756854492,0.0013515286319913,0.0013445103531157,0.0016202571306511,0.0019741392699779,0.0027687822873358,0.0012429831943378,0.002080499569241,0.001346282587941,0.0020484143823862,0.0019620999168734,0.0015772704339954,0.0012499966440653,0.000712720283849,0.0013697728841654,0.0009184855246867,0.0022449108791506,0.0019858840680351,0.0008032982212119,0.0007731337588734,0.0016412069648821,0.0016048229458223,0.0006571374541927,0.0010107258801809,0,0,0,0,0,0,0,0,0,0,0,0,0,0,0,0,0,0,0,0
0,0,0,0,0,0,0,0,0,0,0,0,0,0,0,0,0,0,0.0050840146255289,0.0055461977733043,0.0054306519863605,0.0056617435602481,0.0061239267080235,0.0058928351341358,0.0036974651822029,0.0040441025430344,0.0043907399038659,0.0046218314777536,0.003581919395259,0.0065861098557989,0.0046218314777536,0.0045062856908097,0.0043907399038659,0.0055461977733043,0.0053151061994166,0.0038130109691467,0.0003466373608315,0.0001155457869438,0.0001155457869438,0,0.0001155457869438,0,0.0003466373608315,0.0001155457869438,0.0002310915738877,0.0002310915738877,0,0.0001155457869438,0.0003466373608315,0.0001155457869438,0.0001155457869438,0.0003466373608315,0.0004621831477754,0,0.0001155457869438,0.0001155457869438,0.0002310915738877,0.0002310915738877,0.0001155457869438,0,0,0,0.0002310915738877,0,0.0003466373608315,0,0,0,0,0,0,0,0,0,0,0,0,0,0,0,0,0,0,0,0
0,0,0,0,0,0,0,0,0,0,0,0,0,0,0,0,0,0,0.0057988445265351,0.0060565709499366,0.0060565709499366,0.0063142973733382,0.0068297502201413,0.0065720237967398,0.0041236227744249,0.0045102124095273,0.0048968020446296,0.0051545284680312,0.0039947595627242,0.0073452030669444,0.0051545284680312,0.0050256652563304,0.0048968020446296,0.0061854341616374,0.0059277077382359,0.0042524859861257,0.0003865896351023,0.0001288632117008,0.0001288632117008,0,0.0001288632117008,0,0.0003865896351023,0.0001288632117008,0.0002577264234016,0.0002577264234016,0,0.0001288632117008,0.0003865896351023,0.0001288632117008,0.0001288632117008,0.0003865896351023,0.0005154528468031,0,0.0001288632117008,0.0001288632117008,0.0002577264234016,0.0002577264234016,0.0001288632117008,0,0,0,0.0002577264234016,0,0.0003865896351023,0,0,0,0,0,0,0,0,0,0,0,0,0,0,0,0,0,0,0,0
0,0,0,0,0,0,0,0,0,0,0,0,0,0,0,0,0,0,0.005581181785556,0.0059532605712597,0.0057052080474572,0.0060772868331609,0.0065733918807659,0.0063253393569634,0.0039688403808398,0.0043409191665435,0.0047129979522472,0.0049610504760497,0.0038448141189385,0.0070694969283709,0.0049610504760497,0.0048370242141485,0.0047129979522472,0.0059532605712597,0.0057052080474572,0.004092866642741,0.0003720787857037,0.0001240262619012,0.0001240262619012,0,0.0001240262619012,0,0.0003720787857037,0.0001240262619012,0.0002480525238025,0.0002480525238025,0,0.0001240262619012,0.0003720787857037,0.0001240262619012,0.0001240262619012,0.0003720787857037,0.000496105047605,0,0.0001240262619012,0.0001240262619012,0.0002480525238025,0.0002480525238025,0.0001240262619012,0,0,0,0.0002480525238025,0,0.0003720787857037,0,0,0,0,0,0,0,0,0,0,0,0,0,0,0,0,0,0,0,0
0,0,0,0,0,0,0,0,0,0,0,0,0,0,0,0,0,0,0.0052178975067679,0.0055657573405524,0.0054498040626242,0.0055657573405524,0.0061455237301933,0.0059136171743369,0.0037105048937016,0.0040583647274861,0.0044062245612707,0.004638131117127,0.0035945516157734,0.006609336841906,0.004638131117127,0.0045221778391988,0.0044062245612707,0.0055657573405524,0.0053338507846961,0.0038264581716298,0.0003478598337845,0.0001159532779282,0.0001159532779282,0,0.0001159532779282,0,0.0003478598337845,0.0001159532779282,0.0002319065558564,0.0002319065558564,0,0.0001159532779282,0.0003478598337845,0.0001159532779282,0.0001159532779282,0.0003478598337845,0.0004638131117127,0,0.0001159532779282,0.0001159532779282,0.0002319065558564,0.0002319065558564,0.0001159532779282,0,0,0,0.0002319065558564,0,0.0003478598337845,0,0,0,0,0,0,0,0,0,0,0,0,0,0,0,0,0,0,0,0
0.0004198873938353,0.0030728122912492,0.0045328752743582,0.0046235327798454,0.0068183987021662,0.0009148546550208,0.0009836526713797,0.00096732576866,0.0011454098092164,0.000976366521813,0.0009263996542421,0.0009013680065495,0.0007870999079505,0.0006031457574357,0.0009670108509465,0.0006805062098349,0.0006871603452379,0.0004871580896334,0.0059152959384115,0.0063096490009722,0.0061781979801187,0.0064411000218258,0.0068759380948115,0.006704002063533,0.0042819489452039,0.0046412707403005,0.0050081335055889,0.0052776276789278,0.004088484150562,0.0075213368745979,0.0052866695200869,0.0051395845264425,0.0050303596100114,0.0063503043827545,0.0060531495407859,0.0043867548793242,0.0004265555202759,0.0001383613933227,0.0001783194340459,7.74998770991e-05,0.0002268723843643,0,0.0004753230834105,0.0001518638974234,0.000318683605332,0.000304525440803,2.61181170317e-05,0.0002811865822018,0.0004209981492941,0.0001852906658992,0.0001572508970479,0.0004414302046173,0.0005396248283525,3.50312674642e-05,0.0001314510208536,0.0002055331711117,0.0003050332317513,0.000283314918277,0.0001730744199495,6.4025815209e-06,1.33129539899e-05,0,0.0003325043502702,2.66450867333e-05,0.0004295738801358,0,0,0,0,0,0,0,0,0,0,0,0,0,0,0,0,0,0,0,0
5.89101620029e-05,0.0016789396170839,0.0009131075110457,0.0009425625920471,0.0022974963181149,0.0017158073649757,0.0024956068901317,0.0022776994170516,0.0020983684555033,0.0017115875515722,0.0027426169816397,0.0027042711786198,0.0014132933291909,0.0015789796677411,0.0014191362687476,0.0008144275069712,0.0010591399663786,0.0007903028769418,0.0058563846075329,0.0062468102480351,0.0061166683678677,0.0063769521282025,0.0068975196488721,0.0065305241864393,0.0042180461031194,0.0045987866141669,0.0050001724534434,0.0052721673861762,0.0040768815250649,0.0074347380276116,0.0052949841875221,0.0051123863615457,0.0049760691826014,0.0063983958918383,0.006005341961546,0.004374968872324,0.0004042248804825,0.0002035626394793,0.0002093401461455,7.76185821502e-05,0.0002031017859456,6.3637520682e-06,0.0004633957043758,0.0001645091765117,0.000377622579059,0.0003067344105691,4.71962917724e-05,0.0001733194823541,0.0004600583068671,0.0001825760820861,0.0002017682828773,0.0004893505150224,0.0005595459865638,1.52730049637e-05,0.0001751047883641,0.0001563311675251,0.0003287698789523,0.0003047466742135,0.000160537786852,5.14661763904e-05,5.32339495347e-05,4.27845616849e-05,0.00031663992381,2.60600199957e-05,0.0004211862805183,0,0,0,0,0,0,0,0,0,0,0,0,0,0,0,0,0,0,0,0
7.32600732601e-05,0.004981684981685,0.0049206349206349,0.0036385836385836,0.003968253968254,0.002263039028818,0.0031022708692682,0.0030149840680261,0.0028365411225033,0.0023527834381143,0.0020003536664807,0.0024956111798387,0.002166319635102,0.0017188136403545,0.0022748028946593,0.0012495266188112,0.0015035816489513,0.0013238093030802,0.0045696877380046,0.0048743335872049,0.0047727849708048,0.004975882203605,0.005478698778607,0.0052455188718279,0.0031837871682506,0.0036199987764065,0.0039023116603778,0.0040789178501404,0.0031956067407791,0.0058089779711235,0.004118261691224,0.0039951755015465,0.0039068488086004,0.0049368812391794,0.0046979417512903,0.0034373760941418,0.0003916012782237,0.0001284414124583,0.0001828023593366,0.0001502827362349,0.0002530505750494,2.57201646091e-05,0.0004252602133391,0.0001015486164001,0.0003745148103247,0.0002643039674597,8.37501377795e-05,0.0001918738762623,0.0003711005913909,0.0001883068668084,0.0001846830629299,0.0004424366645466,0.0004490752235183,2.67053968857e-05,0.0001226572057384,0.0002053106765473,0.0002963215373116,0.0002839907364539,0.0001794528144846,1.65714411157e-05,1.65714411157e-05,2.57201646091e-05,0.0002904478636194,2.54587049049e-05,0.0003874241302335,0,0,0,0,0,0,0,0,0,0,0,0,0,0,0,0,0,0,0,0
0.0003434065934066,0.0048076923076923,0.004235347985348,0.003731684981685,0.004739010989011,0.0019600103311719,0.0025428218168098,0.0021640971700461,0.0019656967799089,0.0019234659373652,0.002009884680338,0.0019308713746726,0.0019192396053769,0.0015859382039957,0.0025959146474804,0.0020252934035968,0.0024897248442091,0.0013410290974214,0.0046857149657273,0.0049980959634425,0.0048939689642041,0.0051022229626809,0.005567293508197,0.0053615661246897,0.0033937488528811,0.003639844407473,0.0040472979628795,0.0042173918486472,0.003292687593732,0.005949505105869,0.0042326520275237,0.0041207782026142,0.0040151513397436,0.0050288358325231,0.0048132255820993,0.003575641348958,0.0003348794968381,0.0002452121850548,0.0001871613905807,0.0003018266484437,0.0003736032043401,5.06091753136e-05,0.0003989217356048,0.00011938117575,0.0004224026649097,0.0003159016563332,8.84181017018e-05,0.0001838274210565,0.0004244118077276,0.0002749691612532,0.0003306550447086,0.0004056818419435,0.0004746213862599,0,0.0001381268900297,0.0002136126479397,0.0002708052274938,0.0003066896180116,0.0001760213288975,4.89982578397e-05,3.74362988692e-05,6.42016939669e-05,0.0003127127541096,0.0001087422962423,0.0003549540068978,0,0,0,0,0,0,0,0,0,0,0,0,0,0,0,0,0,0,0,0
0.0010617760617761,0.0033783783783784,0.0033944658944659,0.0070624195624196,0.0085907335907336,0.0022493303528827,0.0024462172342594,0.0024644772161394,0.0024609902378714,0.0023079360018911,0.002070917119166,0.0033229344499249,0.0030183271503308,0.0027760522126423,0.0018876459301582,0.0013093426704606,0.0014574842995404,0.0012582160924034,0.0047665239496923,0.0050842922130051,0.0049783694585675,0.0051902149674427,0.0056285104038038,0.0054619000899101,0.0034277061881697,0.0037920629562114,0.0039338625171473,0.0043869102166765,0.0033959575093941,0.0060978591202837,0.0043463288332101,0.0042233163594728,0.0040809186462496,0.0052424571505374,0.0049401342520764,0.003592657892451,0.0004277081136353,0.0002363654613683,0.0001915815902912,0.0001650195505901,0.000260528284162,7.60121295512e-05,0.0004121149212165,0.0001677225263847,0.0003681482064541,0.0003335099547394,0.0001947505027601,0.0001754095919746,0.000402001216665,0.0001797781388596,0.0001984059566722,0.0004413470164292,0.0005533959841573,5.6012430874e-05,0.0001596966055467,0.0001575484431226,0.0003199237196293,0.0002572861287007,0.0001581160315199,6.81999206046e-05,5.01334798066e-05,6.6570738906e-05,0.0003056367791371,5.49035004251e-05,0.0003664377879629,0,0,0,0,0,0,0,0,0,0,0,0,0,0,0,0,0,0,0,0
9.3984962406e-05,0.0050334168755221,0.0076336675020886,0.0065110693400167,0.0064170843776107,0.0025596981202644,0.0030158991557633,0.0027868207935364,0.002778662825547,0.0028124074291021,0.0025443122208262,0.0029626607343068,0.0034398778222758,0.0036200517041309,0.0032262188838893,0.0020447993328754,0.0025710993630443,0.0019363844934774,0.0048853569567483,0.0052110474205315,0.0051024839326038,0.0053196109084593,0.0057752987100547,0.0056074587331041,0.0034885481613043,0.0038474451952571,0.0042714652109745,0.0043629899644842,0.0034440177836243,0.0062592055538501,0.0044239786458795,0.0043589584822771,0.0042105606963564,0.0052954246710069,0.0050345052145193,0.003642447717929,0.0004153023708023,0.0002532119561071,0.0001828446015959,3.35107576175e-05,0.0002675059359118,0.0001922571187455,0.0004374733846914,0.0001921550120293,0.0003254721247431,0.0003470909813922,0.0001754311151524,0.0001608030133627,0.0004838267543557,0.0002601885931315,0.0002461328681515,0.0003916335553805,0.000505278552708,2.95057641199e-05,0.0002358449972107,0.0001659488174726,0.000269390179155,0.0003318855515077,0.0001772616322418,3.99608968255e-05,4.78528032836e-05,8.37126902545e-05,0.0002513808782359,2.64995111136e-05,0.0004504896168776,0,0,0,0,0,0,0,0,0,0,0,0,0,0,0,0,0,0,0,0
0.0001708817498291,0.0023695602642971,0.0045454545454545,0.0103383458646617,0.0058156755525177,0.0037775270553977,0.0040204481050862,0.0041412480597219,0.0041273946832294,0.0030348856242847,0.0034308892365476,0.0028695018690799,0.0022987556657382,0.0020126316085717,0.0019053728831816,0.0012925912108302,0.0012747908364209,0.0010889457522191,0.0041303472452508,0.0044057037282676,0.0043139182339287,0.0044974892226065,0.0048807502180154,0.0047303529656854,0.0029815469591001,0.0032769331076376,0.0036071893161985,0.0037571103094084,0.0027692010687137,0.0052589110721027,0.0037200393966548,0.003667927486825,0.0035743555789555,0.0044840427558837,0.0042677116361092,0.0031427340330384,0.000342204598065,0.0001717760246223,0.0002290330076862,7.49981013139e-05,0.0002752756667809,8.12096999399e-05,0.0003747728176637,0.000200376229984,0.0002850953980047,0.0003618121647317,0.0001742096265787,0.0002487377406489,0.0003656048803971,0.0001725696738501,0.0001804417434925,0.000350799371755,0.000484103742695,3.98125104128e-05,0.0001287518819245,0.0001724871655557,0.0003315103707496,0.0003141445834731,0.0001551445483813,7.17832818447e-05,0.0001030481431825,7.86356946644e-05,0.0002532623971116,6.90077366551e-05,0.0002918626600202,0,0,0,0,0,0,0,0,0,0,0,0,0,0,0,0,0,0,0,0
0.0023533311236327,0.0005966191581041,0.0033476963871395,0.0019445365153022,0.0030272898022318,0.0009160949096936,0.0012103037511216,0.0012470530248097,0.001131879397404,0.0009637564782573,0.0011696465833627,0.0014131790013868,0.0020164466071065,0.0017939964752263,0.0017930729071583,0.0010913893509247,0.0010830659777688,0.0012307168441595,0.0073654407204061,0.0078564701017666,0.0076927936413131,0.00802014656222,0.0087079979128175,0.0083662365275908,0.0052563837789748,0.0057424457634373,0.006281785265443,0.0066222685210108,0.0051002896244523,0.0091796514329602,0.0066326676081529,0.0063833819576853,0.0062715880504792,0.0079427104380287,0.0075620379743294,0.0054145813984779,0.000526150982423,0.0002046910039066,0.0002068264469636,4.10145434531e-05,0.0001636764604535,0.000166479836858,0.0005612072189499,0.0001774461080193,0.0003700568279004,0.0003737566332039,4.8596849384e-05,0.0003358360494958,0.0005330939754488,0.0001886008465523,0.0001833390504098,0.0005182742772476,0.0006952089412145,5.28080987399e-05,0.0002350045588493,0.0001859859375193,0.0004373053690367,0.0003273529209069,0.0002057410545419,7.5823059309e-06,2.08405094443e-05,1.37696475659e-05,0.0003708124792913,1.32582035134e-05,0.000519324327883,0,0,0,0,0,0,0,0,0,0,0,0,0,0,0,0,0,0,0,0
0.0001549426712117,0.0032021485383741,0.0049788245016011,0.0074785662638157,0.0064972626794753,0.0025833577911743,0.003342224007745,0.0034179486968316,0.0028544625395237,0.002848112268723,0.003860614386341,0.003873159756893,0.0027150827065202,0.0025473758257305,0.0025391833273936,0.0016451018056072,0.0020831466289957,0.0016554964131988,0.0048323704387792,0.0051545284680312,0.0050471424582805,0.0052619144777818,0.0057224470510268,0.0055706449695189,0.0034839957908402,0.0038194864283077,0.0041860520649573,0.0043759962310652,0.0033730509062944,0.0062010406488371,0.0043416963552587,0.0044027010675453,0.0041763106037208,0.0052952803470594,0.0051302526616497,0.0036097902800002,0.0004335635365586,0.0001672384836626,0.0003057839067062,7.55049267028e-05,0.0003276969653386,0.0001384852996355,0.0004077590375892,0.0002366088297257,0.0003728291696768,0.000418898852306,0.0001286545239378,0.00030046320647,0.0003795547444265,0.0002286023505802,0.0002138735005481,0.0004409708065099,0.0005656258881871,8.41736516941e-05,0.0001663482680669,0.0002014407637999,0.0003379777172183,0.0004063536471839,0.0001723104279641,2.05632291866e-05,4.11264583731e-05,0.000207504269807,0.0002673131238555,6.8863409427e-06,0.0003587964056922,0,0,0,0,0,0,0,0,0,0,0,0,0,0,0,0,0,0,0,0
0.0001485001485001,0.0037323037323037,0.0034848034848035,0.0048411048411048,0.0053163053163053,0.0018091692483116,0.0019334872676269,0.001854419879165,0.00180330731811,0.0015065928309319,0.0016722587024588,0.0022584762402024,0.0026249175463026,0.0028211343592205,0.003400813277878,0.0022138279866916,0.002601442666584,0.0020965926555479,0.0045156542681295,0.0048166978860048,0.0047163500133797,0.0049170457586299,0.0053319182509248,0.0051549010090429,0.0032393314877404,0.003563916283342,0.0038984458702825,0.0041324013886036,0.0031875128679685,0.0057198287396307,0.0042196365740923,0.0039287122095327,0.0038709251935603,0.0048937733184952,0.0048104415799349,0.0033679629901001,0.0003683106038805,0.0001469137562951,0.0002684223922503,2.24066501262e-05,0.0003363564493972,7.22597597598e-05,0.0004169919035849,0.0002552521901852,0.0002640817122224,0.0002778760656495,0.0001738773761831,0.0002016782317394,0.0003399203244683,0.0001639341584994,0.0002184924166742,0.0003506070065529,0.0005087418951504,3.5318069911e-05,0.0001531600961433,0.0002079017715043,0.0002762814013312,0.0003820937224273,0.0002167376285259,2.00119674555e-05,5.93090789696e-05,0.0001338271186244,0.0002799692169491,6.34126926002e-05,0.0003580721286266,0,0,0,0,0,0,0,0,0,0,0,0,0,0,0,0,0,0,0,0
0.0002816901408451,0.0013682092555332,0.0025754527162978,0.0026559356136821,0.0027766599597586,0.0019804218163921,0.0022434956596582,0.0026973060977618,0.0028552958157286,0.001902558336654,0.0021020557838818,0.0022931968712099,0.0015636032265727,0.0014910304510771,0.0034358090306961,0.0020873304698229,0.0021727018761874,0.0015934695397161,0.0059615116441222,0.0063589457537303,0.0062264677171943,0.0064914237902664,0.0070708435081568,0.0067982917001737,0.0042920310855047,0.0047050787530517,0.0051040221941825,0.0054084948663056,0.0042086778366293,0.0076142378866382,0.0054233216572261,0.0052448310369085,0.0049336975951116,0.0065140974542828,0.0061315606469422,0.0043807177498434,0.0004458913537804,0.0002419896961361,0.0002622896327934,0.0001165629284706,0.0002953222957112,4.02414486922e-05,0.0004841360280886,0.0001915021670946,0.0004036715165717,0.0004350812550211,0.0002020613859658,0.0004337362340782,0.0005366127789912,0.0002543020983156,0.0001890924123252,0.0004829399235321,0.0006387640851308,0.0001458855774984,0.0001959092030928,0.0002276034448564,0.0003842893360194,0.0004242863030724,0.0002039071222972,9.2055601583e-06,5.89635676628e-05,0.0001638292441938,0.0002930141160204,2.79756617785e-05,0.0005622327327923,0,0,0,0,0,0,0,0,0,0,0,0,0,0,0,0,0,0,0,0
0.00024161884627,0.0076009262055774,0.0049229839927514,0.0039061713480318,0.0068861371186953,0.0030822072812919,0.0036614436063616,0.0033462782843119,0.0034190973509657,0.0030472726037943,0.0032779373271558,0.0041586542708267,0.0028168671844738,0.0029982081011659,0.002920620845445,0.0020971122512118,0.0022213486363981,0.0018540114679957,0.005651727963494,0.006028509827727,0.0059029158729826,0.0061541037824713,0.0066993697399461,0.0065607230603416,0.0040705786115855,0.0044228239034453,0.004921038001773,0.0051051028540785,0.0039626424354321,0.0072374380524109,0.0051609391966055,0.0049765432689137,0.0048890160597683,0.0060983009318366,0.0059000711977625,0.0042711802059263,0.0004795082115333,0.0002659787488226,0.000203210589214,0.0003019774538861,0.0002619615595016,4.37000880955e-05,0.0004927655759381,0.00019607957109,0.0004892491787063,0.0003995051800329,0.0001524856377476,0.0002793775152406,0.0004582217935188,0.0002309290952045,0.0001825393126363,0.0005462034544598,0.0006954621278843,0.0001851469585418,0.0001745060610389,0.000241066896622,0.0004593627402882,0.0004172332663019,0.0001834546088822,0.0001070250348647,0.0001411950263569,0.0001388194967036,0.0004112608626893,4.37165491263e-05,0.0004793281048531,0,0,0,0,0,0,0,0,0,0,0,0,0,0,0,0,0,0,0,0
0.0001970443349754,0.0041707717569787,0.0106458675424193,0.0065079365079365,0.0070498084291188,0.0019113983698952,0.002491788852961,0.0020939333000114,0.0020666327060445,0.0018332400545429,0.0021486651181269,0.0012753993852778,0.0014188693278403,0.001386970261783,0.0014183912259704,0.0008766105853156,0.0012093606571142,0.0010249111699786,0.0058893820416524,0.0062820075110959,0.0061511323546148,0.0064128826675771,0.006943727864028,0.0066956111525283,0.0042119477770189,0.0046029927405824,0.0050423439262573,0.0052775502938409,0.0041009275032038,0.0074925019929562,0.0054368884529207,0.0053191319539051,0.0050039173095736,0.0064154797161877,0.0059696593633091,0.0043540041320327,0.0004862262781218,0.0002274831486264,0.0002824305763225,9.97591061881e-05,0.0003031178027905,3.94088669951e-05,0.0004731741584822,0.0002043229885497,0.0002994288941569,0.0003466701557607,0.0001447173944113,0.0002045843336386,0.0004214809244296,0.0001382669589722,0.0002230932903809,0.0005117161008848,0.0006173293964303,3.51254546054e-05,0.0001440114454795,0.0001456587614632,0.0003537043359508,0.000398961575905,0.0002091136152836,1.47363730173e-05,5.61671405818e-05,0.000117235462063,0.0003077273244566,5.06095103429e-05,0.0004347399413065,0,0,0,0,0,0,0,0,0,0,0,0,0,0,0,0,0,0,0,0
0.0004384362440628,0.0011691633175009,0.0048958713920351,0.0027767628790647,0.0046035805626598,0.0027149303876982,0.0037462621760961,0.0036307217756127,0.003322618850249,0.0032485758755583,0.0031962584497166,0.0044844690490003,0.0039602465331484,0.0032099201696949,0.003286550439662,0.0028787293455371,0.0025254957418146,0.0021579510448958,0.004700438074498,0.0050138006127979,0.0049093464333646,0.0051182547922311,0.0055984416490608,0.005426751670274,0.0034285848509342,0.0038042629185844,0.0040796422103536,0.0042479697170733,0.00335975147266,0.0059685027691662,0.0042560442943224,0.0041431974379492,0.0039773780081698,0.0051669264383712,0.0048439687913919,0.0034388568560912,0.0003963965551151,0.0001706851342551,0.0002332436702027,0.0002499089198163,0.0004426749016883,0.000134871937785,0.0004636122595639,0.0001844987400058,0.000394257014412,0.000473986207956,0.000144056371183,0.0002124103034165,0.0004024234131163,0.0002100864675638,0.0002885402604103,0.000487065158191,0.0005569285861546,9.13853465295e-05,0.0001708764126718,0.0001871100057267,0.0003284943339323,0.0003590626160693,0.0002245379430825,0.0001876065515636,0.0001307249572477,0.0001443204621172,0.0003302441847168,7.8642155078e-05,0.0003727370500226,0,0,0,0,0,0,0,0,0,0,0,0,0,0,0,0,0,0,0,0
9.99000999001e-05,0.0019203019203019,0.0037962037962038,0.0066156066156066,0.0035520035520036,0.0036554169589719,0.0035498295616272,0.0035163991721663,0.0031290776256502,0.0032110386133785,0.00279817007392,0.0040248774328637,0.0035494449983335,0.0030065228295312,0.0028454368693199,0.0013978777637768,0.0022810711074269,0.0016510551450222,0.0003894620231254,0.0004154261580004,0.0004067714463754,0.0004240808696254,0.0004961566541205,0.0004569908322471,0.0003560011620215,0.0003247316332975,0.0004426629427834,0.0004414402822514,0.0003334301211916,0.000528603900756,0.000465903940218,0.0004129543134418,0.0003689776936878,0.0005286885409214,0.000493026645648,0.0003612845059441,0.0001523314769133,5.80365608686e-05,0.0001058314380164,0.0001247915625486,0.0001157044119128,8.07360058056e-05,7.85466008162e-05,4.12563352777e-05,0.000144292162579,0.0001416367358302,0.0002177414891523,9.82413486964e-05,0.0001118181244091,6.04822345171e-05,0.0001606861172893,0.0001661502607075,0.0001512990470881,8.96772515568e-05,5.70085506771e-05,7.70758630081e-05,9.5165825309e-05,6.72081747133e-05,0.0001712984016537,8.00178316515e-05,0.0001136197258005,7.58909898769e-05,4.05276172982e-05,5.74098082869e-05,8.67555141441e-05,0,0,0,0,0,0,0,0,0,0,0,0,0,0,0,0,0,0,0,0
0.001245243860256,0.0020754064337599,0.0022483569699066,0.0054767669779776,0.0052115761558861,0.002991337654921,0.0038407716238131,0.0032180529662413,0.0034560113718691,0.0032139051108272,0.0032581857174225,0.0024821869707586,0.0031188950239375,0.0025207562991613,0.0031249866379879,0.0022145973658645,0.0026557502170137,0.0017229584749553,0.000134850046748,0.0001438400498646,0.000140843382159,0.0001468367175701,0.0001671727246199,0.0002390505572578,0.0001212885008686,0.0002469933873676,0.0002541071788076,0.0002795754285347,0.0001738556375112,0.0002136121614618,0.0001866754018607,0.0001711029461935,0.0002080056710129,0.0003046197292811,0.0002396008950424,0.0001615929479267,6.02849506359e-05,9.88667432685e-05,8.9438601106e-05,0.0001726965273404,0.0001735741484886,5.86575689999e-05,0.0001057134867734,5.63458758021e-05,0.0001663542653304,7.04640890638e-05,0.0001145520515253,9.87037092128e-05,0.0001152062117158,6.74143124301e-05,0.0002632473392221,0.0001499341146178,0.0001449844921525,9.2792399063e-05,4.03370345449e-05,5.53028034854e-05,2.94403300084e-05,0.0001770065559636,6.9903583095e-05,3.3230415863e-05,8.35518943995e-05,0.0001016525679554,8.24743466739e-05,4.99634882201e-05,0.0001012245477266,0,0,0,0,0,0,0,0,0,0,0,0,0,0,0,0,0,0,0,0
5.81902822229e-05,0.0067403743574823,0.0033556396081854,0.0038017651052274,0.0037920667248569,0.0032002888138114,0.0044365801662786,0.0043663302902822,0.0042497085484976,0.0034434655351432,0.004073908074066,0.0037240625567658,0.0026514715054535,0.0028601584550479,0.0035676751620273,0.0023030334125589,0.0023669867503627,0.001853505092451,0.000113427839729,0.0001209896957109,0.0001184690770503,0.0001235103143716,0.00018122484234,0.0002067820180867,0.000145199430023,0.0001585725834655,0.0001732428229925,0.0001698108723579,0.0001949812570526,0.0001815523393917,0.0002871005722842,0.0002629555410843,0.000189639143873,0.0001957609138457,0.0002502185350312,0.0001857398677174,9.24677941121e-05,7.52304322948e-05,8.59203637412e-05,5.93110992057e-05,0.0002098213633913,7.64279682366e-05,0.0001723654022394,0.0001316962763144,0.0001314697888676,0.0001759135885001,0.0001493022269897,9.16216769717e-05,7.56696376256e-05,0.0001604923823426,8.88211033084e-05,7.75747970344e-05,0.0001378459087187,7.12412419045e-05,3.3741943161e-05,0.0001210668669829,0.0001240034497984,0.000174029675592,9.87225255183e-05,6.0272070803e-05,0.0001368714782414,0.0001142981776224,7.89860274763e-05,7.95432461331e-05,2.06593471575e-05,0,0,0,0,0,0,0,0,0,0,0,0,0,0,0,0,0,0,0,0
0.0006113256113256,0.004499141999142,0.0090036465036465,0.0062687687687688,0.0082528957528958,0.0025333630363904,0.0028096493011946,0.0026506587908733,0.002544772287927,0.0023004435477635,0.0016571865781556,0.002411058892733,0.0024138016644736,0.0021501671499532,0.0036640077145056,0.002758743029774,0.0027956373152322,0.0023431286508232,0,0,0,0,8.71000871001e-05,8.47860638352e-05,0.0001320051061523,0.0002827925354787,0.0001650195505901,3.44164537693e-05,7.06063206063e-05,3.98136671808e-05,7.83958811036e-05,2.42738709701e-05,9.31978369529e-05,0.0003217012065048,9.77369621437e-05,0.000220077449658,0.0001205756313814,0.000160638886918,6.55895263738e-05,0.000363458696792,0.0003151889903166,4.75871519393e-05,7.77436062826e-05,2.33665911213e-05,0.0003258557612577,0.0001528780673901,0.0002047855718786,0.0002331136631432,0.0001060951052224,9.33898229092e-05,0.0001983675993041,0.0002185507060993,8.28001558367e-05,0.0001077176330775,2.93120115788e-05,8.40578038345e-05,0.0002228329662467,6.83982301629e-05,0.0001693459037673,0.0001012637287147,2.40436514946e-05,0.0001531098818177,0.0001473964205632,0.0001241284574618,0.0001456557570579,0,0,0,0,0,0,0,0,0,0,0,0,0,0,0,0,0,0,0,0
0.0004726890756303,0.0038865546218487,0.0079569327731092,0.005453431372549,0.0058648459383754,0.0036127626591835,0.0042370901161342,0.0045704298840176,0.0042434804125881,0.0037902236023955,0.0035014793879344,0.0027188645225309,0.0036636111031702,0.0030271716644596,0.0038833713044322,0.0028562021248696,0.003096110596029,0.0024070415938887,0.0001023769656377,0.0001092020966803,0.0001069270529994,0.0001114771403611,0.0002081053672753,0.0001810742025434,0.0001814149343185,0.0002856965680248,0.0002126370554557,0.0002242329168673,0.0002115169645486,0.0001296774898078,0.0002776990827593,0.000297403404706,0.0001927195128262,0.0002277717236108,0.0002423828018637,0.0003181725855884,9.12448395415e-05,0.000131775961996,0.000189379208502,0.0002572498376849,0.0001561260724141,9.00640593913e-05,0.0001256924964764,0.0001362895962891,0.0001819038794759,0.0002422685253646,0.0002577353413644,0.0001510447769458,0.0001973492765576,0.0001707984855354,0.0001946554086731,0.0001276256124861,0.0001485158251592,6.13538750693e-05,5.85868251025e-05,0.0001357307339292,0.0001797765280233,0.0002641660963537,0.0001277375961638,7.57820211409e-05,9.67879593459e-05,0.0001486308740124,0.0001232611101464,0.0001026880881397,0.0001188808226358,0,0,0,0,0,0,0,0,0,0,0,0,0,0,0,0,0,0,0,0
0.0006534954407295,0.0018237082066869,0.006484295845998,0.0034093211752786,0.0037386018237082,0.002798929407512,0.0031775984801624,0.0028043554398298,0.0026320348335155,0.0025842264161584,0.0027412010549759,0.001961418463954,0.0022754149732955,0.001244515444684,0.0049222551606786,0.0035555905837884,0.0030854386405691,0.003286225356464,0,0,0,0,0,6.5668505385e-06,2.13422642501e-05,4.47945041074e-05,7.18072032356e-05,0.000186530310953,7.22247969678e-05,0.000152665552523,0.0001358334534722,7.39509456265e-05,3.03951367781e-05,4.3979024828e-05,3.64741641337e-05,0.0001122019737744,7.36930776396e-05,5.15437787169e-05,7.98428349025e-05,4.49546711937e-05,0.000104244358104,0.0003030421999222,0.0001456506030156,0.0001904749064746,7.00486236857e-05,0.0002682883355345,0.000237726381031,0.0001055729909986,0.0001960224366267,0.0001413631926152,8.37827788182e-05,4.11451563934e-05,0.0001296334857119,5.31194428858e-05,9.00970780382e-05,2.13422642501e-05,5.61370795392e-05,0.0001330212535976,0.0001327707901715,6.68212170961e-05,6.25008243481e-05,0.0001544041345882,9.65661091937e-05,3.73692356462e-05,0.0001082363407221,0,0,0,0,0,0,0,0,0,0,0,0,0,0,0,0,0,0,0,0
0.0007257448433919,0.003030303030303,0.0067417876241406,0.0047428062133944,0.0023300229182582,0.0034203642175456,0.0046318835322078,0.0043426140809449,0.0044822897329426,0.0036538823840385,0.0042596029095292,0.0043009539959681,0.0040449986753005,0.0035664629714899,0.0034574637972422,0.0023590146736434,0.0022982297378477,0.0018935855699557,0.0004467358500556,0.0004765182400593,0.0004665907767247,0.0004864457033939,0.0006341877503258,0.0006009275845516,0.0004434531636423,0.0004437204331861,0.0004892487300003,0.0005333900091425,0.0004188637373888,0.0006467388004476,0.000502612075745,0.0005362917262682,0.0004595408822766,0.0006232035225099,0.0005503496228335,0.0004846855440896,9.00975715244e-05,0.0001167370856615,0.0002262871991966,9.2294548635e-05,0.0001828254494202,0.000183036854057,0.0002237661867301,0.0002287017487149,0.000115166019076,0.000144611313811,0.0001643084457511,0.0001540984407496,0.0001406567024968,0.0001625398909181,5.23014487383e-05,0.000142000764186,0.0001520461651559,9.62617612642e-05,0.0001710907022601,0.0001715651918172,0.0001567008834919,0.0001569538747904,6.23579136099e-05,7.29051831123e-05,0.0001268935190231,8.43283091494e-05,0.0001268173897184,0.0001014120479836,0.000115829280043,0,0,0,0,0,0,0,0,0,0,0,0,0,0,0,0,0,0,0,0
0.0010261008168958,0.0046822076110779,0.0078103207810321,0.0050308826459454,0.0086471408647141,0.0014736971981486,0.001421909823629,0.0014724902439337,0.0013932135442196,0.0012479153617406,0.001395185877593,0.001567277036442,0.001938157358054,0.0017739178841068,0.002321402543807,0.0019070941635613,0.0017171630794729,0.0014738983787294,0.0001165126972948,0.0001242802104478,0.0001216910393968,0.0001268693814988,0.0001585357422893,0.0001669183067116,8.28534736319e-05,0.0001038965881004,0.0001557924722067,0.0001833110575007,0.0001752244019526,0.0001599984781513,0.0002281938713463,0.0002568541913788,0.0001422244128004,0.0001940285295514,0.0001859424686592,0.0001509184254022,3.70271293601e-05,4.86837797202e-05,0.0001352779742058,2.17045323386e-05,0.0001551078250654,0.0001872870419311,0.0001789423724255,0.0001937465218377,3.20220028238e-05,0.0003909237957419,0.0002636411487838,5.02051337503e-05,8.24742726493e-05,0.0001180709955756,5.26402051914e-05,3.16791383088e-05,0.0001304432258026,5.98110322537e-05,0.0001506110829681,0.0001417495630134,4.5002060512e-05,0.0001360172165076,5.35185912124e-05,3.87416705408e-05,6.16046932893e-05,0.0002388247644954,4.84621395338e-05,4.0869584565e-05,0.0001341949835025,0,0,0,0,0,0,0,0,0,0,0,0,0,0,0,0,0,0,0,0
0.0001799208348327,0.0032265803046659,0.0042581264243733,0.0181899964015833,0.0079704929830874,0.0051904034392662,0.0061451017331357,0.0059002146670469,0.0054776713489227,0.0049136027384657,0.0044869255483485,0.0040420885742802,0.0033378801041887,0.0030677703389142,0.0031224623454872,0.0024543838442684,0.0030557424249829,0.0021385761623707,0.0002805696186747,0.0002992742599197,0.0002930393795047,0.0003055091403347,0.0004005620127473,0.0004613273320998,0.0003679112746263,0.0004426184095779,0.0004117325029361,0.0003738420374883,0.0003001760109974,0.0004017493522043,0.0004329326126474,0.0003199579435238,0.000360965713811,0.0005829089711034,0.0003280895943533,0.0003882984701136,0.0001559227651042,0.0001730587193487,0.0001625986557531,0.0003644331435729,0.0002492587164607,8.29291010888e-05,0.0001084939323286,3.85554593193e-05,0.0001495867104534,0.0001547917200265,0.0001550174614529,0.0002129557434083,0.0001225116559754,0.000214666014031,0.0001554616568895,0.0002104504674668,0.000159004408208,5.94713055497e-05,6.65891088486e-05,0.0001177829834341,0.0001445297641587,0.0001664049213685,0.0001190803423679,9.83989341442e-05,0.0001242488567905,0.0001309287242924,0.0002246093660549,6.68554320947e-05,0.000138774893763,0,0,0,0,0,0,0,0,0,0,0,0,0,0,0,0,0,0,0,0
0.0004526166902405,0.0087977369165488,0.0076331918906176,0.0068269684111268,0.0110843941537011,0.0027535207790718,0.0034635168092133,0.0038098156065831,0.0031871893426635,0.0028748503095167,0.0028848973333098,0.0025198769050058,0.0020856206163518,0.0020666021117392,0.0034219402137791,0.0025151695482075,0.0027982514235053,0.0020484138167692,0.0002205666111166,0.0002352710518577,0.0002303695716106,0.0002401725321047,0.0003009073167539,0.0002945865131208,0.0002041159352659,0.0002602278990785,0.0002932245938699,0.000313412846564,0.0002994801680354,0.000318988334477,0.0003824007344813,0.0002646700744108,0.0003058491990743,0.000374190000308,0.0002986168668434,0.0003669873412095,0.0001203211082597,5.76270668977e-05,0.0001710367761456,0.0001344116077648,0.0002609783718779,0.0002496940944578,0.0001070982799313,0.0003700229195339,0.0001216877482188,0.000280901406117,0.0003451503300909,0.0002175040993381,0.0001239042748404,0.0001388542897897,0.0001737614536506,0.0001656528297465,0.0002656326549246,0.0001510587245457,0.0001196879739142,0.0001361221034855,0.0001320562392899,0.0001823270108297,7.32486477465e-05,9.59720611662e-05,0.0001013708716277,0.0002262427708316,5.33969273383e-05,8.07447184533e-05,0.000103040982934,0,0,0,0,0,0,0,0,0,0,0,0,0,0,0,0,0,0,0,0
0.0010709504685408,0.0049292407726143,0.0050870147255689,0.00907917383821,0.0079460699942628,0.003588657563215,0.003468273149405,0.0038477605294744,0.0037559716376087,0.0032528526118642,0.0030429104506157,0.0039697139319588,0.0043791510617486,0.0031867752813427,0.0043480717492398,0.0029671942449828,0.0034160293207284,0.0029133371858714,0,0,0,0,2.61705630498e-05,4.59642600594e-05,6.55874572972e-05,7.38592978071e-05,0.0001736329783644,0.0001606357198986,0.0001462241443974,4.20587190452e-05,0.0001190958544886,0.0001679418031005,0.0001440397430077,0.0001448307362543,0.0001264097722267,0.0001131045002662,0.0001875724876432,9.49999945381e-05,0.0001472036013091,0.000182579907458,0.0002815422202857,0.0002243602391257,0.0001233963026324,0.0002530531508406,0.000123578177102,0.0003500018407549,0.000153207250424,0.0001946977106892,0.0001910684371648,0.0001390767089137,0.0001733449006649,0.0001530554502956,0.0002490453816761,5.45183732908e-05,7.97697789519e-05,0.0001252391035941,0.000134444887116,0.0001797381316175,0.0001473904094972,6.11388703692e-05,9.32834200244e-05,0.0001781459243385,9.49797878257e-05,5.27565888049e-05,9.93920370984e-05,0,0,0,0,0,0,0,0,0,0,0,0,0,0,0,0,0,0,0,0
0.0007813324886496,0.0044768239890191,0.00679970436068,0.011038961038961,0.0076285503114771,0.0038832767602701,0.004086527323484,0.0040741011548554,0.0040956346557595,0.0031161581971665,0.003462473201539,0.002652187494343,0.00288626916115,0.0020683683731245,0.0020483424252905,0.0014623454854886,0.0014762722567791,0.0014441755960821,0.000123487958552,0.0001317204891221,0.0001289763122654,0.0001344646659788,0.0003111133137887,0.0001863856961014,0.0001659219772556,0.0001695614349435,0.0001726870484185,0.00016258575187,0.0002305374181624,0.0003209430982987,0.0003071253618241,0.000215093635181,0.0003414110046513,0.0002930056867158,0.0001973263528443,0.0001841517264653,9.34490877844e-05,9.03872104321e-05,9.97477680557e-05,0.000229495490988,0.0001821914826131,0.0001100206336349,0.0001277889508655,5.32107626001e-05,0.0001874577164813,0.0002435467187711,0.000214987716016,0.0004408941042131,0.0001119180359187,0.000145140901161,8.41856373386e-05,0.0001252832088707,0.0001622241239451,0.0001973515455062,4.42265278947e-05,0.0001239154447344,0.0002786073575455,0.0002048844261301,0.0001266455659466,3.4855205156e-05,9.86314051607e-05,8.38023576845e-05,0.0001000989800222,4.86040131667e-05,8.64710223437e-05,0,0,0,0,0,0,0,0,0,0,0,0,0,0,0,0,0,0,0,0
0.0009776857602945,0.0011847250977686,0.0056993328732459,0.0044110881067403,0.0063607085346216,0.0030741761127214,0.0036958248147858,0.0033118525169216,0.0031126656568339,0.0029804786398022,0.0029151239787088,0.0019009227648615,0.0029275618907879,0.0021510727123235,0.0045178080548011,0.0033151362201269,0.003317695457955,0.0026332893098605,0.0004035729659923,0.0004304778303917,0.0004215095422586,0.0004394461185249,0.0005074349673859,0.0005389571952429,0.0003495875136291,0.0004264621063157,0.0004311317396117,0.000532910627986,0.0003691372947005,0.000554984307774,0.0004226442927068,0.0003949315847083,0.0004601389771543,0.0005235239331749,0.0004428603916108,0.000380066556832,0.0001158695057282,0.0001149279358421,8.97434591163e-05,0.0001137831563254,0.000259318856153,0.0002225375488274,0.0001270666829319,9.52239186627e-05,0.0001174809841117,0.0001511392724503,0.0002298359461548,0.0001219203724622,1.79365762663e-05,0.0001540254587259,0.0001284651697111,0.0001181535286979,0.0001525442850166,8.95972548068e-05,7.91515307185e-05,6.71956813042e-05,8.92474744095e-05,0.0001883293229793,0.0001381990294268,2.99000917678e-05,6.56814598117e-05,0.0001340864111377,0.0001004303468951,4.48773280489e-05,0.0001747141410927,0,0,0,0,0,0,0,0,0,0,0,0,0,0,0,0,0,0,0,0
0.0002487562189055,0.0016169154228856,0.0037135749822317,0.0065387348969439,0.004228855721393,0.0038766353662831,0.0049712354385148,0.004385290598377,0.0043712482970254,0.0042014212471233,0.0038592802260633,0.0037387267491866,0.0032475058686473,0.0031179919387823,0.0030945143529869,0.0024980439774277,0.0026750085888938,0.0017548559106495,0.0001385399734003,0.000147775971627,0.0001446973055515,0.0001508546377026,0.0002300001051834,0.0002202721388353,0.0001826857663067,0.0002845452016949,0.0001985609294867,0.0002951392996716,0.0001794381185805,0.0002022063802588,0.0002621534418345,0.0001961500752195,0.0002245702609504,0.000271715079681,0.0001496172317237,0.0002043378328793,6.45444741489e-05,6.92589826707e-05,0.0001960242779359,0.0001031469685863,0.0002311302888838,0.0001652753744506,0.000151218704486,0.0001403928753362,0.0002119960387321,0.0001744313839398,0.000172289057311,0.0001628322050338,0.0001586232336133,0.0002033265626905,7.61009373173e-05,9.90095300007e-05,0.0001487306477912,4.68437035601e-05,7.72396203749e-05,0.0002445625985238,0.0001529102581129,0.0002028039831549,5.71409356489e-05,3.83347165045e-05,9.38250343129e-05,0.0001207711066309,0.000127599605205,8.3756302662e-06,0.0001311470054011,0,0,0,0,0,0,0,0,0,0,0,0,0,0,0,0,0,0,0,0
0.001037851037851,0.0064102564102564,0.0064346764346764,0.0063003663003663,0.0021611721611722,0.0041663108308284,0.0049945753106234,0.0048635478222082,0.0043099521985303,0.0041105375515924,0.0041117075717404,0.0028332086078052,0.0038475761875551,0.002525492857588,0.0055032920874802,0.0032135524052134,0.0045503395144184,0.0027522285547958,0.0001428027418126,0.0001523229246002,0.0001491495303376,0.0001554963188627,0.0002012005067356,0.0002509169671679,0.0001846830629299,0.0003526987143559,0.0002258775506729,0.0002877861227617,0.000193396535333,0.0002026131557093,0.0002528094455196,0.0002694739805649,0.0001721225804499,0.0002213874227615,0.0002488348238864,0.0002892801072319,0.0001767547290182,0.0002787721823045,0.0001118234916011,0.0002258338822846,0.0002715193392773,0.0001009689898579,5.01557482773e-05,6.45179950808e-05,0.0001582519943208,0.0002249988053681,0.0002213481039259,9.73531344608e-05,0.0001363707186164,7.84425046193e-05,0.0002114784848165,0.0002278256243152,0.0001277049396421,6.72174452734e-05,6.48796308897e-05,0.0001404549067475,7.38940344348e-05,0.0001776092370266,0.0001517042551884,8.96961280348e-05,2.45760629147e-05,0.0001586632095633,0.0001072378129544,7.74861158248e-05,7.42462082478e-05,0,0,0,0,0,0,0,0,0,0,0,0,0,0,0,0,0,0,0,0
0.0002246181491465,0.0021114106019766,0.005570530098832,0.0057502246181491,0.0043126684636119,0.0048346726008456,0.0058329253214402,0.0053324258816411,0.0051097197647695,0.0046842446898067,0.0047591258478063,0.0051924655651274,0.0056363940575112,0.0043204154325397,0.0047499678867135,0.0033891642027978,0.0036374012814432,0.0032331457749738,0.0005254063142163,0.0005604334018307,0.0005487577059593,0.0005721090977022,0.0006926845034719,0.000746336477314,0.0005426110036892,0.0005307032900896,0.0006162203625615,0.0005615877397909,0.0004611136396025,0.0007024409229363,0.0006392689993744,0.0005303206608551,0.0005391310467103,0.0008124346979858,0.0006999890059273,0.0005988757133733,0.0002241461064261,0.0001947257526325,0.0001197774381884,0.0003051462688934,0.0002183280918001,6.08120236003e-05,0.0001670071880678,4.7618327395e-05,0.000262732187372,0.000263065028371,0.0002396906108403,0.0001776815320777,0.0001538225184935,0.0001251629907557,0.0002794087845375,0.0001503884290725,0.0002396014132401,0.0001052996243262,8.98400133022e-05,0.0001758232556499,0.0001581200485782,0.0002247423781404,0.0001381059080911,5.52002771759e-05,2.09004787251e-05,0.0002511318097054,0.0001412488871949,6.23898422641e-05,0.0001257606040697,0,0,0,0,0,0,0,0,0,0,0,0,0,0,0,0,0,0,0,0
0.0041804180418042,0.0112918434700613,0.0058698727015559,0.0134056262769134,0.0090994813767091,0.0046116165021434,0.0052389224763688,0.0048715589647502,0.0046032668429722,0.0043370359413573,0.0045428262324793,0.0049898281234936,0.0049361167888479,0.0045728647580651,0.0036736235870699,0.0028352937073208,0.0027713517382044,0.0027276888033451,0.0007352220370552,0.0007842368395255,0.0007678985720354,0.0008005751070157,0.0008886890737554,0.000895642915787,0.0005780176144295,0.0006516254015977,0.0008109168876761,0.0007604192080357,0.0006678394866221,0.0009888945665461,0.0008605727209711,0.0008076067708493,0.0007483869644272,0.0010856554009547,0.0008862649750732,0.0007186768223976,0.0002142154825109,0.0001976191262673,0.0002233740633032,0.000121330921424,0.0002666422735532,0.0002010816445036,0.0001876741444498,0.0002057817225532,0.0002083325084442,0.0004427210915409,0.0004093221124578,0.0002414623098985,0.0002084268448742,0.0001973258099408,0.0001643726945888,0.0002514628693411,7.17756992497e-05,0.0002059878817244,8.4072143948e-05,0.000203630870902,0.0001454130900147,0.0003125058336095,0.0001263183455372,6.05038382153e-05,0.0001973840646471,0.0001977031867877,0.0001911662856663,0.0001030259050648,0.0001748707248842,0,0,0,0,0,0,0,0,0,0,0,0,0,0,0,0,0,0,0,0
0.0019871106337272,0.0012889366272825,0.0029001074113856,0.0045649838882922,0.0064446831364125,0.0020934631681106,0.0022776396145159,0.0021770094208546,0.0021619331063841,0.0022038096645919,0.0016070702980349,0.0033355514237936,0.0035089671342425,0.0029655622781225,0.0041345167692629,0.0027450566881667,0.0027337857097864,0.0024623994040986,0,0,0,0,6.57165506189e-05,2.78473962684e-05,3.91545292685e-05,0,9.34944334889e-05,5.05813099198e-05,6.25625163629e-05,8.55650020936e-05,0.0001458799001164,6.38646301774e-05,0.0001946969173381,0.0003292274864296,5.74420028321e-05,0.0001343295883197,0.0001446298530748,0.0001440724090715,0.0001315016908838,0.0001797993574678,0.0001254755941267,9.38576622418e-05,0.0001353454838827,0.0001074799752529,8.87598056513e-05,0.0002867844206601,0.0001020682327024,0.0003346073196365,0.0001394483589851,7.07938677863e-05,9.8551893446e-05,0.0001258845132922,0.0002346403314379,0,2.48966787831e-05,2.48966787831e-05,7.86023715865e-05,0.0001352768942368,7.45733741784e-05,8.44043256608e-05,0.0001166277413428,0.0001737983447126,0,8.24838155733e-05,0.0001087678088526,0,0,0,0,0,0,0,0,0,0,0,0,0,0,0,0,0,0,0,0
0.0002371072910492,0.00257854179016,0.0027563722584469,0.0027563722584469,0.0070835803200948,0.002489301056997,0.0029574349413704,0.0032592811739355,0.0026626728265321,0.0022212074029919,0.0030371903598593,0.0031886941402871,0.0048721079783024,0.0045079954968166,0.0028556951536423,0.0020812339537084,0.0025184147742267,0.0015496490818959,0.0002310915738877,0.0002464976788135,0.0002413623105049,0.0002516330471221,0.0002721745203566,0.0003523893043843,0.0001984909138505,0.0002384264989724,0.0002942128334554,0.0004462461358012,0.0002233123927155,0.0004202778625063,0.0003182014588335,0.0003056846732155,0.0002885799464645,0.0003424952982216,0.0002599376713012,0.0002772310263679,0.0001014799512052,6.91252915645e-05,6.87439588882e-05,5.40022122032e-05,0.0001322457794846,0.0001757079945144,0.00026551005247,0.0002987223969243,0.0001096924324186,0.000250798451563,0.0001648354768383,8.27641663092e-05,0.00013596984945,0.0001288395327416,0.0001049919338049,0.0001185440839424,0.000105700662308,2.74793218103e-05,0,0.0001317893743559,0.0001736455393102,9.41136844957e-05,1.7448061464e-05,0,7.25269360856e-05,0.0002497882010306,8.88123694108e-05,4.81188325953e-05,0.000148169947688,0,0,0,0,0,0,0,0,0,0,0,0,0,0,0,0,0,0,0,0
0.0003246753246753,0.0020833333333333,0.0063492063492063,0.0039953102453102,0.0088924963924964,0.0044957704552175,0.0060410461026864,0.0059071256959362,0.0062866454678646,0.005062403354949,0.0050527304177232,0.0047170367833064,0.0039840346964713,0.0043894737575955,0.0062829118615423,0.0038244144766815,0.003898122745212,0.0027187916337222,0.0002109585958596,0.0002250225022502,0.0002203345334533,0.0002297104710471,0.0003884888347906,0.000287199303976,0.0003032998630812,0.0003366017482687,0.0002649678361607,0.0002866388665436,0.0002731046787965,0.0003036361328441,0.0003517583034536,0.0003787907276271,0.000306057662591,0.0004319115231144,0.0002400059137747,0.0002771212584816,0.0001252482773881,8.6515370604e-05,0.0002251660291235,0.0001413699428125,0.0002796875729449,3.79956977179e-05,0.0002430506884077,0.0002566526178804,0.0001771206228156,0.0002603850843189,0.0002362464908707,0.0002116888847546,0.0001053750456816,0.0003724021386613,0.0002074902031497,0.0002117871033964,0.0002337127041034,2.5085289986e-05,0.0001203077243173,0.0001871729293409,0.0002660558688299,0.0002875906079067,0.0001221318005119,2.43593491182e-05,7.48420002218e-05,0.0001383548758269,0.00018064852855,2.55076012652e-05,0.0002118807964199,0,0,0,0,0,0,0,0,0,0,0,0,0,0,0,0,0,0,0,0
0.0010952380952381,0.0046984126984127,0.0064603174603175,0.0053015873015873,0.0038730158730159,0.0046332280059733,0.00654028001144,0.0060724394702809,0.0059846825384622,0.0046145867672701,0.0042025346425821,0.0043046836397502,0.0033159016796611,0.0034114442601959,0.0033592621168623,0.0022073292471718,0.0020227875513557,0.001604288049786,0.0003712871287129,0.0003960396039604,0.0003877887788779,0.0004042904290429,0.0005073719421462,0.0005315113043062,0.0003852179985051,0.0003755165821247,0.0004734871050513,0.0004094730723156,0.0004619044499111,0.0006282620468493,0.0005193590921254,0.0004429711801344,0.0004547423809562,0.000724261920521,0.0005128712871287,0.0004281376152252,0.0001360871301919,4.05295209783e-05,0.0002029523128367,0.0003297927900451,0.0003259947708157,8.79480912781e-05,0.0001953537680866,7.17032830824e-05,0.0001912610545701,0.0002222946694714,0.0002231785126126,0.0004188397275101,0.0001231615146852,0.0002048997458712,9.60622447653e-05,0.0001676072514929,0.0001468672209148,6.96941028067e-05,0.0001394952499125,0.0002341291645703,0.0001274169530722,0.0001859532180701,0.000135347915439,5.85122938064e-05,9.96984234307e-05,4.22543178661e-05,0.0001687732527183,1.96078431373e-05,8.47369953714e-05,0,0,0,0,0,0,0,0,0,0,0,0,0,0,0,0,0,0,0,0
0.0002225189141077,0.0066088117489987,0.0050734312416555,0.0070686841714879,0.0046135588191663,0.0057031082647267,0.0070484775592252,0.0065629531150016,0.0064272608122243,0.0056245644773497,0.0053849982592443,0.005183930111582,0.0061949286124436,0.0052910639526229,0.0056516427644373,0.0045311474093719,0.0043487691717903,0.0036645897217287,0.0003469973165541,0.000370130470991,0.000362419419512,0.00037784152247,0.0004404178947671,0.0004604427943724,0.0003450354741963,0.0003974544582331,0.0003558724023151,0.0004714635871886,0.0004090730090086,0.0004395299343018,0.0005835795369214,0.0005725454220795,0.0004692262853293,0.0006148016665446,0.0005406488645441,0.0004373628750252,8.98202708786e-05,0.000227737406894,0.0002661949243478,9.46068977955e-05,0.0004476833533222,0.0001947663214669,0.0001828683774817,0.0002025427709989,0.0002058029712875,0.0002868384438286,0.0002788460733505,0.0002878594273665,0.0002428920240294,0.0002539788200258,0.0002157869234902,0.000222641982083,0.0002949821420052,0.0001120986101775,7.06585606338e-05,0.0002365231167831,0.0001737880542711,0.0002113291285766,0.0001272971450622,5.16858480385e-05,0.0001732995436915,0.0003370862154619,0.0001733925774846,5.99405994739e-05,0.0001120373209467,0,0,0,0,0,0,0,0,0,0,0,0,0,0,0,0,0,0,0,0
0.0003276539973788,0.0036697247706422,0.0064875491480996,0.0048492791612058,0.0062909567496723,0.0039167715420357,0.0045113605254541,0.0039532316807216,0.0038003518682494,0.0035174173091911,0.0034577807747467,0.0052452663605644,0.0052403778165869,0.005043378313295,0.0082620159181785,0.0056612047193766,0.0057280636737961,0.0047734094112404,0.0002554727949859,0.0002725043146516,0.0002668271414297,0.0002781814878736,0.0003961657594256,0.0003571597551523,0.0003210394387568,0.0003358939120246,0.0003220344862149,0.0003707857995516,0.0002974789964376,0.0004067632775576,0.0003643812261075,0.0004782146757843,0.0003320505890619,0.0003980460091802,0.0004172679937999,0.0004027263107582,0.0003370963959149,0.0001324320175148,0.000222352110227,0.0003449063361132,0.0003187580381335,0.0002862489512871,0.0001069810077528,0.0001173481036677,0.0002168573207342,0.0001696815005136,0.0003366991923377,0.000262005276339,0.0002624513678105,0.0001053699822517,0.0002713975207499,0.0002014572420778,0.0001755709114576,9.09931996856e-05,1.92889119854e-05,0.0001479027308952,0.000186258599228,0.0001874421264447,0,5.75472091177e-05,0.0001506318081956,0.000108633242902,0.0002002842482322,0.000119989766787,0.0001849024018125,0,0,0,0,0,0,0,0,0,0,0,0,0,0,0,0,0,0,0,0
0.0004395604395604,0.0062271062271062,0.0114652014652015,0.003992673992674,0.0020512820512821,0.0034672071380929,0.0035586768995358,0.0032430649315745,0.0028948744887069,0.0031083044415116,0.0025681514687349,0.0032147142764927,0.0020880630632618,0.0022558776076783,0.0037455184425261,0.0025860749713408,0.0028026416258753,0.0021586065021285,0,0,0,0,1.63840419431e-05,0.0001280056182017,3.31428822314e-05,0.0001045296167247,0.000155285973069,9.34470202688e-05,0.0001538739067235,1.67588402883e-05,4.86135828462e-05,4.9362853057e-05,1.67588402883e-05,0.0002596043153385,3.28734475001e-05,0.0003761751880069,0.0001760392296334,7.0380316674e-05,0.0001517619834064,0.0002305697207658,0.0002114124076957,0.0001610562668471,0.000139828402482,9.49667616334e-05,0.0002003301377191,0.0002485430301997,0.0001561392689429,8.06138334635e-05,6.34801948301e-05,7.90284924863e-05,0.0001793922560696,9.00189135483e-05,9.40136563038e-05,0.0001151361570552,0,3.29788111139e-05,9.00189135483e-05,8.50828575403e-05,6.43348286547e-05,0,0.0001668393226179,0.0001025641025641,0.0001067777538366,7.71494524018e-05,4.5793434861e-05,0,0,0,0,0,0,0,0,0,0,0,0,0,0,0,0,0,0,0,0
0,0.0047815820543093,0.0023219205037387,0.0010035419126328,0.0036993309720582,0.0058676662483239,0.0062907734908128,0.0064906355306721,0.0053121003231606,0.0050399547216714,0.0058446450196149,0.0052526315590221,0.0037307100250855,0.0043146996944997,0.0029951243313642,0.0019635908481415,0.0023290764863875,0.0016740582216929,0,0,0,0,2.74510910784e-05,0.0001066878740676,2.67060414674e-05,6.43533071471e-05,9.19804340254e-05,9.0168918584e-05,0.0001779922473152,3.71167750847e-05,7.83442037604e-05,0.000117882921423,8.64961426459e-05,0.0002759720969703,0.0001009615956738,0.0002112126375365,0.0002014167866463,0.0001425906296984,0.0002777020488287,4.41131457174e-05,0.0002175729334057,0.0001213858985274,0.000196108165763,0.0001216819974887,0.0002038297361398,0.0002115383891405,0.0001919634015379,0.000183813073254,0.0001123641502563,0.0001558581148503,3.96060518047e-05,2.74642654322e-05,0.0002471378991242,0.000128194128914,7.22272380026e-05,8.16458184237e-05,0.0001235930868975,0.0002298725352272,0.0001356931164737,0.0001344366442582,0.0001003848554759,1.3960241233e-05,9.33680207145e-05,0.0001387008506507,2.65738354017e-05,0,0,0,0,0,0,0,0,0,0,0,0,0,0,0,0,0,0,0,0
0.0004155844155844,0.0033766233766234,0.0064415584415584,0.0057142857142857,0.0069090909090909,0.0046131710948727,0.0052308309015614,0.0045517931793566,0.0046319658403277,0.0039893599820196,0.0040048452132679,0.0046385479154117,0.0053362152643175,0.0033727258371393,0.0052421397233692,0.0040145589882544,0.0039574857364527,0.0031272452712662,0,0,0,0,0,7.54564087897e-05,3.64758698092e-05,9.7119653419e-05,0.0001074814839064,0.0001388108609312,0.0001195262558899,2.15807930941e-05,0.0003478526122946,0.0002340757965758,0.0002114886606865,0.0002387695343301,0.0001854451854452,0.0002051974570466,0.0001183899442079,0.000152663674784,0.000204074200773,0.0002472028637348,0.0002940188925918,0.0002638907027507,0.0001146865004432,0.0004151208633775,0.0001890134674331,0.0004154639973453,0.0003226060738931,0.0001374358666025,0.0002018609971309,0.0001765453995114,0.000225013279017,0.0002903996926775,0.0002178329658061,0.0001681103988856,0.0002189052961759,0.0001328206807938,4.60956194903e-05,0.0003934715460482,8.61165343732e-05,7.27272727273e-05,1.2285012285e-05,0.0001731601731602,0.0001195491273011,7.99812799813e-05,0.0001959765724472,0,0,0,0,0,0,0,0,0,0,0,0,0,0,0,0,0,0,0,0
0.0002471576866041,0.0041028175976273,0.0074476849563355,0.0057175811501071,0.005223265776899,0.0029332475037354,0.0026554323012548,0.0026869561907834,0.0028324473371584,0.0023684427522557,0.0026055022818993,0.0021331512602323,0.0029824483693953,0.0027712646591009,0.0054180926558407,0.004471404089264,0.0043957764845727,0.0029097827806604,0.0003854191647538,0.0004111137757374,0.0004025489054096,0.0004196786460653,0.0005741165079059,0.0005313853392659,0.0003919538643998,0.0004501332377495,0.0004695596191587,0.000396642492995,0.0003663103183137,0.0005530109985278,0.0004264060557003,0.0004659695271714,0.000359930834558,0.0006731016887614,0.0004631881873308,0.0004468009557933,6.01603730828e-05,0.0001178612635859,0.0001341942542937,0.0002264498641179,0.0002320209132167,0.0001570452294845,0.0001641166219885,8.01553726546e-05,0.0003085464301862,9.33060495011e-05,0.0001636675928622,0.000156209826955,0.0001438690782511,0.0001774914923613,0.0001447153877239,0.0001554226509619,0.000200426936183,0,7.40615260484e-05,0.0001650214932083,0.0001751971481505,0.0001925917556144,0.0001510794675247,7.20472733499e-05,7.81836021208e-05,0.0001137578200962,0.0001564177383342,1.16505306817e-05,0.0001291738281849,0,0,0,0,0,0,0,0,0,0,0,0,0,0,0,0,0,0,0,0
0.0008575942225231,0.006477093206951,0.0033175355450237,0.0032498307379824,0.0043782441886707,0.0045869819813703,0.0052387644114862,0.0052831223229513,0.0046692723624903,0.0042438812250186,0.0042902757605873,0.0031472254015717,0.002370532775645,0.0021803704308102,0.0024375583934743,0.0016497592411561,0.0019036570350317,0.0016319432511704,0,0,0,0,6.30137359238e-05,5.99009938291e-05,4.70563739949e-05,0.0002143923944872,0.0001155315364396,5.72690856294e-05,0.0001367072697717,2.70819228165e-05,1.50455126758e-05,0.0001445568964014,4.70680565467e-05,9.79996575201e-05,0.0001043371421761,0.0001457302494573,0.0001167242073701,9.7795832393e-05,0.0001850982646984,0.0002611992185452,0.0002647503315072,8.32395296385e-05,0.0001797540566155,9.25860730904e-05,0.0001257896044626,0.0001932515773409,0.0001245155508287,0.0001038881987591,8.80531460296e-05,1.59573619289e-05,0.0001432207828041,9.40282930804e-05,0.0001479471527707,0.0001039843362203,5.49603727747e-05,3.19147238579e-05,2.78784499582e-05,9.1189253228e-05,0.0001239704699505,7.1299256959e-05,0.0001590787007463,0.0001042410047149,1.59573619289e-05,3.20225438709e-05,2.70819228165e-05,0,0,0,0,0,0,0,0,0,0,0,0,0,0,0,0,0,0,0,0
0.001715533374922,0.0071948430027033,0.011072988147224,0.013069245165315,0.0168538157621127,0.0035190805713096,0.0050442160376336,0.0039860571848213,0.003906580338906,0.0041366753606798,0.0031286687733758,0.0018790565843021,0.0011764781821619,0.0014438156304749,0.0044461455851082,0.0025660021667763,0.0024833100776412,0.0023127526690603,0.0007296035280384,0.000778243763241,0.0007620303515068,0.0007944571749751,0.0009360583676321,0.000892032078827,0.0006598052872972,0.000644807278906,0.0007104732657446,0.000897044826621,0.0005327449427443,0.0009774182764959,0.0007222932009786,0.0007521078334908,0.0008715834940667,0.0009900532471421,0.0008258160457133,0.0006364200286413,0.0001625245221303,0.000182557808782,4.42958054774e-05,0.0002824067953436,0.0002824068450389,0.0002221444547571,0.0001891709639129,0.0002801100529004,0.0002405835494494,0.0002272301152038,0.0002161451287117,0.0001702988256638,0.0003158587528925,0.0002302231273854,0.0001264455074963,0.0001746369960443,0.0002313791687333,0.0001263416469641,0.000155934311759,0.000244264324257,0.000111009164242,0.0001570479477026,0.0001760206270529,3.89944095978e-05,2.80823937432e-05,0.0002353430455151,0.0001630184993251,2.49532127261e-05,8.26200674577e-05,0,0,0,0,0,0,0,0,0,0,0,0,0,0,0,0,0,0,0,0
0,0,0,0,0,0,0,0,0,0,0,0,0,0,0,0,0,0,0,0,0,0,0,0,0,0,0,0,0,0,0,0,0,0,0,0,0,0,0,0,0,0,0,0,0,0,0,0,0,0,0,0,0,0,0,0,0,0,0,0,0,0,0,0,0,0,0,0,0,0,0,0,0,0,0,0,0,0,0,0,0,0,0,0,0
0,0,0,0,0,0,0,0,0,0,0,0,0,0,0,0,0,0,0,0,0,0,0,0,0,0,0,0,0,0,0,0,0,0,0,0,0,0,0,0,0,0,0,0,0,0,0,0,0,0,0,0,0,0,0,0,0,0,0,0,0,0,0,0,0,0,0,0,0,0,0,0,0,0,0,0,0,0,0,0,0,0,0,0,0
0.0014005602240896,0.0014005602240896,0.0014005602240896,0.0042016806722689,0,0,0,0,0,0,0,0,0,0,0,0,0,0,0,0,0,0,0,0,0,0,0,0,0,0,0,0,0,0,0,0,0,0,0,0,0,0,0,0,0,0,0,0,0,0,0,0,0,0,0,0,0,0,0,0,0,0,0,0,0,0,0,0,0,0,0,0,0,0,0,0,0,0,0,0,0,0,0,0,0
0,0,0,0,0,0,0,0,0,0,0,0,0,0,0,0,0,0,0,0,0,0,0,0,0,0,0,0,0,0,0,0,0,0,0,0,0,0,0,0,0,0,0,0,0,0,0,0,0,0,0,0,0,0,0,0,0,0,0,0,0,0,0,0,0,0,0,0,0,0,0,0,0,0,0,0,0,0,0,0,0,0,0,0,0
0,0,0,0,0,0,0,0,0,0,0,0,0,0,0,0,0,0,0,0,0,0,0,0,0,0,0,0,0,0,0,0,0,0,0,0,0,0,0,0,0,0,0,0,0,0,0,0,0,0,0,0,0,0,0,0,0,0,0,0,0,0,0,0,0,0,0,0,0,0,0,0,0,0,0,0,0,0,0,0,0,0,0,0,0
0,0,0,0,0,0,0,0,0,0,0,0,0,0,0,0,0,0,0,0,0,0,0,0,0,0,0,0,0,0,0,0,0,0,0,0,0,0,0,0,0,0,0,0,0,0,0,0,0,0,0,0,0,0,0,0,0,0,0,0,0,0,0,0,0,0,0,0,0,0,0,0,0,0,0,0,0,0,0,0,0,0,0,0,0
0,0,0,0,0,0,0,0,0,0,0,0,0,0,0,0,0,0,0,0,0,0,0,0,0,0,0,0,0,0,0,0,0,0,0,0,0,0,0,0,0,0,0,0,0,0,0,0,0,0,0,0,0,0,0,0,0,0,0,0,0,0,0,0,0,0,0,0,0,0,0,0,0,0,0,0,0,0,0,0,0,0,0,0,0
0,0,0,0,0,0,0,0,0,0,0,0,0,0,0,0,0,0,0,0,0,0,0,0,0,0,0,0,0,0,0,0,0,0,0,0,0,0,0,0,0,0,0,0,0,0,0,0,0,0,0,0,0,0,0,0,0,0,0,0,0,0,0,0,0,0,0,0,0,0,0,0,0,0,0,0,0,0,0,0,0,0,0,0,0
0,0,0,0,0,0,0,0,0,0,0,0,0,0,0,0,0,0,0,0,0,0,0,0,0,0,0,0,0,0,0,0,0,0,0,0,0,0,0,0,0,0,0,0,0,0,0,0,0,0,0,0,0,0,0,0,0,0,0,0,0,0,0,0,0,0,0,0,0,0,0,0,0,0,0,0,0,0,0,0,0,0,0,0,0
0,0,0,0,0,0,0,0,0,0,0,0,0,0,0,0,0,0,0,0,0,0,0,0,0,0,0,0,0,0,0,0,0,0,0,0,0,0,0,0,0,0,0,0,0,0,0,0,0,0,0,0,0,0,0,0,0,0,0,0,0,0,0,0,0,0,0,0,0,0,0,0,0,0,0,0,0,0,0,0,0,0,0,0,0
0,0,0,0,0,0,0,0,0,0,0,0,0,0,0,0,0,0,0,0,0,0,0,0,0,0,0,0,0,0,0,0,0,0,0,0,0,0,0,0,0,0,0,0,0,0,0,0,0,0,0,0,0,0,0,0,0,0,0,0,0,0,0,0,0,0,0,0,0,0,0,0,0,0,0,0,0,0,0,0,0,0,0,0,0
0,0,0,0,0,0,0,0,0,0,0,0,0,0,0,0,0,0,0,0,0,0,0,0,0,0,0,0,0,0,0,0,0,0,0,0,0,0,0,0,0,0,0,0,0,0,0,0,0,0,0,0,0,0,0,0,0,0,0,0,0,0,0,0,0,0,0,0,0,0,0,0,0,0,0,0,0,0,0,0,0,0,0,0,0
0,0,0,0,0,0,0,0,0,0,0,0,0,0,0,0,0,0,0,0,0,0,0,0,0,0,0,0,0,0,0,0,0,0,0,0,0,0,0,0,0,0,0,0,0,0,0,0,0,0,0,0,0,0,0,0,0,0,0,0,0,0,0,0,0,0,0,0,0,0,0,0,0,0,0,0,0,0,0,0,0,0,0,0,0
0,0,0,0,0,0,0,0,0,0,0,0,0,0,0,0,0,0,0,0,0,0,0,0,0,0,0,0,0,0,0,0,0,0,0,0,0,0,0,0,0,0,0,0,0,0,0,0,0,0,0,0,0,0,0,0,0,0,0,0,0,0,0,0,0,0,0,0,0,0,0,0,0,0,0,0,0,0,0,0,0,0,0,0,0
0,0,0,0,0,0,0,0,0,0,0,0,0,0,0,0,0,0,0,0,0,0,0,0,0,0,0,0,0,0,0,0,0,0,0,0,0,0,0,0,0,0,0,0,0,0,0,0,0,0,0,0,0,0,0,0,0,0,0,0,0,0,0,0,0,0,0,0,0,0,0,0,0,0,0,0,0,0,0,0,0,0,0,0,0
0,0,0,0,0,0,0,0,0,0,0,0,0,0,0,0,0,0,0,0,0,0,0,0,0,0,0,0,0,0,0,0,0,0,0,0,0,0,0,0,0,0,0,0,0,0,0,0,0,0,0,0,0,0,0,0,0,0,0,0,0,0,0,0,0,0,0,0,0,0,0,0,0,0,0,0,0,0,0,0,0,0,0,0,0
0,0,0,0,0,0,0,0,0,0,0,0,0,0,0,0,0,0,0,0,0,0,0,0,0,0,0,0,0,0,0,0,0,0,0,0,0,0,0,0,0,0,0,0,0,0,0,0,0,0,0,0,0,0,0,0,0,0,0,0,0,0,0,0,0,0,0,0,0,0,0,0,0,0,0,0,0,0,0,0,0,0,0,0,0
0,0,0,0,0,0,0,0,0,0,0,0,0,0,0,0,0,0,0,0,0,0,0,0,0,0,0,0,0,0,0,0,0,0,0,0,0,0,0,0,0,0,0,0,0,0,0,0,0,0,0,0,0,0,0,0,0,0,0,0,0,0,0,0,0,0,0,0,0,0,0,0,0,0,0,0,0,0,0,0,0,0,0,0,0
0,0,0,0,0,0,0,0,0,0,0,0,0,0,0,0,0,0,0,0,0,0,0,0,0,0,0,0,0,0,0,0,0,0,0,0,0,0,0,0,0,0,0,0,0,0,0,0,0,0,0,0,0,0,0,0,0,0,0,0,0,0,0,0,0,0,0,0,0,0,0,0,0,0,0,0,0,0,0,0,0,0,0,0,0
0,0,0,0,0,0,0,0,0,0,0,0,0,0,0,0,0,0,0,0,0,0,0,0,0,0,0,0,0,0,0,0,0,0,0,0,0,0,0,0,0,0,0,0,0,0,0,0,0,0,0,0,0,0,0,0,0,0,0,0,0,0,0,0,0,0,0,0,0,0,0,0,0,0,0,0,0,0,0,0,0,0,0,0,0
