0.0014569768720471,0.0077622297290241,0.0138328796694059,0.0158805667000644,0.0161735131935217,0,0,0,0,0,0,0,0,0,0,0,0,0,0,0,0,0,0,0,0,0,0.0009375823552069,0.0007134635699983,0.000244390836132,0.000314554656828,0.0002085564026816,0.0002719833498888,0.0001064282673478,0.0004741970578497,0.000165555082541,0.0003226634771973,0.0005059566042963,0.0006220140958327,0.0002672532046734,0.0001300789934251,0.0002680415622093,0.0001182536303865,0.0002562161991706,0.0001892058086183,0.0001849056766043,0.000279078567712,0.0005006070353027,0.0002203817657202,0.0005242577613799,0.0005337538862443,0.0001021281353338,0.000165555082541,0.0002365072607729,0.0001730803135656,0.000532141336739,0.0004651309461867,0.0004178294940321,0.0002719833498888,0.0003626444665185,0.0001300789934251,9.46029043092e-05,0.0001537297195024,0.0002207401100547,0.0003142167893126,0.0003705280418776,0.0001773804455797,2.36507260773e-05,0.0002001097147968,0,2.36507260773e-05,0,0,0,0,0,0,0,0,0,0,0,0,0,0,0
0.008370806911921,0.0391559921069205,0.0702981810408866,0.0780391856154456,0.080098841256003,0,0,0,0,0,0,0,0,0,0,0,0,0,0,0,0,0,0,0,0,0,0.002191122317117,0.001360266612256,0.0008657125368001,0.0006206216418418,0.0016647808424997,0.0011817316193974,0.0021320964623352,0.0014104264435829,0.0010712099571516,0.0006922785437374,0.0014432185851284,0.0029297349423344,0.0021580265446313,0.0021278456291719,0.0013687682785826,0.0010363531252125,0.0012433687002653,0.0018831190913419,0.0021930986785098,0.0012776789965119,0.001939898077166,0.0012460737759146,0.0022860980752227,0.0017641288861448,0.0004951944607117,0.0013390124464395,0.0022973931461995,0.0019441213075165,0.0019587839216486,0.0014359314425627,0.0013475748389541,0.0017326395973611,0.0017008190748244,0.001147724954091,0.00085016663266,0.0019800380874651,0.0006588791403115,0.0009925695436306,0.0010393287084269,0.0009339687721651,0.0001785349928586,0.0013732951398734,8.92674964293e-05,0.0001020199959192,0.0003698224852071,0,0,0,0,0,0,0,0,0,0,0,0,0,0
0.0140840353058615,0.0663709083570382,0.123412180672342,0.135928281007505,0.13885702005886,0,0,0,0,0,0,0,0,0,0,0,0,0,0,0,0,0,0,0,0,0,0.0024307180009357,0.0021134335067103,0.0023317027639413,0.0017698901945675,0.0036768182693823,0.0024280806524112,0.0027726559704984,0.0018312945482566,0.001897514929686,0.0017601434717597,0.0052271674418178,0.0031848850116043,0.0030626496408619,0.0026511086037189,0.0019906247993322,0.0023108906440634,0.0026167084055737,0.0025768041757254,0.0029735062183049,0.002327288071846,0.0031594861986405,0.003234947724208,0.0039186412380402,0.0032196396360334,0.0022493820473497,0.0024601875040134,0.0025081184467623,0.003979482679396,0.0041971681756887,0.0024120272266102,0.0019364444872536,0.0029547476860133,0.0030378814981974,0.0026637220097054,0.0013123675592371,0.0011839401528286,0.0009411320875875,0.0017982703580373,0.0021330989533166,0.0017200099072571,0.000240801387016,0.001172483844416,0.000842804854556,0.0006341103191421,0,0,0,0,0,0,0,0,0,0,0,0,0,0,0
0.0152127899137279,0.0693225880105666,0.127890472012317,0.141864682963056,0.146377943125644,0,0,0,0,0,0,0,0,0,0,0,0,0,0,0,0,0,0,0,0,0,0.0028294375432896,0.00292567251197,0.0022351434569931,0.0021697101514946,0.0040117977088388,0.0026470010723942,0.0024943413406869,0.0031344872898636,0.0017739816031537,0.0016949006255273,0.0030151645596387,0.0029427186162879,0.0052263571611979,0.0025391143362053,0.0033493437249838,0.0029755161840893,0.002973628166206,0.0036812033255008,0.0022410527077707,0.0024410452930096,0.0036768339126851,0.0033857309787347,0.004146842478892,0.0038472704361508,0.002805570054879,0.0030151645596387,0.0028874266639911,0.0046213038249379,0.0027935112601387,0.0026069750932681,0.0031660441601989,0.0027915692988873,0.0036487294179079,0.0015295642023178,0.0020798405002492,0.0017415076955609,0.0014820940383947,0.0017251089116602,0.0031057894180374,0.0014758905510639,0.0003171870043953,0.001836801107271,0.0001472653948978,0.0001472653948978,0,0,0,0,0,0,0,0,0,0,0,0,0,0,0
0.0155036043630208,0.071198970005336,0.130731921580728,0.146474181089566,0.156750195476986,0,0,0,0,0,0,0,0,0,0,0,0,0,0,0,0,0,0,0,0,0,0.0023038166274241,0.003368926976354,0.0032246955323878,0.0019973248089959,0.0036770479741302,0.0030946065428824,0.0031663983918626,0.0023861343489991,0.0022195016889977,0.0028862482443384,0.0036696430595635,0.003393487345742,0.0033603443417767,0.0033078229364702,0.0021650910245075,0.0028580712930846,0.003570699857172,0.0031439431969936,0.0024448731345283,0.0030994646379262,0.0042458131317548,0.0029946475569818,0.0032064506865568,0.0031012557537756,0.0018832233686345,0.0022727787979777,0.004541509183419,0.0043362374927362,0.0037203291845202,0.0040535945045229,0.0031136070923869,0.0031886376713963,0.0029421703161756,0.0019807533070133,0.0013912504628685,0.002580728044919,0.0015491925306249,0.0020852023504543,0.0010409818102126,0.0018433771749422,0.0004080799836768,0.001677132181111,0.0008615021877621,0.0003665162816356,0.0003287310979619,0,0,0,0,0,0,0,0,0,0,0,0,0,0
0,0,0,0,0,0.125646383225807,0.146090518331915,0.139534783020169,0.137629495558948,0.0925010933190084,0.0896866691704536,0.104659572869714,0.0266429869244748,0.0205875109955691,0.0149692359700545,0.0038255732512943,0.0035064265140016,0.0036319739035795,0,0,0,0,0,0,0,0,0.0013896441891092,0.0010513212314652,0.0014905620309114,0.0015822112257866,0.0010577796893581,0.0010055979008563,0.001329286878295,0.0010103751033512,0.0013397094168955,0.0012736973894221,0.0016435443144157,0.0009663260070584,0.0013804463946583,0.0006740514583329,0.0018805899753259,0.0021283821430339,0.0022865010964729,0.0008900797524631,0.0018879971211909,0.0018203700282093,0.001896385509501,0.0015297660193322,0.0015584679492907,0.0015351530883009,0.0015234283174779,0.0013763975648113,0.0016816169614493,0.0015586005093644,0.0013416004429846,0.001197490755973,0.0014064104485164,0.0011322629592651,0.0015137859402211,0.0010267275777956,0.0012462891753891,0.0009288122350328,0.0007989940819431,0.0006200231717528,0.0012402271528695,0.0004948202164633,0.0007074961628585,0.0005836897970817,0.0001504261208517,0.0001302005626089,7.87860103449e-05,0,0,0,0,0,0,0,0,0,0,0,0,0,0
0,0,0,0,0,0.126138563103393,0.145931827545107,0.140169237715147,0.138420327577268,0.097496817929119,0.0945274042227138,0.111925063580665,0.0247064101444066,0.0194589328995882,0.01410048701566,0.0026289044428507,0.0023423572637609,0.0025139233053317,0,0,0,0,0,0,0,0,0.0013991343066692,0.001106872619376,0.0015785849884671,0.0015329472992998,0.0010367510630487,0.0009845782624556,0.0014181243019608,0.0010728063711094,0.0012700191638367,0.001245033461732,0.0017417949265333,0.0010363166988138,0.0013321496948736,0.0006368289497875,0.0019707018065228,0.0021231738424851,0.0020540051886415,0.0009605773038916,0.0018788974887323,0.0017781196424024,0.0019323167157577,0.0016145849793651,0.0015402349596238,0.001519359577856,0.0016763081650702,0.0014168850751002,0.0017213903405054,0.0016107115579187,0.0012491894944516,0.001200456452574,0.0015758118013589,0.0010486939256352,0.001542338197974,0.0010315063916117,0.001358462467752,0.0009804621373581,0.0008182196529437,0.0006136474150782,0.0012145931260782,0.0005557650276354,0.0007094049303962,0.0005365281600159,0.00014823345618,0.0001409348436959,8.87295700165e-05,0,0,0,0,0,0,0,0,0,0,0,0,0,0
0,0,0,0,0,0.126456402254667,0.147124568601082,0.141185006406656,0.138459151669365,0.0910504963489106,0.0887973232017885,0.10569658862495,0.0235498975831274,0.0202187919383968,0.0150907232187508,0.0027266823524083,0.0022713884455125,0.002344373205741,0,0,0,0,0,0,0,0,0.0013356445702923,0.0012145199710737,0.0015918721516905,0.0014270617653557,0.0010101528496719,0.0010593845291089,0.0012913118641246,0.0010350142861873,0.00123904127901,0.0012910751443932,0.0017899432759781,0.0008677047407909,0.0014066407989234,0.0006147271100681,0.0020315208671006,0.0020627002635179,0.0019746926294018,0.000923589493541,0.0019126292963519,0.0018299523816069,0.0019790975983098,0.0015563742052559,0.0015039942130986,0.0013958032820309,0.0016559538144997,0.0012474198033215,0.001702489382758,0.0015738571711919,0.0012183136717363,0.0012676030065936,0.0015768043417691,0.0009332507437482,0.0014956807633664,0.000882548040149,0.0013708401696477,0.0009764354979603,0.0008941293276859,0.0005458650180996,0.0011559516389206,0.0004839763014433,0.0007770945980627,0.0005864264947764,0.0001346297265381,0.0001486360904285,8.38191741017e-05,0,0,0,0,0,0,0,0,0,0,0,0,0,0
0,0,0,0,0,0.124988112334266,0.145589888743218,0.138746014552658,0.134846200678804,0.0937090817569605,0.0912355212506716,0.108264758456886,0.0251655086890046,0.0213249333022293,0.0143776643110534,0.0036716816980213,0.0030201936237574,0.0032146638471032,0,0,0,0,0,0,0,0,0.0013762362942903,0.0011375581017705,0.0016184656297301,0.0015452515447444,0.0009982557006542,0.0010206596221358,0.0013559522224964,0.0010138724072085,0.0012709290783853,0.0011773731095851,0.0017339401967554,0.0009175305680452,0.0013990419556044,0.0006587712110732,0.0018766977427923,0.0020205978729306,0.0020349943576132,0.0009769398800828,0.001843949342063,0.0018867857816915,0.0018513719153489,0.001443962561782,0.0015619384387453,0.001520909999518,0.0016359751045446,0.0012709986670886,0.0017173094705198,0.0016158128742196,0.0012983635493057,0.0012487329664634,0.0015281829713187,0.0010458953200312,0.0015005065870455,0.0010279059298975,0.0013875533548574,0.0010271021108177,0.0008127801808103,0.0005477270390729,0.0012007345817964,0.0004916101533786,0.0007121163850569,0.0005518823567905,0.0001843314497484,9.02914706284e-05,0.0001057687521776,0,0,0,0,0,0,0,0,0,0,0,0,0,0
0,0,0,0,0,0.0861465564550255,0.105161227837145,0.0935653471687459,0.0960982651445317,0.146171838661095,0.144740604526928,0.16418948090341,0.0225304439540305,0.0184053589179198,0.0132819026970365,0.0031111720976971,0.0026129734059668,0.0026555979417805,0,0,0,0,0,0,0,0,0.0011579833420093,0.0005283240895863,0.0009760482682897,0.0015157062403463,0.0011388612345374,0.0012482285782818,0.0012558473391096,0.0013394457008792,0.0013595496523713,0.0007810815849411,0.0018611855127243,0.0012748848298788,0.0010216409935941,0.0009847383489934,0.001524855565473,0.0016946422778809,0.0018261504856544,0.0012319192966636,0.0013578927283782,0.0018943265380826,0.0019192184485366,0.0016888480536298,0.0018321521799031,0.0014725632354099,0.0018864470972412,0.0017412011414429,0.001578720319056,0.0014222733727403,0.0016179857596307,0.0011695332339786,0.0016535012396257,0.0009527976146349,0.0013256157884694,0.0011374805234069,0.0010888911034014,0.0009477047474452,0.0011346127430571,0.0009515524052479,0.0012294320711298,0.0005423578227355,0.0005742470007032,0.0003581056672595,0.0001379174906485,0.0001484639020294,0.0001020850879208,0,0,0,0,0,0,0,0,0,0,0,0,0,0
0,0,0,0,0,0.085030980504071,0.103796133115496,0.0928946762550794,0.0952480423727271,0.147349483483794,0.145314362344606,0.164161249378238,0.0249032220040025,0.0197229531480674,0.0154467481921803,0.0047707014293703,0.003585308861468,0.0038050425417901,0,0,0,0,0,0,0,0,0.0011449993203343,0.0005104927380446,0.0009498450395659,0.0013238257669251,0.0011696695973778,0.0012884004080841,0.0012167762444904,0.0012710434061097,0.0014311600242617,0.0007405739369475,0.0018582905010395,0.0012627339773774,0.00110908489775,0.0009381290517682,0.001513156894715,0.0018703282663725,0.0018838270172682,0.0012650317668016,0.0013073320942653,0.0019470667130781,0.0018820865779257,0.0020699048217414,0.0018144017711728,0.0014472686814897,0.0018764289133014,0.0016987594670595,0.0015684993599341,0.0013208744727995,0.0015294001920278,0.001085181936202,0.001803696805778,0.0009003458657929,0.001281453799744,0.0011152323369369,0.0011721401273304,0.0009714003575124,0.0011783962218664,0.001072643666441,0.001356530938686,0.0004885001806746,0.0006041417257146,0.0004232301639557,0.0001338682701995,0.0001445634400364,9.74298018278e-05,0,0,0,0,0,0,0,0,0,0,0,0,0,0
0,0,0,0,0,0.0861247423802716,0.106672009908231,0.0959735607602017,0.0981022341962271,0.145078565103639,0.142485389792,0.162863517616762,0.0247493981095957,0.0212616983925304,0.015702321599985,0.0035145734333459,0.0029075353458939,0.0030306858952135,0,0,0,0,0,0,0,0,0.0010663568171305,0.0006555259342161,0.0009804686946563,0.0012174530390527,0.0012191631615499,0.0012932137966693,0.0013226000340624,0.0014156613093492,0.0014571416141224,0.0007804414057575,0.0017854497120625,0.0011543639442776,0.0011673053272059,0.0008802748726739,0.0014983090179539,0.0017918206138857,0.0016826097151063,0.0011627264337182,0.0012228899016312,0.0018966202327283,0.0018677662659193,0.0017840926211735,0.0018954307486256,0.0014709526339273,0.0019965777095729,0.0016584471748361,0.0017052972770524,0.0014764693455606,0.0015104058082829,0.0011876289177178,0.001851127321847,0.0010042740372691,0.0014847628760442,0.0011455919696474,0.0012270863127637,0.0010940487665593,0.0011759556314254,0.0009158682004286,0.0011886704164442,0.000505208927429,0.000639639321761,0.0003837808172353,0.000168857597632,0.0001542214562517,9.58405213724e-05,0,0,0,0,0,0,0,0,0,0,0,0,0,0
0,0,0,0,0,0.0231869806788116,0.0249026225346997,0.0226147593601045,0.0241162518740428,0.0210542600020458,0.0228595426337204,0.0261744130900952,0.222097946494729,0.21638496323033,0.250261595024118,0.010830736257446,0.0102674386811023,0.0112708133541265,0,0,0,0,0,0,0,0,0.0007893306506352,0.0009072299632809,0.0012190683749619,0.001526803699433,0.00078083977761,0.0009883371194041,0.0007001420321481,0.0015806057723734,0.0008393323687297,0.0012851150681564,0.001164559861181,0.0007846792376146,0.0012201694685893,0.0009941220429834,0.0007304647154357,0.002256040537612,0.001160181374278,0.0012316261409771,0.0015149377357184,0.0023692019582729,0.0012454947225567,0.0022130916781615,0.0016910168979638,0.0009614029496692,0.0023432538111382,0.0012021448418702,0.0009377957384276,0.0017541337141902,0.0013602506928747,0.0022529543747941,0.0014434561242949,0.0016408928098584,0.0011303916068372,0.0005845578840748,0.0005056572545129,0.0011827447771836,0.0010815895306953,0.0018096476975763,0.0015211944850601,0.0003027573266732,0.0007357303976051,0.0012251788840143,0.000499883592716,8.46505471504e-05,0,0,0,0,0,0,0,0,0,0,0,0,0,0,0
0,0,0,0,0,0.0178461285162646,0.0195358963784264,0.0193391345435819,0.0203549791836705,0.017131421748255,0.0180327857721618,0.0223969637648409,0.215529122901139,0.220686263347675,0.255967980379873,0.0168528208595232,0.0166602521041093,0.0190597412512799,0,0,0,0,0,0,0,0,0.0010170294604792,0.0009888405260971,0.0011470532129842,0.0016636703716431,0.00075819751679,0.001060827558346,0.0005105169725601,0.0017451539096961,0.0006828065980864,0.0014883304216555,0.0011977215308735,0.0006602835528774,0.0012229703979433,0.0010430643640034,0.0005913973213984,0.0019472246683515,0.0013063695104463,0.0013794446288319,0.0014799303254921,0.0026411281191081,0.0012961439767508,0.0020374125299046,0.0014006779628652,0.00083226404542,0.0024136836509042,0.0010215747644666,0.0009771422000739,0.00158099354375,0.0013902682274414,0.0023519181784134,0.0014615041238822,0.0017477652130455,0.0012108578912533,0.0005954998710641,0.000728211483496,0.0010772044358201,0.0010931152311584,0.0014392515729271,0.0014212918423883,0.0003450646718234,0.0007229753303172,0.0010760542890035,0.0005237227617008,9.19808066717e-05,0,0,0,0,0,0,0,0,0,0,0,0,0,0,0
0,0,0,0,0,0.0106230681600765,0.0115893371423908,0.0118168588183527,0.011235217443284,0.0101209102041099,0.0115621369360788,0.013541451655033,0.204071921252802,0.20955392673301,0.272597562550327,0.0322597864955314,0.0307316515747121,0.0346328310210197,0,0,0,0,0,0,0,0,0.0009367862765534,0.0009646151661676,0.0012926261864152,0.0017464657702393,0.000921776602171,0.0007953493614274,0.0009747118273834,0.0017319865273076,0.0006218771562452,0.0016496000404759,0.0011311433794319,0.0006309841129447,0.00111997275897,0.0008743541615577,0.0007421481645298,0.0015083949619349,0.0014593895214312,0.0012764980963579,0.0012336681496004,0.0027600906781205,0.0014706854726413,0.0021208934181296,0.0011974850528547,0.001309861710489,0.0022633899517064,0.0010587338547159,0.0010279192951863,0.0016846584869526,0.0014474040011429,0.0022770803517747,0.0011488970519373,0.0015428421980732,0.0010939401520016,0.0005960745181863,0.000463231886289,0.0010233065134556,0.0010586306671691,0.0013962394264822,0.0013255134171531,0.0002565528393531,0.0008394191757963,0.001070206094021,0.0003776840693155,0.0001317787622837,0,0,0,0,0,0,0,0,0,0,0,0,0,0,0
0,0,0,0,0,0.0025957837076635,0.0020659553490514,0.0020414943722108,0.0027433411242182,0.0022667569669496,0.0034143255327847,0.0028979816029344,0.0084443975670799,0.0131918107553646,0.0308448835790607,0.244602479087186,0.246448159735617,0.260355635247879,0,0,0,0,0,0,0,0,0.0007508015991878,0.001210222493645,0.0013762388186583,0.0014107209757365,0.0020697865863044,0.0008926240950121,0.0008248739479418,0.0019035876798657,0.0011107996158791,0.000998221043591,0.0006388822012288,0.0011067766217325,0.001369564481638,0.0009616396627966,0.0005912220938047,0.0011871942502894,0.0011471303910687,0.0011057707551593,0.0016629552672017,0.001724473914779,0.0007619668060869,0.0019540162092294,0.000803869609844,0.0026890659952504,0.0013403419014753,0.0016653895472329,0.0006752629934946,0.0017852235266049,0.0018553277139599,0.0014900764685826,0.0010491442620175,0.001230065852515,0.0018109408804956,0.0008516508123465,0.0011950152829158,0.0009334948086355,0.0004667368315128,0.000630064262742,0.0008841673128909,0.0001576963626192,0.0004443963243474,0.0003138279548948,0.0006224612424358,0.0004663296501602,0,0,0,0,0,0,0,0,0,0,0,0,0,0,0
0,0,0,0,0,0.0024078072406851,0.0018628773434505,0.0017210363626311,0.0022836764319586,0.001926641487846,0.0025967746166351,0.0024262357612211,0.0081013576225303,0.0131977036250307,0.0297366842652437,0.249408111523564,0.249950217850807,0.264713376868794,0,0,0,0,0,0,0,0,0.0007570620808339,0.001248416858696,0.0013741693057143,0.0014567207012033,0.002104284012103,0.0010162591506027,0.0008133655428934,0.0018860051641353,0.0011167194117378,0.0010114209206878,0.000660023947369,0.0011289265169754,0.0013770478652753,0.0009223040001447,0.0005676331770047,0.0012181041537351,0.0011663873126659,0.0011244001218412,0.00166824523819,0.0016470241268535,0.0007070752976131,0.0019197370215775,0.0007445729884547,0.0026604641764949,0.0012797237672857,0.0016752879152402,0.0006233133755275,0.0017592139745098,0.0019539458149384,0.0015381941010604,0.0010880125759155,0.0012844439794188,0.0018987445388237,0.0009429206091052,0.0012002536969885,0.000934427160416,0.000493263742142,0.0006515092148145,0.0009232018046006,0.0001703049134659,0.0004446893517713,0.0003408366448929,0.0006396611189943,0.0004691293875674,0,0,0,0,0,0,0,0,0,0,0,0,0,0,0
0,0,0,0,0,0.0023714228814335,0.0019010452800497,0.0016890196234013,0.0023112379595856,0.0018618194110199,0.0026204538259498,0.0024046852336401,0.0084559081321177,0.0143563195025777,0.0318642680645231,0.250530894295129,0.251701150299772,0.265659494866678,0,0,0,0,0,0,0,0,0.0007841138331851,0.0012044037268735,0.0014233398796034,0.0014751788081617,0.0021221613542275,0.0010258978740432,0.0008164672239501,0.0018908648582995,0.0011546768794718,0.0009873189355462,0.0006330476172711,0.0011430974837327,0.0013181047739777,0.000905516734068,0.0006017219123564,0.0011655748443354,0.0011897651470891,0.0011338290162006,0.0016805709085652,0.0017459400132752,0.0007734305763214,0.0019957407352302,0.0007631841354651,0.0027240628367916,0.0013206542506644,0.0016961402749024,0.0006529680929297,0.0018492214178508,0.0019036352957448,0.0014966265966795,0.00106127161437,0.0012674386583898,0.0018914533111592,0.000940301446063,0.0012636244398571,0.0009161574665402,0.0004885124119115,0.000649440333478,0.0008929554306591,0.0001549627767614,0.0004557098512304,0.0003116152866827,0.0006683921095429,0.0005117395996216,0,0,0,0,0,0,0,0,0,0,0,0,0,0,0
0,0,0,0,0,0,0,0,0,0,0,0,0,0,0,0,0,0,0.14058738732461,0.131894523278716,0.121434231924459,0.117112327695264,0.108005762972567,0.09690574821669,0.101839741364371,0.0935607620695849,0.0005839583367243,0.0011030324138126,0.0005190740770883,0.0007137268559964,0.001837234326744,0.0019456630168734,0.001700352531091,0.0017216923602338,0.0016861259783292,0.0016505595964246,0.0018514608795059,0.0023056506969581,0.0022295028747655,0.0025145300286281,0.001981229398778,0.0020967713652882,0.0014265889397851,0.002272182533051,0.0024354192162302,0.0020096825043016,0.0033215942497842,0.0027091828075362,0.0021189759666387,0.00268282792001,0.0022407664373221,0.0017145790838529,0.0018008031726317,0.0021030198694613,0.0018221430017744,0.0022327883887334,0.0011955050067646,0.0020553251527924,0.0014043843384345,0.0007635197906628,0.0011235074707476,0.0011883917303837,0.0006195247186289,0.0012989186385105,0.0013060319148914,0.00020887933167,0.0004177586633399,0.0005617537353738,0.000136881795653,0.0004826429229759,6.4884259636e-05,0,0,0,0,0,0,0,0,0,0,0,0,0,0
0,0,0,0,0,0,0,0,0,0,0,0,0,0,0,0,0,0,0.140733169254277,0.13181635270111,0.121561013674757,0.117315075955055,0.108197004955994,0.0969365950395841,0.101861060947516,0.0936568840085094,0.0005845494098299,0.0011041488852343,0.0005195994754044,0.000714449278681,0.0018353057678509,0.0019447912521117,0.0016986011041364,0.0017190154887267,0.0016849915144095,0.0016509675400924,0.0018489153575778,0.0023035648985566,0.0022599341809812,0.0025120242915601,0.0019788152264289,0.0020951055055531,0.0014251917767073,0.0023007629501618,0.0024334647674077,0.0020060344058826,0.0033186426841204,0.0027068740948367,0.0021192266707981,0.0027108769413053,0.0022386149641311,0.0017122106938632,0.0017975750128791,0.0020982035197618,0.0018179893974694,0.0022281033886129,0.0011926112184589,0.0020817919816402,0.0014010706114624,0.000762082842725,0.0011208564891699,0.0011858064235954,0.0006185733841471,0.0013265139337786,0.001333318728642,0.0002084593930035,0.000416918786007,0.0005604282445849,0.0001367046637145,0.0004818687204325,6.49499344255e-05,0,0,0,0,0,0,0,0,0,0,0,0,0,0
0,0,0,0,0,0,0,0,0,0,0,0,0,0,0,0,0,0,0.137500502961874,0.128999421898516,0.118563793550096,0.114622501159203,0.105714126245526,0.0947104246683397,0.0995210433971104,0.0915084787932318,0.0005703293898384,0.0010772888474726,0.0005069594576342,0.000697069254247,0.0017922108327155,0.001898645031324,0.0016587024130403,0.0016790080788404,0.0016451653025069,0.0016113225261735,0.0018057479432489,0.0022493374686788,0.0022064699579941,0.002452984375825,0.0019324878076574,0.0020456905615326,0.0013916855736899,0.0022470812895942,0.0023760773330873,0.0019595620287242,0.003240497783343,0.0026430941724378,0.0020684491621368,0.0026476065486199,0.0021859675364745,0.0016722395235737,0.001755915121578,0.0020500061819952,0.001776220787378,0.0021767460464037,0.0011652800659395,0.0020342128923772,0.0013689269730857,0.0007444491411138,0.0010951415784685,0.0011585115106728,0.0006041721661719,0.0012965323065302,0.0013033008617968,0.0002036469071462,0.0004072938142924,0.0005475707892343,0.0001335084196752,0.0004706637464966,6.33699322043e-05,0,0,0,0,0,0,0,0,0,0,0,0,0,0
0,0,0,0,0,0,0,0,0,0,0,0,0,0,0,0,0,0,0.137456412049184,0.12904658355056,0.118814409773025,0.114556818573925,0.105852519250185,0.0947283262612271,0.0995501066454795,0.0915265342900431,0.0005947201413196,0.0011233602669371,0.0005286401256175,0.000726880172724,0.0018180993638017,0.0019417746602454,0.0016831110874105,0.0016915958223712,0.0016774545974367,0.0016633133725022,0.0018237558537755,0.0022863159636908,0.0022868957023791,0.0024902125007711,0.0019559158851799,0.0020824194266104,0.0014131345346279,0.0023038651723005,0.0024184759950952,0.0019672288651275,0.0032944856691449,0.0026884525478777,0.0021315299723912,0.0027088300014743,0.0022202359479886,0.0016887675773843,0.0017633323280471,0.0020446218607773,0.0017718170630078,0.0021767818921816,0.0011601274517668,0.0020565145794132,0.0013640239888471,0.0007466778876323,0.0010912191910777,0.0011572992067799,0.0006088613662541,0.0013126649367678,0.0013154931817547,0.0002038965370803,0.0004077930741607,0.0005456095955389,0.0001349882763913,0.0004738730898629,6.60800157022e-05,0,0,0,0,0,0,0,0,0,0,0,0,0,0
0,0,0,0,0,0,0,0,0,0,0,0,0,0,0,0,0,0,0.137279602194092,0.128885664938298,0.118666723396896,0.11462989398999,0.105489852006469,0.0946054380808151,0.0994182998921679,0.0914147267861167,0.0005904715156654,0.0011153350851458,0.0005248635694804,0.0007216874080355,0.0018117704510522,0.0019328973674083,0.0016771915666775,0.0016872805426914,0.0016704655826681,0.0016536506226448,0.0018184964350615,0.0022777520583569,0.0022754835754745,0.0024813018809213,0.0019497123274316,0.0020742022357924,0.0014080337979279,0.0022956615275024,0.002408967950727,0.0019631642954503,0.0032820492031605,0.0026781257194765,0.0021196322299495,0.0026993981806267,0.0022121441121718,0.0016839175506868,0.0017596144728858,0.002042224209654,0.0017697034488998,0.0021734401020241,0.0011590539812064,0.0020534076947902,0.0013626038037709,0.0007452283520682,0.0010900830430167,0.0011556909892017,0.0006072864756887,0.0013115423347267,0.0013149053267314,0.0002035498225645,0.0004070996451289,0.0005450415215083,0.0001345788843748,0.000472707591314,6.5607946185e-05,0,0,0,0,0,0,0,0,0,0,0,0,0,0
0,0,0,0,0,0,0,0,0,0,0,0,0,0,0,0,0,0,0.138129359359529,0.129495451388758,0.119226030776106,0.1150413400119,0.106094648118388,0.0949260847475826,0.0999615860507934,0.0918545374181687,0.0005806592787017,0.0010968008597698,0.0005161415810682,0.0007096946739687,0.0018103725166485,0.0019223092417797,0.0016756375646695,0.0016927362348054,0.0016642384512456,0.0016357406676858,0.0018217716300724,0.0022733955135071,0.0022211115726798,0.0024783477198315,0.0019508070253395,0.0020684433071826,0.0014061676607115,0.0022553089129516,0.0024024309087741,0.0019736052521873,0.0032753583182816,0.0026719008127321,0.0020987636645444,0.0026595137688886,0.0022088778158735,0.0016870366780934,0.0017686530458628,0.0020609211766686,0.0017857517159987,0.0021899565719357,0.0011708950970253,0.0020314354626892,0.0013758473033497,0.0007495915709524,0.0011006778426798,0.0011651955403133,0.0006091570622615,0.0012875434484488,0.0012932430051607,0.0002049522063245,0.0004099044126489,0.0005503389213399,0.000134734951979,0.0004744221102825,6.45176976335e-05,0,0,0,0,0,0,0,0,0,0,0,0,0,0
0,0,0,0,0,0,0,0,0,0,0,0,0,0,0,0,0,0,0.13825434815758,0.129598507814916,0.119320008408697,0.115143877481553,0.106186366573525,0.0952046566418991,0.099866519232024,0.0919236605445244,0.0005870805057035,0.0011089298441066,0.0005218493384031,0.0007175428403043,0.0018188389190992,0.0019349019032028,0.0016835768009994,0.0016979761514966,0.0016739772340013,0.0016499783165059,0.0018284384860973,0.0022850566572001,0.0022365054329669,0.0024903497260993,0.0019589008206981,0.0020797635883008,0.0014130525647997,0.0022653041339613,0.0024155189918008,0.0019780999546944,0.0032923228677002,0.0026860432280005,0.0021161960546068,0.0026710904882608,0.0022198254898997,0.0016931763679975,0.0017728068857951,0.002062530255991,0.0017872062362923,0.0021929925905918,0.0011713270295944,0.0020331781657541,0.0013766200984937,0.0007511413247977,0.001101296078795,0.0011665272460953,0.0006110794231988,0.0012868366244554,0.0012916364079545,0.0002052930688993,0.0004105861377986,0.0005506480393975,0.0001352621180998,0.000475817305099,6.52311673004e-05,0,0,0,0,0,0,0,0,0,0,0,0,0,0
0,0,0,0,0,0,0,0,0,0,0,0,0,0,0,0,0,0,0.133732641121035,0.125462422906319,0.115515922429313,0.111462376484047,0.102801808271653,0.0921102215863473,0.0967853155211311,0.0888009795465784,0.0005492895329509,0.001037546895574,0.000488257362623,0.0006713538736067,0.001737036383593,0.0018368087780637,0.0016075413942089,0.001629833340394,0.0015926800967522,0.0015555268531104,0.0017518976810497,0.0021791228733449,0.002131134494865,0.0023770806817852,0.0018739620217055,0.0019811650649045,0.0013485514154407,0.0021757183872351,0.0023011872140007,0.0019036846166189,0.0031391893206332,0.0025601771927689,0.0019976133428623,0.0025642033553874,0.002118090703017,0.0016224026916656,0.0017057268081786,0.0019944393818602,0.0017280187543636,0.002116503722516,0.0011341453290426,0.0019761735982937,0.0013321031374829,0.0007233684147052,0.0010656825099863,0.0011267146803142,0.0005864427765927,0.0012602358323169,0.0012676664810452,0.0001979578084404,0.0003959156168807,0.0005328412549932,0.0001294949893841,0.0004569477872086,6.10321703279e-05,0,0,0,0,0,0,0,0,0,0,0,0,0,0
0.0009089062991301,0.0019696791042169,0.0023143538413164,0.0028633004926108,0.0023298571079202,0.0012150146999193,0.0014168095405965,0.0012885773081743,0.0013249934535455,0.0010871492545991,0.001055926899803,0.0011330041182011,0.0007930043970144,0.001025820273635,0.0011541655388653,0.0009674557840598,0.0009639454021256,0.0010500034973636,0.0007975069306062,0.0007481766050017,0.0006878839848184,0.0006919948452855,0.0006344427987469,0.0005563364498731,0.0005905936204318,0.0005248198529591,5.45098164092e-05,7.61200339976e-05,4.51549210929e-05,4.43109536088e-05,9.66148162941e-05,8.58986988931e-05,5.65169525426e-05,5.62325007949e-05,8.76339116377e-05,7.09525187406e-05,3.81742137865e-05,5.50668288445e-05,8.12558881258e-05,5.28513239871e-05,6.3258419471e-05,6.47556944165e-05,6.73550914407e-05,8.96629703105e-05,6.99739395779e-05,8.7770552902e-05,8.92770933316e-05,8.05901242271e-05,8.50764478308e-05,5.80475445727e-05,6.08742166051e-05,6.52327246536e-05,4.23965205383e-05,5.32673488396e-05,5.16641844262e-05,9.57516192386e-05,8.12983722186e-05,4.99635235347e-05,4.90689334523e-05,1.89543769956e-05,3.19191603543e-05,2.96270059446e-05,3.31604654433e-05,1.835612389e-05,6.37127310692e-05,2.64066714213e-05,1.28673259542e-05,3.37928099115e-05,3.7327131257e-06,5.5867619477e-06,1.3702868223e-06,0,0,0,0,0,0,0,0,0,0,0,0,0,0
0.0006030318174246,0.0010661335998667,0.0017544561052807,0.0025813759786773,0.0029705147426287,0.0008014419822474,0.0009772562314839,0.0010216049147988,0.0009548893515152,0.0004324600663744,0.0004104657551698,0.0006072640248564,0.0007946808547927,0.0008696064220808,0.0010361924074832,0.0013596586624256,0.0013859236431321,0.001406184988941,0.0013134078712876,0.0012321661472904,0.0011328707068495,0.0011396408505159,0.0010448588391859,0.0009162261095237,0.0009726439734106,0.0008643216747477,6.63678441348e-05,0.0001001336950009,4.03277432552e-05,5.60175922784e-05,0.0001068535163849,8.59095139234e-05,6.97693581253e-05,5.17522168491e-05,7.15335589824e-05,0.0001005687980632,7.69113255639e-05,9.8312159094e-05,0.0001195711796637,6.70233025496e-05,6.36283645351e-05,7.44419270768e-05,8.95509398526e-05,7.2433096101e-05,8.75199867943e-05,9.65757751106e-05,0.0001287213450102,9.28326386874e-05,0.0001049283530317,8.31071547205e-05,5.64423772804e-05,7.47165489576e-05,5.11787546475e-05,7.10927375514e-05,5.2443529761e-05,5.59100658933e-05,3.40368855746e-05,8.16347271108e-05,4.79132303272e-05,3.80131467443e-05,2.39627010267e-05,4.1133789322e-05,3.52384808551e-05,3.25613472597e-05,3.26933323453e-05,7.2936226247e-06,6.3475489995e-06,2.90245008204e-05,1.54096916308e-05,1.77839689155e-05,4.8680215146e-06,0,0,0,0,0,0,0,0,0,0,0,0,0,0
0.0002122226557954,0.0006971074149814,0.001988682762337,0.0020261395720926,0.0029212399671006,0.0011674145745375,0.0014319147929931,0.0013757036879707,0.001395794063043,0.0008208339218732,0.0007846545979023,0.0009331679416681,0.0010970889306536,0.0010363786325771,0.0014265850645785,0.0015885353368433,0.0015673223468986,0.0017073296709477,0.0006350078346274,0.0005957289994958,0.000547721534335,0.0005509947705959,0.0005051694629424,0.000442977973984,0.0004702549428254,0.00041788316265,4.04484820272e-05,4.14326129335e-05,4.93696959471e-05,3.63603217627e-05,6.43748019321e-05,3.72660870857e-05,5.20971417228e-05,4.01014158108e-05,5.0462565213e-05,6.93536446201e-05,3.46771760095e-05,7.60653720352e-05,5.03534034698e-05,3.59763071607e-05,8.53808764409e-05,5.98454101636e-05,4.48148679981e-05,6.03968312666e-05,5.26961335394e-05,4.28873562508e-05,9.09291964444e-05,6.14561089395e-05,8.96598153742e-05,6.81406952491e-05,3.76748220805e-05,4.07303306427e-05,3.93240164567e-05,5.39286100211e-05,6.96916208429e-05,5.21872082249e-05,4.41787975983e-05,3.55224157944e-05,3.69748378981e-05,5.47251905467e-05,3.63495077877e-05,3.13367889963e-05,2.99101536882e-05,5.15892671786e-05,1.7511836477e-05,1.4804187261e-05,1.39301534757e-05,1.46498723318e-05,1.13787973316e-05,9.3329181961e-06,1.0910787537e-06,0,0,0,0,0,0,0,0,0,0,0,0,0,0
0.0002638784175231,0.0004827850746663,0.0014582754652593,0.0019000568760499,0.0017479465100591,0.0011971275960353,0.0013433134274071,0.0011914077223999,0.0012874132547698,0.0012314023080374,0.00105647085082,0.0011193843247447,0.001327388026377,0.0014521219526943,0.0018620259334025,0.0015730594079271,0.0016050748807849,0.0017094419560631,0.0008434953752685,0.0007913204036024,0.0007275509937883,0.0007318989080938,0.0006710281078167,0.000588417736012,0.0006246503552246,0.0005550837263365,3.83450369549e-05,5.55985884236e-05,3.51259955348e-05,5.71046988167e-05,5.02260329338e-05,9.54887197002e-05,5.81777255574e-05,6.95228132066e-05,3.8263784857e-05,6.80325792798e-05,4.42731546725e-05,5.58054048038e-05,6.5718273546e-05,5.49111807267e-05,4.70342253566e-05,5.61837134514e-05,6.59900692458e-05,6.84073881692e-05,0.0001016808961991,7.69929314175e-05,7.47478621475e-05,7.65035191162e-05,6.58161773351e-05,8.05131000537e-05,7.189573563e-05,6.81013520077e-05,5.63004467609e-05,4.62859882096e-05,6.76738771318e-05,4.45162786706e-05,2.23987480009e-05,4.28864610774e-05,4.75546012371e-05,3.30923360942e-05,2.69965663129e-05,4.31764997367e-05,2.95283451093e-05,6.2537068863e-05,4.03019390448e-05,3.25866444558e-05,2.34356000996e-05,2.45314642162e-05,1.01893918834e-05,7.647508273e-06,1.4493047685e-06,0,0,0,0,0,0,0,0,0,0,0,0,0,0
0.0001964310304326,0.0014539946376354,0.0034012944197387,0.0039444160935741,0.0036129134164419,0.0008985660797841,0.0010200076673276,0.0009468551581873,0.0009337688982863,0.0010388062423558,0.0010480179144464,0.0012585418166387,0.0007621762945534,0.0007430139747871,0.0011033927931672,0.0025912444471951,0.0026031678831894,0.0027610032089239,0.0024377773301888,0.0022822762294012,0.002100174709655,0.0020553448880187,0.0018913572667315,0.0016852369486373,0.0017777153001273,0.0016124814491106,9.3868658725e-05,0.0001190712634135,6.98225403385e-05,5.63907268985e-05,0.0001463821035425,0.0001103374863708,9.38248125626e-05,0.0001246153163698,8.74174932448e-05,7.94718331588e-05,0.0001099335521022,0.0001720036263513,0.0001157117927171,0.0001705836079302,0.0001284058532215,0.0001145561532196,7.64081326625e-05,0.0001112559836663,9.74045073773e-05,0.0001056586902462,0.0001344913253041,0.0002014921762228,0.0001707032403922,0.0001234209152109,0.0001409592124347,9.56887476031e-05,9.48289385809e-05,9.60478473551e-05,9.54282680734e-05,0.0001211267040705,6.88775066955e-05,7.76984170314e-05,7.74697077319e-05,6.02899003426e-05,5.85944247614e-05,7.71149281302e-05,3.20788846341e-05,7.42161858408e-05,5.17901612106e-05,3.49008975552e-05,3.11306017802e-05,5.47565305432e-05,4.9008548195e-05,2.01637000352e-05,2.2188968355e-06,0,0,0,0,0,0,0,0,0,0,0,0,0,0
0.0002732954680482,0.0011011034799623,0.0023962863502777,0.0027765235232143,0.0032438983816155,0.0009113447550834,0.0010334339722397,0.0010593845291089,0.0010185493679205,0.0012146786716292,0.0012315722715456,0.0014242285644918,0.0010292056426048,0.0011090802246802,0.0010157011486733,0.0011922160552264,0.0013412379554819,0.00142395473351,0.002754232830226,0.0025800986632082,0.0023736334161418,0.0023419060340658,0.0021526961721102,0.0019090610733318,0.0020175786213273,0.0018190862950224,8.90362805894e-05,0.000102132261556,4.31218195844e-05,0.0001143758751474,0.0001177135967622,0.0001192672835618,9.60067747181e-05,0.0001126800659046,7.18906598783e-05,0.000123519249492,0.0001104934633953,0.0001138883621599,0.0001641777230223,0.0001191235545427,0.0001054878322224,0.0001232232429653,0.0001045729884659,0.0001157242353803,0.0001370452938823,0.000103063371763,0.0001362899840188,0.000138008275742,0.0001290662855633,0.0001459930403589,0.0001149434410786,9.97457559287e-05,0.0001045865816089,0.0001177532764229,0.0001134969938403,9.83450659594e-05,6.68816415414e-05,7.49619929071e-05,9.93895108592e-05,6.33845285051e-05,6.4441803415e-05,7.22936543019e-05,5.25960950694e-05,7.18654860483e-05,5.42759652065e-05,3.11388243493e-05,3.06902259905e-05,2.66566746497e-05,1.01645126946e-05,1.35735045277e-05,3.1563081106e-06,0,0,0,0,0,0,0,0,0,0,0,0,0,0
0.0001006959206964,0.001870599881296,0.002576536891469,0.0024635869698413,0.0031253030201317,0.0011343363043205,0.0014015595794201,0.0012158945586274,0.0012741199339226,0.0011507180031296,0.001095177580213,0.0013715216446669,0.0006865117524827,0.0005025660268486,0.0011720577651794,0.0010373820318697,0.0010107689906819,0.0010670765665383,0.0022664011024406,0.0021218735402093,0.0019525543006198,0.0019113850765531,0.0017588199686897,0.0015669005390582,0.0016529861777496,0.0014990506057613,5.51599588735e-05,7.81000277522e-05,5.67625573995e-05,6.5615111628e-05,9.42510122304e-05,9.03996301855e-05,7.24833152486e-05,7.87491546215e-05,9.12475241145e-05,6.03929120335e-05,8.70740122268e-05,0.0001231140071425,0.0001017660633025,6.21110894502e-05,9.42076775953e-05,8.58270275099e-05,9.74928162845e-05,7.18380683383e-05,7.68961802413e-05,0.0001051922002323,0.0001679342949916,0.0001117320465665,0.0001026910106553,0.0001108824293641,6.82379361697e-05,6.25410182044e-05,8.13096496086e-05,0.0001064120791574,6.20237905777e-05,6.57774550674e-05,6.60738864765e-05,0.0001058346610231,5.27957897337e-05,5.93982723203e-05,5.39978756847e-05,4.79616140186e-05,4.65756014071e-05,3.73802132312e-05,4.81087385959e-05,5.9570712752e-06,3.33124992393e-05,2.02134465227e-05,5.712783366e-06,2.0392716288e-05,2.0803777728e-06,0,0,0,0,0,0,0,0,0,0,0,0,0,0
0.0004472052460186,0.0012334389079716,0.0016962573047241,0.0030858277200339,0.0023475487353348,0.0008594070251661,0.0010568461210864,0.0009714137964151,0.000949603651771,0.001223348854878,0.0011403216069044,0.0014632773430402,0.00154482232992,0.0017124181636539,0.0020759191688881,0.0023862567422896,0.0023361577550576,0.0024632612060901,0.002287423096973,0.0021404300231558,0.0019700651067376,0.0019148076902649,0.001763677462477,0.0015777703197636,0.0016617321586121,0.0015149227103145,5.47048390657e-05,5.77442264325e-05,4.35512788786e-05,7.81569530097e-05,0.0001247765263522,0.0001057559997591,7.84944678343e-05,5.71777009742e-05,9.52791210835e-05,8.42019848499e-05,7.10152553555e-05,0.0001237254186456,8.8769730888e-05,9.52649636637e-05,5.39659179618e-05,0.0001141526994492,7.6622080139e-05,8.94051000978e-05,8.65068905198e-05,0.0001020849562009,0.0001051633240771,0.0001425449224186,0.0001062701549232,0.0001337190358596,9.48726880494e-05,0.0001209536558244,9.05688194969e-05,7.62751037584e-05,0.0001032309116524,8.82726193544e-05,4.31869225112e-05,0.0001086678453687,8.20810016061e-05,6.1054301838e-05,3.85572793852e-05,6.35141398197e-05,4.66325106561e-05,5.76979723394e-05,5.32928967227e-05,1.51580405622e-05,4.50952545122e-05,1.674137466e-05,8.1485346898e-06,9.7837544407e-06,1.6292960464e-06,0,0,0,0,0,0,0,0,0,0,0,0,0,0
0.0001746594141424,0.0010479564848545,0.0019661659763461,0.0019536903039074,0.0024427366635062,0.0012747596839491,0.0013995942015364,0.0013009036872963,0.0013316246783661,0.0013890623076326,0.001436337882526,0.0016848858895569,0.0009176781542334,0.0007495062295927,0.0008338193708555,0.0015576915018623,0.001547407867929,0.0016827201412853,0.0025060077854473,0.0023470395551652,0.0021594282624802,0.0021241284699813,0.0019533085250302,0.0017352877049529,0.001832653802492,0.0016560646157981,9.53700456607e-05,8.92875464867e-05,6.13072698934e-05,4.81204472369e-05,9.7917713128e-05,7.54799909432e-05,0.000101745611187,0.0001065857606332,8.61398160937e-05,0.0001086633340423,7.41362807395e-05,0.0001266995840533,0.0001390138588915,8.70138281891e-05,0.0001154920593517,0.0001228951866747,5.99393070811e-05,0.0001027313837141,0.0001190465381696,8.93092786784e-05,0.0001780252790444,0.0001475814843047,0.0001422725356293,0.0001409679835872,8.49470985165e-05,0.0001321541680842,6.82768933722e-05,9.33204259412e-05,0.0001019454343222,0.0001137811097263,9.53044448068e-05,0.0001175591570518,6.60071970481e-05,4.92704925815e-05,5.63501821607e-05,5.22418183539e-05,5.87086590287e-05,5.868386873e-05,8.1245575668e-05,1.73142142865e-05,1.73166481234e-05,4.84022498216e-05,1.10353150288e-05,1.51407368305e-05,2.6511161033e-06,0,0,0,0,0,0,0,0,0,0,0,0,0,0
0.0003191610242562,0.0006349800482585,0.0017099901299592,0.0017500941330072,0.0029782792263492,0.0011363039803867,0.0012864219553717,0.0012709294671062,0.0011566053342464,0.0007482274070128,0.0006968629922294,0.0008460959066489,0.0013173737231916,0.0015317484733049,0.0020737509328371,0.0013124507343822,0.0013140237877321,0.0013490232945659,0.0023000335217477,0.0021561143247475,0.0019829980071091,0.0019747614666749,0.0018129575347314,0.0015991196079615,0.0016936344592086,0.0015164803852915,7.23965998547e-05,0.0001176941497008,7.89991650727e-05,8.02175188523e-05,8.34615995453e-05,0.0001215918799273,6.31380443987e-05,8.83149718982e-05,0.0001018810906693,7.8418328981e-05,8.76472461903e-05,9.38224166349e-05,0.0001291466374578,9.82585421808e-05,9.94916538679e-05,0.0001307374507248,9.52373169079e-05,9.2745248062e-05,9.60613177897e-05,9.13127287044e-05,0.0001583119042669,0.0001532438929563,0.0001230379261944,0.0001526066134065,9.31245933222e-05,8.67529020171e-05,7.54168137918e-05,7.74185551631e-05,9.9283286722e-05,7.90933213941e-05,5.12182620253e-05,7.42235258766e-05,9.69062500643e-05,3.35452538273e-05,3.00630630187e-05,5.31862806514e-05,3.86051402463e-05,4.10256831338e-05,7.16097099811e-05,8.7876496298e-06,1.440495759e-05,4.57212679602e-05,1.25754616698e-05,1.99947054975e-05,3.2624105983e-06,0,0,0,0,0,0,0,0,0,0,0,0,0,0
0.0004799510273676,0.0012695065238085,0.0048700740251679,0.0029857387506637,0.0036314424811946,0.0014061553503296,0.0017259295205662,0.0016897903015252,0.0016335363727403,0.0017098203929517,0.001676934889357,0.0018563101105243,0.0011448600847394,0.0011821363450456,0.0013637011594582,0.000805565195824,0.000822346037223,0.0008295106709069,0.0024742359443755,0.0023156552136221,0.0021311820228064,0.0020764949538758,0.0019119650221597,0.0017079849830412,0.0017998877224888,0.0016379160492313,3.7354598266e-05,8.63188266739e-05,3.78809229147e-05,5.00629426291e-05,0.0001107203244334,0.0001043110054564,8.73006199359e-05,7.14310896419e-05,6.66599479388e-05,8.40546785195e-05,8.39459145565e-05,9.44429599705e-05,0.000114427081467,0.0001063171319389,0.0001286479156031,0.0001014212006421,7.51360782052e-05,7.48634333038e-05,0.0001182337604432,6.62618974951e-05,0.0001422763728187,0.0001218370118337,0.000176716097203,0.0001633471019402,8.71917866623e-05,7.75417822382e-05,0.0001078722440516,0.0001445139629075,8.53526094899e-05,0.0001048327682265,5.46401569277e-05,0.000136199536888,0.0001071865602669,3.14557573627e-05,3.55858296356e-05,6.08989130375e-05,6.09759007924e-05,3.60170377968e-05,5.28302198853e-05,3.13166756365e-05,2.27664602383e-05,2.45205283572e-05,1.82354195748e-05,2.0809066592e-05,4.8675188673e-06,0,0,0,0,0,0,0,0,0,0,0,0,0,0
0.0005350422134066,0.0023368741250951,0.0026907111130486,0.002642370344537,0.0030451293527278,0.0007496865482488,0.0009311565382262,0.0007427962117331,0.0007838255236162,0.0010620279526778,0.0010332814316357,0.0010883029987939,0.0006994987186051,0.0005909440411298,0.0006898015110835,0.0012654472524587,0.001275453852512,0.001358229104565,0.002793986154308,0.0026161430263843,0.0024072555564503,0.0023605032073504,0.0021715913429526,0.0019327214955538,0.0020396995412057,0.0018474333740393,4.88616581605e-05,0.000100052197308,7.53473508243e-05,5.72211171381e-05,0.0001570864976943,9.74938132708e-05,0.0001119284277325,0.0001128492609004,0.0001033031416883,8.15895233745e-05,8.56394274187e-05,0.0001149748605998,0.000107739903274,0.0001063858311764,0.0001058734317125,0.0001134399342007,8.24163026827e-05,9.05568745112e-05,0.0001009666274469,9.15825179791e-05,0.0001330386706165,0.0001523944442926,0.000133189297441,0.0001353361057432,0.000112112333264,0.0001042521654153,8.40239451056e-05,5.85035545408e-05,7.6446119198e-05,0.0001057948927061,4.16282667083e-05,0.0001063448707794,8.55605773492e-05,8.59864801257e-05,4.02645672537e-05,6.04241814355e-05,3.57352035607e-05,6.55370285765e-05,4.31817310245e-05,3.22488366852e-05,3.45364290415e-05,2.67283289312e-05,9.0902777372e-06,2.74471258858e-05,2.701948713e-06,0,0,0,0,0,0,0,0,0,0,0,0,0,0
0.0002478722470826,0.0018560126516168,0.0027898945837877,0.0050601244270631,0.0032513255367954,0.0011547627283561,0.0012906259448426,0.0012983688290317,0.0012886849565618,0.0009176571774522,0.0009785628200885,0.0011866119038645,0.001172821925597,0.0011801819934351,0.0013201714518902,0.0016884325479736,0.0016775105992381,0.0016887169305287,0.0029131036289875,0.0027674130396875,0.002546142814123,0.0025458444523941,0.0023391739554496,0.0020360189416232,0.0021525653435616,0.0019481172195426,7.77410023799e-05,0.0001312088326462,5.37807661741e-05,7.26579894548e-05,0.0001139452004619,0.0001515406336548,9.97592261764e-05,8.73015292321e-05,0.0001222119293817,0.0001210955112041,0.0001118794047168,0.0001161699338737,0.0001244197487956,0.0001049207926129,0.0001013995907032,0.0001214511277294,9.73537087117e-05,0.0001248872143215,0.0001375523910561,0.000124401499633,0.0001656942762737,0.0001559293193876,0.0001200710081255,0.0001689638395774,0.0001171300731819,9.08635183866e-05,0.000145783575242,9.36231019195e-05,9.00057071716e-05,0.0001100986545063,7.22737257854e-05,0.0001003137097052,8.05421569216e-05,4.23799026255e-05,5.24845424631e-05,7.27606739374e-05,4.45798430986e-05,5.92936912235e-05,4.20332093154e-05,1.7353950078e-05,2.39320431954e-05,3.73607847629e-05,1.7946532304e-05,1.45014832675e-05,6.798497867e-06,0,0,0,0,0,0,0,0,0,0,0,0,0,0
0.0001173608740184,0.0017802272838121,0.0023492497032955,0.002391418329025,0.0031133655237445,0.0005485010319974,0.0006001797589891,0.0005519610375673,0.0005902850950706,0.0008604273197888,0.0008051887344075,0.0008704698307753,0.0009295287171707,0.0009791637624958,0.0010025855577763,0.0011532535064974,0.0010929530694784,0.001128533850503,0.003196067251734,0.0029923556690923,0.0027535356792986,0.0026967028937806,0.0024813018809213,0.0022099622922508,0.0023316207522205,0.002113777809236,4.91883609385e-05,7.15440574864e-05,3.73788488384e-05,5.90567030341e-05,0.0001634055848243,0.0001069605678475,5.92284584423e-05,9.11383872673e-05,7.44140535627e-05,8.9624437608e-05,0.0001011196978899,0.0001115866236659,0.0001020640383586,0.0001305234614195,8.80072314492e-05,0.0001157788930997,5.45969511705e-05,0.0001392529313677,0.0001109822156992,8.51845137197e-05,0.0001403197827851,0.0001513251280632,0.0001366679609209,0.000126456631092,0.0001507660266575,7.58324520289e-05,6.83574360018e-05,7.05353271457e-05,9.48371176076e-05,9.20883606816e-05,5.09030695053e-05,7.31479587857e-05,6.44612495134e-05,2.57970471881e-05,3.44498980426e-05,5.24423621028e-05,2.87673401405e-05,5.67375361827e-05,5.34721408618e-05,5.83525608636e-05,2.06644587108e-05,3.98372227221e-05,7.2346320256e-06,1.30372151808e-05,5.7631792861e-06,0,0,0,0,0,0,0,0,0,0,0,0,0,0
0.0002276089677933,0.0010777954063155,0.0016602065886102,0.0029689581534218,0.0019179402727291,0.0014402887696876,0.0017480366053199,0.0017167948620634,0.0015826781197223,0.0012539872209947,0.001222334661019,0.0013944658186898,0.0006428259668161,0.0005225100387661,0.0008009321775618,0.0006673199870667,0.0006330911671311,0.0007058054347617,0.0023700903815317,0.0022185319224668,0.0020416615510137,0.0019935077455241,0.0018350233669945,0.0016372236013478,0.00172616012913,0.0015683654194472,5.54109859548e-05,6.39248275033e-05,8.34912589076e-05,4.76094837913e-05,0.0001157671874123,8.91455122625e-05,8.45509791347e-05,4.85913274135e-05,9.29586639627e-05,8.54110062908e-05,0.0001151612383704,0.0001045168705607,9.28364336548e-05,8.28303354816e-05,6.01060700811e-05,9.2276926147e-05,7.67123181769e-05,7.5336502688e-05,0.0001071804381841,9.75945952609e-05,0.00012155102639,0.0001132385353109,0.0001514977957744,0.0001116914714179,7.77726178882e-05,5.1681289422e-05,6.52823822294e-05,9.70139028478e-05,6.49707854648e-05,0.0001136824597381,6.1106067854e-05,7.2931545788e-05,7.26666885701e-05,4.71425489395e-05,3.21179453835e-05,3.7050140381e-05,2.04123617841e-05,5.4081530562e-05,3.28435187273e-05,2.9270438681e-05,2.17705633906e-05,3.77699267048e-05,1.52046253334e-05,1.84747984916e-05,2.0004963898e-06,0,0,0,0,0,0,0,0,0,0,0,0,0,0
9.88044659619e-05,0.0008029509600501,0.001896387050028,0.0025952639725982,0.0024911899351184,0.0016039097524869,0.0018530623278537,0.0017151736861688,0.001676690957022,0.0013712520896091,0.0014866162208932,0.0016408764131744,0.0019535113193878,0.0016928021901944,0.001601751211728,0.001318499975393,0.0013367733263053,0.0013452537171871,0.0024680621113478,0.0023112195405099,0.0021265803315875,0.0020883862444517,0.0019208657954387,0.0017080955906304,0.0018032563375926,0.0016314809159128,5.58123578238e-05,7.35887244742e-05,5.75819161402e-05,5.59583346582e-05,0.0001016234528275,0.0001024624215144,7.57933807408e-05,0.0001011347125206,9.73301707647e-05,0.0001104338122454,8.93320260097e-05,0.0001101895062866,0.0001094104142066,0.000107219880372,9.07962648678e-05,9.89331410526e-05,0.0001159085325037,9.51957056582e-05,0.0001171012166016,7.53395941558e-05,0.0001525867039836,0.0001460434570913,0.0001347818001767,0.000121698833685,0.0001136960030207,0.0001008282297037,7.67654768748e-05,8.27744393383e-05,7.42450084404e-05,7.90578799136e-05,6.20298562239e-05,9.2711120869e-05,9.28832214615e-05,2.70317347101e-05,4.72150037137e-05,5.83343127065e-05,6.18368701778e-05,5.3135237644e-05,6.55290899996e-05,3.13379349144e-05,2.77235437312e-05,3.22493436405e-05,8.0716636765e-06,1.26137443359e-05,2.4933025301e-06,0,0,0,0,0,0,0,0,0,0,0,0,0,0
0.000189241751971,0.0008515878838696,0.0018982403428478,0.0022927366104182,0.0027512839325018,0.0015231757557557,0.0015847263942761,0.0014515091212067,0.0014927415551286,0.0013062434071651,0.0013236413743419,0.0013621126265146,0.0008880618320841,0.001003932394806,0.001369933527463,0.0011262100799853,0.0011315256857929,0.0012138738633422,0.0014844040943863,0.0013898146758671,0.0012788843113847,0.0012527788427553,0.0011526760979998,0.0010264881454333,0.0010830539668399,0.0009816962431551,5.13181649072e-05,7.82550006311e-05,3.81176106225e-05,5.81006790016e-05,5.99188395956e-05,7.68669737913e-05,7.61076139283e-05,6.00089847492e-05,4.19635878349e-05,7.11143896263e-05,5.85026100311e-05,7.07677978963e-05,7.75278774543e-05,4.46953764395e-05,6.67249494983e-05,0.0001024622032517,9.26359898319e-05,5.46755646976e-05,9.16736927863e-05,8.12711882496e-05,0.0001047289551863,9.10937065644e-05,7.83031625939e-05,9.87237741027e-05,6.47157649726e-05,6.79372619081e-05,4.07729484633e-05,5.53615363987e-05,7.93231110479e-05,5.13777436268e-05,2.31982755793e-05,8.76977546199e-05,8.28722140375e-05,3.81168023886e-05,3.8905031152e-05,3.46388416484e-05,2.78760175732e-05,2.56994509295e-05,4.90328053817e-05,2.69754705556e-05,2.51258364808e-05,1.15975618017e-05,5.0410505124e-06,6.959019658e-06,1.3920374068e-06,0,0,0,0,0,0,0,0,0,0,0,0,0,0
0.000144657613511,0.0013350692246955,0.0019349677921546,0.0029380133515533,0.0025075708456357,0.0006137676321389,0.0007671521939313,0.0007027416649858,0.0007417980840901,0.0009121499983687,0.0009200834087854,0.0009743245102683,0.0009758715778796,0.0010973348201038,0.0012403518471689,0.0011237460532243,0.0011291170599506,0.0011974471099256,0.0024473324189233,0.0023224796429268,0.0021374963079832,0.0021141919515081,0.0019453534496297,0.0017041951460741,0.001797275907018,0.0016394899436061,7.07147914772e-05,6.55202363787e-05,5.31758152578e-05,6.23450658826e-05,9.031162177e-05,8.80523678746e-05,5.80505838014e-05,7.24804849246e-05,7.44492775527e-05,7.16866783657e-05,6.03382784415e-05,8.04897232808e-05,0.0001029484535466,0.0001180035328213,6.78305060909e-05,8.71088129909e-05,5.65965205627e-05,0.0001041405484444,0.000104038066938,6.32518825401e-05,0.0001105149869448,0.0001058412426951,8.81907321272e-05,0.0001022864826279,8.95545966758e-05,5.92380888036e-05,7.14997147238e-05,5.98824580276e-05,8.33390293846e-05,0.0001079130897294,8.64473184439e-05,7.83732830897e-05,5.60278335115e-05,2.67345652846e-05,5.39064848842e-05,3.05830475976e-05,3.17323196062e-05,5.40972252347e-05,4.62327940449e-05,4.511460436e-05,2.13901444833e-05,2.96346316765e-05,8.4821463397e-06,1.25050924852e-05,2.5216534986e-06,0,0,0,0,0,0,0,0,0,0,0,0,0,0
0.0001321531747495,0.0014534653986987,0.0020872847571631,0.0016720010888368,0.001822868645891,0.0012170177521402,0.001402725919284,0.0013604044651993,0.0013088424741702,0.0009398747708186,0.0008888576542872,0.0009579304229445,0.0011220935875835,0.0011005168155743,0.0011205819025537,0.0015798075038416,0.0015660243289872,0.0016591518675737,0.0024521328775181,0.0022962841555195,0.0021128452363826,0.0020746730350081,0.0019082804943014,0.0016970112448742,0.001791509918919,0.0016209833463328,5.15886299633e-05,7.40058711863e-05,4.3370984418e-05,8.66281360755e-05,7.39128320687e-05,9.7476824227e-05,5.8086771447e-05,6.55586533057e-05,8.06481939953e-05,6.94090109912e-05,8.90810244124e-05,8.38913889816e-05,0.0001059962542844,8.79153238088e-05,9.02102021383e-05,0.0001001674622401,8.87077791962e-05,9.7255192966e-05,9.03023304384e-05,7.79279285136e-05,0.0001398061863879,0.0001287736072964,0.0001256454081465,0.0001163698653798,0.000120314338583,8.30305555002e-05,6.28788649317e-05,0.0001124671949189,7.50130599997e-05,0.0001005731993395,4.89113516287e-05,0.0001044842120853,7.14329894468e-05,5.59098530402e-05,4.71825901457e-05,3.01436514597e-05,4.33063013722e-05,6.27274014028e-05,4.71963570701e-05,2.91369671156e-05,1.91918483466e-05,3.93690991885e-05,9.9657504344e-06,1.32950348442e-05,2.4695016546e-06,0,0,0,0,0,0,0,0,0,0,0,0,0,0
0.0001946873453226,0.0008265177049206,0.0015945820664514,0.0017776415961534,0.0022556390977444,0.0011453524340168,0.0012957302465927,0.0012704597634984,0.001307208522435,0.0012798033836233,0.0012921442732245,0.0014501431253109,0.0017128536645696,0.0019170293572665,0.002447104318927,0.0015990576300678,0.0015091154080978,0.0016824512855197,0.0019750659635577,0.0018476632685761,0.0017007873301941,0.0016472012028579,0.0015179299049989,0.0013607488844028,0.0014319929337094,0.001308897030661,6.31612017056e-05,7.97096708449e-05,3.44535268636e-05,6.4025700863e-05,7.82582069383e-05,7.15526088173e-05,7.75603734727e-05,7.55135609026e-05,5.90552263797e-05,6.4399503402e-05,4.87294432775e-05,7.42738602749e-05,9.35689748436e-05,6.58651551058e-05,8.01769952454e-05,6.29031539722e-05,7.67604428731e-05,5.77135598105e-05,7.60636240037e-05,8.7694582895e-05,0.00010021554139,9.50361679596e-05,9.51872217329e-05,8.9847169431e-05,9.88770342472e-05,6.86842904469e-05,9.17533929944e-05,7.56284477229e-05,6.34602264279e-05,0.0001069338879724,4.97534966706e-05,6.38207789642e-05,5.25804832451e-05,2.98788054362e-05,3.71596833807e-05,2.93102809425e-05,3.1572314649e-05,4.3500922478e-05,4.02110582861e-05,1.71369656866e-05,2.794021696e-05,3.34981285782e-05,1.13541381133e-05,9.3149123404e-06,3.360476647e-06,0,0,0,0,0,0,0,0,0,0,0,0,0,0
0.0002968219021843,0.0010665889387265,0.0018399285223478,0.0022757792660052,0.0026262227626674,0.0010141305185009,0.0011967947775921,0.0011678205022967,0.0010901937915515,0.0011020481697168,0.0010615917379353,0.0012137822256767,0.0007653283960078,0.0007996138319361,0.0011082473285093,0.0006005252827151,0.0005506503436068,0.0006334644899192,0.00277452402971,0.0025979614342951,0.0023905095481839,0.0023445912651499,0.002156889594269,0.0019193946061992,0.0020257358677635,0.0018344916851362,5.46046150348e-05,9.02986255155e-05,6.2086263046e-05,5.28311445353e-05,8.46655435424e-05,8.04216213141e-05,0.0001052406460277,6.61173237183e-05,0.000100053247515,9.48970097151e-05,8.89299654422e-05,9.1704167017e-05,0.0001059257431079,9.22150341524e-05,8.48731648278e-05,0.0001082813332458,8.40727765505e-05,8.5706417285e-05,0.000115983985454,8.51770969927e-05,0.0001507518739997,0.0001117037975526,0.0001496483547523,0.0001176271749898,8.9031240961e-05,7.12566670645e-05,8.01199651614e-05,0.0001078577385026,5.59329316762e-05,8.97238169827e-05,0.0001129137712286,8.38825612827e-05,6.68127755185e-05,6.86909771542e-05,3.94851696234e-05,4.63723344767e-05,6.38069583456e-05,4.46105721118e-05,6.81932530486e-05,1.91545978394e-05,1.74574239145e-05,2.30627856792e-05,6.0513703488e-06,1.23806829027e-05,2.7005752132e-06,0,0,0,0,0,0,0,0,0,0,0,0,0,0
0.0001274054775654,0.0006679983128614,0.0018368140924131,0.0020432523987448,0.001806050330757,0.000797637714283,0.0009750249498704,0.0008954397192016,0.0008290474978034,0.0009455406232059,0.0011383655780156,0.0011304440954144,0.0013259244749017,0.0012255173702876,0.0015582932211713,0.0015015398150224,0.001457690878795,0.0015937437909411,0.0022064478535604,0.0020661112738147,0.0019010994563054,0.0018655003801689,0.0017160393190618,0.0015266491162359,0.0016114129278211,0.0014587528255388,4.80600899435e-05,6.34957580237e-05,4.09138806144e-05,5.27212990579e-05,0.0001236756101478,7.94012720467e-05,6.82708500234e-05,8.73808287308e-05,8.08713764112e-05,8.95644322829e-05,7.42519774736e-05,0.0001024221185868,9.71930571282e-05,9.69632858644e-05,7.70938006062e-05,0.0001010491009613,7.13001493887e-05,8.00314234019e-05,0.0001041626323888,7.87571732893e-05,0.0001089134172014,9.00852837905e-05,0.0001073839040263,0.0001107604216647,0.0001222802449486,7.55572693397e-05,6.26398017475e-05,7.44368982525e-05,6.43258668746e-05,7.06750824278e-05,4.82812843334e-05,6.46506303303e-05,5.67929672607e-05,4.92120759209e-05,4.61260214346e-05,4.10811437628e-05,2.94059860549e-05,4.74591438322e-05,4.69605866518e-05,2.21539388026e-05,2.17966835249e-05,3.89129668612e-05,1.5354127573e-05,1.18113872298e-05,2.1791291365e-06,0,0,0,0,0,0,0,0,0,0,0,0,0,0
0.0003403240499074,0.0013761373987984,0.0024984391152598,0.0028101042978066,0.0021714209680556,0.0009124600860718,0.0010444246854439,0.0009716365107774,0.0010069843540976,0.0011518249679533,0.0011204698382087,0.0013485745041424,0.0011376342532606,0.0009460500755417,0.0009879518267764,0.0006936328156179,0.0006348429532016,0.0006843512238765,0.001937834655154,0.0018163452098336,0.0016705996349582,0.0016608091948729,0.0015250782206582,0.0013465353698168,0.0014255586066875,0.0012780811993291,5.69701591886e-05,8.05883388155e-05,6.70253027663e-05,5.09298825505e-05,0.0001176529902614,8.338164753e-05,7.04571894122e-05,7.31494476898e-05,8.75425842563e-05,8.0747062872e-05,0.0001209317192346,0.0001005146300812,8.40390137014e-05,9.83327804311e-05,0.0001158155455675,0.000104716937359,6.8820321888e-05,7.48796643662e-05,0.0001141213858499,8.85758207577e-05,0.0001638402957863,0.0001205797889378,0.0001004289061145,0.0001142349815492,0.0001003155964842,8.42627076473e-05,6.10841015625e-05,7.93712979679e-05,8.4210080734e-05,9.01347501967e-05,7.10448117303e-05,0.0001160712089374,6.20963875589e-05,4.84632058004e-05,3.74259573822e-05,2.96609053504e-05,3.6197256142e-05,5.4913877709e-05,4.8661540293e-05,1.59900390252e-05,1.77668628266e-05,3.23179274256e-05,1.23753398828e-05,2.16552244802e-05,4.6563884655e-06,0,0,0,0,0,0,0,0,0,0,0,0,0,0
0.0003641615190193,0.0011160983874908,0.0021574749456246,0.0027400774935992,0.0022073046333611,0.0009446543336994,0.0010828192031234,0.0009477354058151,0.0010305464105298,0.0009729804812348,0.0009393362944437,0.0010999449270079,0.0006797753191156,0.0005908023195611,0.0011357855636575,0.0024386569484301,0.0023840846504388,0.0025672730712674,0.0025786282394481,0.0024419457707126,0.0022474301727639,0.0022182744513711,0.002041285662093,0.0017933361445805,0.00189113706539,0.0017242677686906,4.08533023104e-05,6.70846241895e-05,5.35368401138e-05,6.54804716394e-05,8.94036390952e-05,9.91277031169e-05,7.99578023631e-05,9.6738244941e-05,9.11641335131e-05,0.0001052607150965,0.0001174845557707,0.0001073442673069,0.0001242916030958,9.56265399367e-05,8.97399421734e-05,9.93750420123e-05,9.11936032189e-05,9.12776426633e-05,0.0001110877516962,8.78711203139e-05,0.000135351063781,0.0001307149197184,0.0001200616605332,0.0001148799511807,0.0001039310429363,7.55340843205e-05,0.0001227785625059,9.17090842616e-05,7.1795145436e-05,8.37033317154e-05,3.45913471654e-05,0.0001235564387222,9.67050652465e-05,4.29160683065e-05,3.44753739079e-05,7.05700363215e-05,2.48208820958e-05,5.6647989144e-05,5.75029691119e-05,3.24296140381e-05,2.16595465736e-05,3.49672109578e-05,1.01954683285e-05,2.48950906459e-05,2.5717190838e-06,0,0,0,0,0,0,0,0,0,0,0,0,0,0
7.6360421188e-05,0.0003433348260934,0.0016518538932332,0.0021897833966799,0.0014689142275349,0.0010273375576838,0.0013092396591805,0.0012321994794046,0.0012148163853234,0.0013659811801562,0.001334670206538,0.0016361698358449,0.0018157212864768,0.0018777221017547,0.0021508008105189,0.0013320936436201,0.0012567543663345,0.0013639988004298,0.0023602739806459,0.0022099147722832,0.0020335103134178,0.0019925194405026,0.0018332435309075,0.0016323040680378,0.0017223569057529,0.0015608699180695,4.69511906534e-05,4.99297952865e-05,3.24389878324e-05,6.40793787308e-05,0.0001118999286405,8.55297092334e-05,5.39254664807e-05,7.5217013192e-05,6.02035334102e-05,7.03926413113e-05,6.87250133846e-05,9.74514896833e-05,9.44248589959e-05,0.000124942512348,6.84797871354e-05,0.0001017433462929,6.55122666953e-05,8.75798030056e-05,0.0001258673080561,0.0001059758982444,0.0001122706777042,0.0001581491168002,0.0001155429895916,0.000113897763464,9.15635461144e-05,6.23742482548e-05,8.18620646376e-05,8.19978015966e-05,6.03881086868e-05,7.31991055241e-05,5.20407184318e-05,5.84185918953e-05,6.33202716787e-05,2.9247538395e-05,4.09440963228e-05,4.06978695585e-05,3.42730674772e-05,5.36976442413e-05,3.90485023196e-05,3.43517312686e-05,2.43555280363e-05,4.36235297541e-05,1.11519325971e-05,1.19505079267e-05,4.5411884203e-06,0,0,0,0,0,0,0,0,0,0,0,0,0,0
0.0001239113502797,0.0009293351270976,0.0018085156600345,0.0023557907904364,0.0017745875522198,0.0009291390132068,0.0011077597378735,0.0009291612600716,0.0009447669763574,0.0012621026754196,0.0012095376698211,0.0013604715530739,0.0009324645051673,0.0007955487257165,0.0010071015568729,0.0016568403195777,0.0016469077811524,0.0017536070398631,0.0018078775350276,0.0016919946538433,0.0015572086733894,0.0015171166634612,0.0013969254424589,0.0012479568034562,0.0013150800024539,0.0011968134845603,5.03644855642e-05,6.61632684558e-05,3.51058650663e-05,6.07598304873e-05,7.60401341322e-05,7.42972750783e-05,4.94741832921e-05,9.59929937908e-05,9.37561911152e-05,6.56436229842e-05,6.11815807495e-05,9.07122281206e-05,7.33251801354e-05,6.29082353587e-05,4.55527586949e-05,9.03209757869e-05,6.88440220773e-05,5.79912912466e-05,8.69519164375e-05,7.36910508389e-05,8.99487393797e-05,9.78210643094e-05,9.71529986529e-05,8.28625966083e-05,6.24382875241e-05,4.61097199943e-05,5.36158347267e-05,8.96192009676e-05,0.0001118735993395,8.17919950298e-05,5.98292803518e-05,7.46337052344e-05,6.89060750566e-05,1.9786252185e-05,2.91429780694e-05,3.48200678093e-05,5.15850716429e-05,3.55729121108e-05,6.25722525232e-05,1.89466920417e-05,2.57447841453e-05,1.28535069664e-05,5.0666500727e-06,9.2811022746e-06,1.4106169615e-06,0,0,0,0,0,0,0,0,0,0,0,0,0,0
0.0001864940974618,0.0016798677845656,0.0019424692351344,0.0023767784654378,0.003735876402369,0.0011959579796138,0.0014178893935045,0.0013360260110232,0.0013448697205585,0.0012055992917832,0.0011765865939582,0.001473804785684,0.0007663652573089,0.0008016899499795,0.0010301430254084,0.0007077661878813,0.000645562527926,0.0007112372845648,0.0020004595546703,0.0018714612762532,0.0017226771392874,0.0016689191855503,0.0015378783062106,0.0013783823899883,0.0014506526869702,0.0013256513917537,3.44858663546e-05,4.77465396251e-05,3.57085038566e-05,5.29205930073e-05,7.93916695096e-05,8.20741643669e-05,6.77653704959e-05,7.5727092992e-05,5.10322696811e-05,6.01213539908e-05,8.9669896759e-05,7.70257365895e-05,0.0001239436345486,5.97434378469e-05,6.06218768458e-05,7.24476782837e-05,4.35293673697e-05,7.37425397394e-05,6.93741938673e-05,0.0001037125967325,0.0001065521873077,8.54394699876e-05,7.41995089829e-05,0.0001419025354651,8.63337079736e-05,5.64865581653e-05,7.10888039042e-05,8.56482118533e-05,7.52624196288e-05,7.76315777394e-05,4.63555452364e-05,6.49025659805e-05,9.46855457083e-05,3.23477974509e-05,5.2613811379e-05,6.5343888489e-05,2.74460595529e-05,5.97528512089e-05,3.14257679239e-05,3.49642519322e-05,2.61438530261e-05,1.19723559115e-05,6.8822946598e-06,1.23301018416e-05,1.2384540477e-06,0,0,0,0,0,0,0,0,0,0,0,0,0,0
0.0001180313831519,0.0012293975714511,0.0026653971921867,0.0032898149773412,0.0030848537074143,0.0009586340831685,0.0011473871387793,0.0010681322522916,0.0010943391215482,0.0009393124426143,0.0008569003244962,0.0011035537952319,0.0012397081581578,0.0011217807323989,0.0014600898860258,0.001618224132161,0.0015757225262798,0.0017419700353374,0.0020203942057407,0.0018891682766799,0.0017393410730305,0.0016735679402995,0.0015436081958844,0.0013890493056967,0.0014595922718963,0.0013405095377611,3.74715119994e-05,5.73596689786e-05,4.23508588519e-05,3.76263084697e-05,6.95425948109e-05,7.99158110803e-05,7.66983227229e-05,5.51549627738e-05,6.03221836533e-05,5.33746259637e-05,0.0001038905336711,4.63814429124e-05,6.88379402327e-05,5.33138861868e-05,7.7910603924e-05,6.75591191044e-05,5.11149077881e-05,5.34124637318e-05,0.0001073120101191,7.3930521862e-05,0.000124051533666,8.7806294384e-05,8.3380699362e-05,9.16661894608e-05,7.47875178266e-05,8.16549127619e-05,7.40708810649e-05,0.0001084341659253,8.02237847741e-05,9.43151956409e-05,6.61352264683e-05,5.44578983347e-05,6.67481056017e-05,4.88868010792e-05,4.45069949878e-05,3.73018215987e-05,6.25909187199e-05,2.86338840812e-05,5.01237715785e-05,9.2469927881e-06,1.98817863776e-05,3.93410395911e-05,8.9833959717e-06,1.32622025553e-05,2.9637164321e-06,0,0,0,0,0,0,0,0,0,0,0,0,0,0
0.0003498025558907,0.0011939927241068,0.0027098037996331,0.0019169180062809,0.0025512266409627,0.0007954033284602,0.0008577617673804,0.0007970122352071,0.0008476241746595,0.0010300251995485,0.000956392275177,0.0010882003974915,0.0009266631185454,0.0009508732646657,0.0012092153354904,0.0016211114110254,0.0016870181404901,0.0017285489114653,0.001687412860976,0.001577831194828,0.0014526891380991,0.0013979620650423,0.0012893781665564,0.0011601750328017,0.0012191357238549,0.0011195504734087,3.50328824964e-05,4.07867848682e-05,5.27557400339e-05,5.30284934423e-05,6.66018751026e-05,7.42489351047e-05,4.30922728946e-05,7.19544587082e-05,6.35205546588e-05,6.59799660181e-05,5.91465107241e-05,5.84202759426e-05,6.37912406103e-05,6.90968359125e-05,5.02952383422e-05,5.84118754412e-05,7.05968535657e-05,7.1653529773e-05,6.8993075924e-05,5.97979590777e-05,6.20104053164e-05,7.31423968701e-05,8.52731475783e-05,6.91732307469e-05,5.3091439107e-05,9.82550818365e-05,6.27413047312e-05,7.73302307697e-05,7.4556943423e-05,6.91953609365e-05,3.29097700276e-05,7.26930423848e-05,7.16939628506e-05,2.93356399231e-05,3.15572399138e-05,4.32178908058e-05,2.14639081067e-05,4.50142744746e-05,4.4977781289e-05,2.2467034951e-05,1.43467746953e-05,2.59610364473e-05,8.1901445792e-06,9.1019147252e-06,2.7535778081e-06,0,0,0,0,0,0,0,0,0,0,0,0,0,0
0.0002731215946598,0.0007818684294582,0.0013910684609367,0.0015979927877382,0.0024830919216187,0.0006341926476458,0.000736325081462,0.000740753911626,0.0007282180166891,0.0006650748797333,0.0006061809687926,0.000764329847166,0.0013710084818018,0.0014369149724741,0.0016993273829394,0.0011630157857886,0.001186323682453,0.001213937158966,0.0018470186671198,0.0017273858328957,0.0015902607040581,0.0015341797468054,0.0014145304892754,0.001270933314603,0.0013362858596719,0.0012248956299861,5.79985643717e-05,3.88420715529e-05,3.52888935198e-05,3.1159602227e-05,7.55151582365e-05,5.74702741471e-05,4.08228184691e-05,5.49615261868e-05,6.33288335247e-05,4.69527006584e-05,6.48924545969e-05,7.22200334824e-05,6.97040212984e-05,5.99334638991e-05,7.86116727227e-05,5.5560209605e-05,4.08456165603e-05,8.28796867152e-05,8.26296120228e-05,9.00087901177e-05,8.88565710675e-05,7.17851622565e-05,8.15314735972e-05,7.20394763898e-05,5.74862085268e-05,6.41686694797e-05,5.78094189449e-05,8.12105873058e-05,6.18104351821e-05,6.29352371954e-05,5.95524609128e-05,8.42846657896e-05,5.37563837355e-05,3.45610887638e-05,4.03264058196e-05,2.71595534042e-05,3.3447991959e-05,3.4081500572e-05,4.02033052359e-05,2.53049242585e-05,2.60561136801e-05,3.53248161313e-05,9.7070838274e-06,7.860275144e-06,9.222317899e-07,0,0,0,0,0,0,0,0,0,0,0,0,0,0
0.0002530932290398,0.000756926124747,0.0011520517265256,0.0020019606197851,0.001967509924188,0.0007683546904026,0.0009970757679558,0.0009505372247225,0.000919322369119,0.0009699807853559,0.0010393549936079,0.0012289578148365,0.0009061330302491,0.000921105839605,0.0008844645771665,0.0008447202242584,0.0008656186468127,0.000887993781197,0.0010201775171975,0.0009537916890458,0.0008781961111817,0.0008434661572879,0.000778160047208,0.000700980404991,0.0007362766081331,0.0006770946563499,5.07988167082e-05,2.43928656486e-05,3.08168679549e-05,1.61732546845e-05,4.42967928395e-05,4.03179318141e-05,4.23015617201e-05,2.77386714592e-05,5.47198764948e-05,3.13650678128e-05,3.48907026165e-05,2.93144628461e-05,4.72016190007e-05,3.41750562196e-05,4.35891643146e-05,4.49697129666e-05,1.90250918128e-05,6.84898364239e-05,4.14537421365e-05,4.32010004327e-05,0.0001153531215003,5.05880345196e-05,6.6292749126e-05,3.07111378863e-05,4.21601167187e-05,4.84202069486e-05,3.56092244047e-05,5.87441272078e-05,3.03256626178e-05,6.14328045062e-05,4.70234067353e-05,4.17166007992e-05,3.76658616277e-05,3.07349221408e-05,4.00764060803e-05,1.82605817542e-05,3.17418038874e-05,2.08119508669e-05,4.78549718429e-05,1.29938572951e-05,8.2949977724e-06,2.69623559992e-05,4.7777214247e-06,5.7738415565e-06,2.2519589191e-06,0,0,0,0,0,0,0,0,0,0,0,0,0,0
0.0001718906476541,0.0010154004055623,0.0018340696516563,0.0018416855105793,0.0021022617677476,0.0006453947947263,0.0006923107276734,0.0005869730512261,0.0006564613885588,0.0005831600484891,0.0005413002669505,0.0006956349855032,0.0010747243327681,0.0011492673724274,0.0012392226237666,0.0010333192987317,0.0010661942872072,0.0011064679055037,0.0018299253852777,0.001737082602799,0.0015995067996412,0.0015599915535211,0.0014383644710798,0.0012688766804227,0.0013334194038951,0.0012309325794313,3.2572665538e-05,6.10402705965e-05,2.58526814559e-05,3.23089160609e-05,5.21357388663e-05,4.71477467309e-05,7.06940670293e-05,7.28220584916e-05,7.0423387536e-05,4.7423267075e-05,9.07406537481e-05,7.81337477118e-05,6.83542053128e-05,5.12384488069e-05,5.42797850533e-05,7.01260970596e-05,7.50391710532e-05,6.47845040538e-05,9.23917610117e-05,5.78176974578e-05,8.94092840027e-05,7.06757215834e-05,0.0001130021392603,0.0001144517163196,4.93785237086e-05,6.30197042898e-05,5.20177045938e-05,5.04685681143e-05,6.98886727393e-05,9.07147053123e-05,4.35248626457e-05,6.94825367555e-05,7.18145012008e-05,5.15362820836e-05,5.33359231073e-05,3.61349612364e-05,1.94615657549e-05,4.09737213496e-05,4.6634919612e-05,1.11209745337e-05,1.38834035135e-05,1.11451358434e-05,5.1969546601e-06,2.22231829227e-05,1.0918472855e-06,0,0,0,0,0,0,0,0,0,0,0,0,0,0
0.0002428735104198,0.001056273490658,0.0019982757489291,0.0025509261249682,0.0020555999315127,0.0009143906804735,0.0010789991159919,0.0009968914963917,0.0009980402104005,0.0008597930607804,0.0008164338172921,0.0010898718768574,0.0007845758924809,0.0008437627106253,0.0009311305014511,0.0016121283538817,0.001670232334335,0.0017498332423862,0.0013250369458634,0.0012388888043478,0.0011406676753227,0.0010964823061472,0.0010114688777647,0.000910700948152,0.0009567414832434,0.0008792982124773,3.38997133267e-05,3.79652376272e-05,2.85166526554e-05,3.79650422371e-05,5.50864067841e-05,6.62444557909e-05,3.73717556177e-05,5.82899533684e-05,4.19025936245e-05,6.56131431303e-05,7.56755825127e-05,6.6616986039e-05,5.81590586499e-05,4.78499674845e-05,5.73122206132e-05,7.44516405375e-05,7.51445799311e-05,4.90790438707e-05,6.69376658114e-05,5.04791961334e-05,7.54674391364e-05,6.57932307907e-05,6.40645321347e-05,9.4928215173e-05,5.67177444986e-05,6.16578016584e-05,8.04196481464e-05,6.55523425707e-05,7.30441936622e-05,6.13124027631e-05,4.16452590436e-05,7.61029188196e-05,4.46351174648e-05,4.35232925185e-05,2.4648258806e-05,5.19438537746e-05,3.53633543242e-05,3.33853508106e-05,2.79803113559e-05,3.03001418864e-05,1.78778552479e-05,2.2606672627e-05,8.8101270947e-06,1.87829108293e-05,2.5950644335e-06,0,0,0,0,0,0,0,0,0,0,0,0,0,0
9.22447336643e-05,0.0007547296390715,0.0018552771974213,0.001132294122533,0.0014653335505677,0.0006566861696504,0.0007640973902843,0.0006228488357277,0.0007239337482935,0.0007811879859195,0.0007523478848888,0.0008903968713505,0.0004296045539091,0.0004393839029204,0.0005372208571008,0.0008027720205873,0.0008782553338699,0.0009210929534878,0.0007627770671311,0.0007135260079016,0.0006568242908465,0.0006355478129166,0.0005857436852831,0.0005253703568786,0.0005527611013711,0.0005055838579433,1.38654586583e-05,3.18933259406e-05,4.46904644591e-05,2.79739689356e-05,4.53933685459e-05,4.47329527534e-05,4.45198140299e-05,4.59095090669e-05,3.31185898578e-05,2.40494669948e-05,2.35153205576e-05,7.08886594421e-05,3.24033107623e-05,2.02762783346e-05,3.93695313858e-05,2.29427904033e-05,3.65965797253e-05,2.47970894931e-05,5.54747569075e-05,3.03729101953e-05,8.21552105166e-05,6.03661748407e-05,5.29418094493e-05,4.46068278069e-05,2.77396400147e-05,1.87468965255e-05,2.90909909955e-05,5.08365664919e-05,3.16471057147e-05,4.17389024321e-05,3.59819832651e-05,5.78279196336e-05,4.60847314265e-05,4.96726770767e-05,3.30259325295e-05,2.40554785768e-05,1.43126082272e-05,2.38781864969e-05,1.29141369706e-05,7.0105904425e-06,2.3043245411e-06,6.9770150711e-06,5.5801155583e-06,3.8294784518e-06,4.455061351e-07,0,0,0,0,0,0,0,0,0,0,0,0,0,0
7.47188702507e-05,0.000622657252089,0.0010180446071655,0.0017147980722531,0.0011463120010959,0.0008877953768346,0.0011207683306534,0.0010775130477566,0.0010883950475805,0.0008328896197198,0.0008806925008707,0.0010622339803881,0.0004138938849236,0.0005984273133605,0.0004649884535718,0.0012545718408942,0.0012451169175152,0.001378623847168,0.0012500998618178,0.0011688238037118,0.0010761575424388,0.0010344710641311,0.0009542655457828,0.0008591965174981,0.000902633243346,0.0008295697545235,2.60056431056e-05,2.23920147731e-05,3.30611178633e-05,2.54171355644e-05,4.91355197891e-05,5.06527934752e-05,4.50762331691e-05,3.22911993117e-05,4.21863227227e-05,2.40048509694e-05,2.96291550108e-05,3.69709867254e-05,4.46943124333e-05,3.01576572247e-05,2.98735169142e-05,4.46317342797e-05,4.16026714486e-05,5.56877934312e-05,5.21411072033e-05,4.20713641743e-05,5.25969838049e-05,6.30172405515e-05,4.55355906178e-05,3.99100076063e-05,4.32508059748e-05,3.0753261798e-05,5.26993159479e-05,5.15471047042e-05,3.79165536992e-05,5.42418557151e-05,5.2255638914e-05,6.66554575345e-05,2.90678545074e-05,3.67829454391e-05,2.55653715368e-05,3.1936009417e-05,9.3473470212e-06,2.35774904521e-05,3.20112766308e-05,1.41778754064e-05,8.1041672228e-06,1.00169600474e-05,6.6536405535e-06,1.04202878406e-05,4.961866813e-07,0,0,0,0,0,0,0,0,0,0,0,0,0,0
0.0001182785915749,0.0014126709732205,0.0008946713978103,0.0013987201649835,0.0020713917447609,0.0006445319731231,0.0007879914697606,0.0007476558878841,0.0007848252540707,0.000706152561157,0.0007109932959735,0.0009225804374468,0.0009430751231264,0.0008623319942686,0.0010006263690941,0.0009546770127364,0.0009442891884943,0.0009736892546765,0.0012881037541995,0.001204579084655,0.0011089920212984,0.0010687459693218,0.0009855391232454,0.0008860405137686,0.0009313750518956,0.0008544005253887,2.35139931086e-05,3.74436868498e-05,2.77648911477e-05,3.95993438218e-05,6.29941470952e-05,5.53551938744e-05,3.90020301861e-05,5.181681275e-05,3.80993102718e-05,4.13702256887e-05,4.9393999651e-05,5.40469591204e-05,6.03587226542e-05,4.47212966533e-05,3.35699688835e-05,5.37168209355e-05,3.60828883451e-05,3.07767133344e-05,3.24501577719e-05,3.23263784537e-05,6.01739158196e-05,5.46736910658e-05,3.51548250222e-05,7.95821465008e-05,4.18790742159e-05,3.57939272256e-05,6.37577043885e-05,4.20851158723e-05,5.05843175764e-05,3.55868976796e-05,2.31943114947e-05,4.39912166608e-05,5.96737570804e-05,2.6099242192e-05,3.11102234215e-05,2.81276787231e-05,2.29404959713e-05,2.61178514651e-05,4.26681724897e-05,1.45821547806e-05,7.230685506e-06,2.42298189392e-05,4.2875858021e-06,7.4674758135e-06,6.041956555e-07,0,0,0,0,0,0,0,0,0,0,0,0,0,0
0.0001701052222303,0.0004708269543875,0.0007123156180895,0.0011922553522393,0.0012454132341863,0.0005553262250292,0.0006586408728505,0.0006857196905244,0.0006220431827766,0.0008467617300193,0.0008638665749095,0.0009932225681912,0.0008637852964485,0.0008764565569066,0.0010368089990826,0.0004780845557462,0.0004992600772737,0.0005200126837156,0.0006725707040506,0.0006293624548008,0.0005792644341627,0.0005631645829518,0.0005186971166559,0.0004639510183503,0.0004886697501585,0.0004454113477609,2.63601162932e-05,3.21281075449e-05,2.65428900859e-05,2.71248751586e-05,2.62463601552e-05,4.03366458486e-05,3.79349903638e-05,3.81045779463e-05,4.28833862461e-05,3.00760976337e-05,4.95348623245e-05,3.20143604838e-05,3.70399119191e-05,2.45708359762e-05,1.85243262068e-05,5.7032419905e-05,2.9084174783e-05,3.19838971929e-05,4.66938978855e-05,3.48763940891e-05,8.29288110845e-05,3.91976198892e-05,4.2969892862e-05,2.80350026631e-05,3.53237217656e-05,5.31119025161e-05,2.68222854722e-05,7.07290614287e-05,2.51622347677e-05,4.38960697856e-05,4.03818826412e-05,2.37303552836e-05,4.06902866616e-05,1.55532360017e-05,9.1200859414e-06,2.29768709649e-05,2.5493825908e-06,1.41387664085e-05,2.62969765686e-05,2.7091434673e-06,1.82483493644e-05,1.23367148105e-05,5.27882128e-06,3.7226150575e-06,4.841229459e-07,0,0,0,0,0,0,0,0,0,0,0,0,0,0
0.0002139785515263,0.000626788427365,0.0012027665355952,0.0012263501931559,0.0014813604740967,0.0003808175949813,0.0004365179883999,0.0003699440174043,0.0003704384645388,0.0006275534779122,0.0006948887273954,0.0006835858871018,0.0012771497762904,0.0010197779711025,0.0012084220725229,0.0005703244003708,0.0005827371071321,0.0006109167826365,0.0012461367975247,0.0011926853444763,0.0010985098570975,0.0010729395793291,0.0009899357370006,0.0008665810879097,0.0009093805758062,0.0008458472167395,1.28947269176e-05,2.62346212158e-05,4.04569731868e-05,5.07657289509e-05,5.36602782259e-05,4.87047268828e-05,2.69046747264e-05,4.16632719462e-05,3.7880012417e-05,2.82446786264e-05,2.58562293758e-05,5.18847563928e-05,4.35355827199e-05,4.28247820978e-05,4.33713161957e-05,4.33073282059e-05,2.36948697501e-05,4.81846840367e-05,5.97682853161e-05,4.24647024657e-05,5.12365235045e-05,5.59046990868e-05,5.76069917489e-05,5.65421545076e-05,4.89072425365e-05,3.23661993422e-05,5.16034665508e-05,2.85937618709e-05,4.66331904646e-05,3.95256263056e-05,2.33976486392e-05,4.41505722342e-05,3.39467112166e-05,2.29301968415e-05,2.03288404365e-05,2.31169213108e-05,1.24944166487e-05,2.53388961995e-05,2.73691909302e-05,1.10775087871e-05,7.484067548e-06,1.93527625243e-05,7.4565735117e-06,6.9303302788e-06,6.417285944e-07,0,0,0,0,0,0,0,0,0,0,0,0,0,0
0.0002317588524485,0.0006028195683368,0.0013104237242168,0.0020278899589244,0.0006792506792507,0.0006996562445403,0.0007935758605822,0.0007195563398,0.0007458874622227,0.0007447267629495,0.0008071679158977,0.0008148843095143,0.0009860681539793,0.0009249677069511,0.0010537007129921,0.0007350992073713,0.0007584433529859,0.0007715196213417,0.0011508320691492,0.0011010890401698,0.001014237564693,0.0009876074938098,0.0009115774380085,0.0007994693995867,0.0008383723231382,0.0007814829400523,4.1108514598e-05,2.41939074627e-05,1.26136308215e-05,3.00492364049e-05,3.43934661321e-05,3.37856823314e-05,3.18041896938e-05,3.53456964107e-05,4.81687625796e-05,4.52821589499e-05,3.48348554113e-05,3.1399843023e-05,2.83467203105e-05,3.70703473327e-05,2.41923301822e-05,4.90554534746e-05,4.15232766295e-05,3.78232253298e-05,4.13044051579e-05,3.60536730235e-05,7.19378847046e-05,5.08084940094e-05,4.68870954517e-05,5.27172222188e-05,3.26660572815e-05,5.22911831468e-05,2.4927603986e-05,4.5973669513e-05,4.27973912051e-05,4.28248849853e-05,4.94152369052e-05,4.61547659995e-05,2.61317622573e-05,1.1390590138e-05,2.53508436982e-05,3.46873388537e-05,2.13444357219e-05,2.51383259466e-05,1.16896503097e-05,6.61154696e-06,1.00742262271e-05,2.10632786187e-05,3.1772207882e-06,6.0584815548e-06,4.911843703e-07,0,0,0,0,0,0,0,0,0,0,0,0,0,0
0.0001381520778073,0.0006745330021192,0.0013157340743548,0.0011999494758115,0.0014977439546405,0.0003475900559024,0.0004521528510089,0.0003751333404884,0.0003802625545364,0.0004090861355249,0.0003619389693353,0.0004312627489485,0.0002443730345102,0.0002796277281817,0.0002539489376716,0.0001632561702756,0.0001742168318842,0.0001667174318362,0.0002291870444712,0.0002143612882114,0.0001973373341684,0.0001906084080612,0.0001757139493933,0.0001577650263427,0.0001659232976734,0.0001519579971842,2.12156163556e-05,6.7208862327e-06,1.32779008607e-05,3.02540534531e-05,2.88603575937e-05,2.41359156682e-05,4.903764335e-06,1.25183390541e-05,1.27821817008e-05,6.919335232e-06,2.5712462849e-05,2.91996678319e-05,1.45728683348e-05,5.03727234806e-05,2.68468713757e-05,2.92119104838e-05,2.84452878615e-05,4.59580932236e-05,3.17518231388e-05,1.91326166053e-05,2.51608739782e-05,2.98462786646e-05,1.91846301553e-05,3.70203446578e-05,3.57830534048e-05,1.97158953511e-05,3.4534669777e-05,1.05609351394e-05,2.66195958982e-05,3.35641703707e-05,1.67073795455e-05,1.37051753468e-05,3.52368637215e-05,7.6996655715e-06,1.39809604702e-05,1.47613158703e-05,2.7380873078e-06,1.2669308928e-05,8.2326474166e-06,2.6306282768e-06,2.2223443469e-06,1.4867649178e-06,1.627944024e-06,8.104649939e-07,1.223237999e-07,0,0,0,0,0,0,0,0,0,0,0,0,0,0
2.13251444779e-05,0.000149276011345,0.0002132514447785,0.00029855202269,0.0003838526006014,0.0005753602066536,0.0006681655590559,0.0006973186529307,0.0006376898735698,0.0005014451236815,0.0005182093837762,0.0006321234608374,0.0006875006993081,0.0006782644255356,0.0009619318075142,0.0005326160028357,0.0005266419966865,0.0005675940880507,0.0005306594276439,0.0004963318881036,0.0004569146438629,0.0004413344958449,0.0004068478828252,0.0003652889663742,0.0003841786187318,0.0003518433775248,1.19681250681e-05,6.7715040348e-06,1.44642719145e-05,2.51892844608e-05,2.98022087543e-05,2.75395905456e-05,3.17467911736e-05,4.31151907705e-05,1.4800004766e-05,1.31310497759e-05,2.16401047534e-05,3.62023792365e-05,2.32660308616e-05,2.06516792063e-05,2.31169185786e-05,2.99181099634e-05,3.06730990804e-05,2.52263485032e-05,2.42123504187e-05,3.61132055945e-05,2.65478079194e-05,3.3995816852e-05,2.4678029628e-05,2.86248924105e-05,2.93712304705e-05,3.1014743052e-05,2.98948572945e-05,2.62877299167e-05,1.96791257106e-05,4.00107175434e-05,1.23475940867e-05,1.98076758847e-05,2.40693202689e-05,2.9299265655e-06,9.2518816904e-06,8.4738089264e-06,2.13518101406e-05,9.9093312432e-06,1.45225858599e-05,2.5728068135e-06,4.2005991611e-06,6.1242756551e-06,1.3645167868e-06,4.0618118997e-06,2.832283901e-07,0,0,0,0,0,0,0,0,0,0,0,0,0,0
0.0001918211467283,0.0012207067909986,0.0011038769659459,0.0018380087345605,0.001677132181111,0.0005046364780818,0.0005372336539804,0.0005594377672061,0.0005253949063989,0.0003324426049772,0.000385943614337,0.000403209563407,0.0012171237960194,0.0010732244289403,0.0013038079501781,0.0003998675717201,0.0004291270052399,0.0004126187951209,0.0007586076084535,0.0007092862398593,0.0006530528676338,0.0006277559449001,0.0005790842200904,0.0005213927584818,0.0005477517972442,0.0005034141245399,3.34151124963e-05,3.29173332775e-05,1.61716868147e-05,2.80313509584e-05,5.57285399611e-05,2.54298717401e-05,2.04792380615e-05,1.70165451836e-05,4.39789015473e-05,4.43084477142e-05,2.47784694839e-05,2.9786007586e-05,3.8613513246e-05,4.23254121755e-05,4.26370572993e-05,3.69987538808e-05,1.50516679794e-05,3.71553205832e-05,5.28027365842e-05,4.60296441344e-05,3.72855949936e-05,6.45223553084e-05,4.77225936869e-05,4.91288164475e-05,5.59276022489e-05,1.64619536953e-05,1.45541657333e-05,5.52998965456e-05,3.7857711269e-05,5.76670075306e-05,4.26682385865e-05,1.6904555155e-05,3.2356822031e-05,9.4311262236e-06,1.21573361259e-05,3.01877099867e-05,1.53458674697e-05,2.7241462567e-05,3.2280409244e-05,1.8298645143e-06,6.5108177083e-06,6.4960247225e-06,6.071539795e-06,2.540829024e-06,3.2626461613e-06,0,0,0,0,0,0,0,0,0,0,0,0,0,0
0,0.0001064282673478,0.0010642826734781,0.0001976524965031,0.0011555069026333,0.0001744359337919,0.0001990824989084,0.0001722643149971,0.0002353720804548,0.0001717279513189,0.0001637348243092,0.0002379492425184,0.000666070642499,0.0007006061988537,0.0006171504236699,0.0010637829698771,0.0010802037415116,0.0011870738171248,0.0002479322824261,0.0002320603859351,0.0002135663785634,0.0002083152413445,0.0001917808440473,0.0001712108164036,0.0001804687695635,0.0001640955024206,4.950617761e-06,2.34406684861e-05,1.68474433155e-05,1.56165459377e-05,6.69005578535e-05,1.30059152732e-05,7.7631385952e-06,1.11090252472e-05,1.34486819839e-05,1.63458822762e-05,2.47159081891e-05,1.35873198982e-05,2.48782617125e-05,1.03096696238e-05,2.30214653416e-05,1.24206817597e-05,8.7751620031e-06,1.42640679629e-05,1.79278050143e-05,2.09260570165e-05,1.31219750332e-05,3.41473630856e-05,2.45105938066e-05,1.92131532787e-05,1.91766036722e-05,8.7035576205e-06,1.12216603403e-05,1.69369493716e-05,1.60191716726e-05,2.12545759643e-05,1.01410718423e-05,1.05726405651e-05,1.69132686819e-05,1.011703491e-05,1.0831234975e-05,7.1648810362e-06,8.8073455571e-06,1.40780633938e-05,6.5309538425e-06,2.6873996587e-06,1.9456998627e-06,8.1435732171e-06,1.9574566374e-06,6.436562048e-06,2.019313522e-07,0,0,0,0,0,0,0,0,0,0,0,0,0,0
3.20471734393e-05,0.0001281886937572,0.0008439089005683,0.0002083066273555,0.0005180959706021,0.0001591205760509,0.0001994830547851,0.0002004377018697,0.00012150748092,0.0001948243770126,0.0001863471109019,0.0002290389285224,0.0001188726549667,0.0001296792599637,0.0002269387049365,0.0008399134405301,0.0008349282315906,0.0009578471688085,0.0009213276615173,0.0008620792628556,0.0007934795874953,0.000770704374777,0.0007099400256165,0.0006353552610753,0.0006690628091215,0.0006102546191624,7.8090055477e-06,2.85105449621e-05,1.45631688209e-05,1.23525737718e-05,2.90087431733e-05,1.83040474625e-05,2.92055537173e-05,1.40573274771e-05,1.94465597581e-05,2.73905166388e-05,2.97244752342e-05,4.32368758146e-05,2.11861818741e-05,1.95800555131e-05,2.9480696106e-05,2.04563047083e-05,1.27668260268e-05,2.2162835845e-05,2.52061998904e-05,1.80930918136e-05,2.82937725443e-05,2.76843109605e-05,4.52022622515e-05,4.94431307716e-05,2.16575190121e-05,1.68025903633e-05,2.11880653394e-05,2.63518485718e-05,1.8762125335e-05,1.81385345563e-05,1.29160191696e-05,4.76476607832e-05,3.80022275794e-05,7.3172933987e-06,1.7877185273e-05,1.3151363073e-05,6.5457134653e-06,1.37898114562e-05,1.31248331823e-05,1.4100283165e-06,6.1040426038e-06,3.5916365664e-06,6.7835142773e-06,4.4972367657e-06,6.384483832e-07,0,0,0,0,0,0,0,0,0,0,0,0,0,0
0,0.0004163197335554,0,0,0.0004163197335554,8.62644492953e-05,0.0001125188469069,0.0001012669622162,0.0001275213598278,0.0001200201033673,0.0001125188469069,0.0001275213598278,0,0,0,0,0,0,0.0001109677512843,0.0001041037666688,9.57144521387e-05,9.62864508566e-05,8.82784688052e-05,7.74104931639e-05,8.21771491469e-05,7.30251696596e-05,1.7159961539e-06,6.9919542987e-06,1.5253299146e-06,2.0973286325e-06,2.8599935898e-06,3.8133247864e-06,2.6693273505e-06,2.0973286325e-06,3.0506598291e-06,4.0039910257e-06,6.2292893414e-06,3.8133247864e-06,8.8986166919e-06,7.754619256e-06,2.8599935898e-06,3.6226585471e-06,2.2879948718e-06,4.0039910257e-06,4.194657265e-06,5.8479568627e-06,5.5293209403e-06,4.5759897437e-06,8.7079504526e-06,4.5759897437e-06,7.3732867773e-06,2.2879948718e-06,1.9066623932e-06,5.2759581448e-06,5.0852919055e-06,1.9066623932e-06,4.5132931875e-06,2.0973286325e-06,4.7039594268e-06,7.626649573e-07,7.626649573e-07,9.533311966e-07,7.626649573e-07,1.1439974359e-06,9.533311966e-07,1.906662393e-07,3.813324786e-07,4.1319607089e-06,1.906662393e-07,5.71998718e-07,0,0,0,0,0,0,0,0,0,0,0,0,0,0,0
0,0,0,0,0,0,0,0,0,0,0,0,0,0,0,0,0,0,0,0,0,0,0,0,0,0,0,0,0,0,0,0,0,0,0,0,0,0,0,0,0,0,0,0,0,0,0,0,0,0,0,0,0,0,0,0,0,0,0,0,0,0,0,0,0,0,0,0,0,0,0,0,0,0,0,0,0,0,0,0,0,0,0,0,0
0,0,0,0,0,0,0,0,0,0,0,0,0,0,0,0,0,0,0,0,0,0,0,0,0,0,0,0,0,0,0,0,0,0,0,0,0,0,0,0,0,0,0,0,0,0,0,0,0,0,0,0,0,0,0,0,0,0,0,0,0,0,0,0,0,0,0,0,0,0,0,0,0,0,0,0,0,0,0,0,0,0,0,0,0
0,0,0,0,0,0,0,0,0,0,0,0,0,0,0,0,0,0,0,0,0,0,0,0,0,0,0,0,0,0,0,0,0,0,0,0,0,0,0,0,0,0,0,0,0,0,0,0,0,0,0,0,0,0,0,0,0,0,0,0,0,0,0,0,0,0,0,0,0,0,0,0,0,0,0,0,0,0,0,0,0,0,0,0,0
0,0,0,0,0,0,0,0,0,0,0,0,0,0,0,0,0,0,0,0,0,0,0,0,0,0,0,0,0,0,0,0,0,0,0,0,0,0,0,0,0,0,0,0,0,0,0,0,0,0,0,0,0,0,0,0,0,0,0,0,0,0,0,0,0,0,0,0,0,0,0,0,0,0,0,0,0,0,0,0,0,0,0,0,0
0,0,0,0,0,0,0,0,0,0,0,0,0,0,0,0,0,0,0,0,0,0,0,0,0,0,0,0,0,0,0,0,0,0,0,0,0,0,0,0,0,0,0,0,0,0,0,0,0,0,0,0,0,0,0,0,0,0,0,0,0,0,0,0,0,0,0,0,0,0,0,0,0,0,0,0,0,0,0,0,0,0,0,0,0
0,0,0,0,0,0,0,0,0,0,0,0,0,0,0,0,0,0,0,0,0,0,0,0,0,0,0,0,0,0,0,0,0,0,0,0,0,0,0,0,0,0,0,0,0,0,0,0,0,0,0,0,0,0,0,0,0,0,0,0,0,0,0,0,0,0,0,0,0,0,0,0,0,0,0,0,0,0,0,0,0,0,0,0,0
0,0,0,0,0,0,0,0,0,0,0,0,0,0,0,0,0,0,0,0,0,0,0,0,0,0,0,0,0,0,0,0,0,0,0,0,0,0,0,0,0,0,0,0,0,0,0,0,0,0,0,0,0,0,0,0,0,0,0,0,0,0,0,0,0,0,0,0,0,0,0,0,0,0,0,0,0,0,0,0,0,0,0,0,0
0,0,0,0,0,0,0,0,0,0,0,0,0,0,0,0,0,0,0,0,0,0,0,0,0,0,0,0,0,0,0,0,0,0,0,0,0,0,0,0,0,0,0,0,0,0,0,0,0,0,0,0,0,0,0,0,0,0,0,0,0,0,0,0,0,0,0,0,0,0,0,0,0,0,0,0,0,0,0,0,0,0,0,0,0
0,0,0,0,0,0,0,0,0,0,0,0,0,0,0,0,0,0,0,0,0,0,0,0,0,0,0,0,0,0,0,0,0,0,0,0,0,0,0,0,0,0,0,0,0,0,0,0,0,0,0,0,0,0,0,0,0,0,0,0,0,0,0,0,0,0,0,0,0,0,0,0,0,0,0,0,0,0,0,0,0,0,0,0,0
0,0,0,0,0,0,0,0,0,0,0,0,0,0,0,0,0,0,0,0,0,0,0,0,0,0,0,0,0,0,0,0,0,0,0,0,0,0,0,0,0,0,0,0,0,0,0,0,0,0,0,0,0,0,0,0,0,0,0,0,0,0,0,0,0,0,0,0,0,0,0,0,0,0,0,0,0,0,0,0,0,0,0,0,0
0,0,0,0,0,0,0,0,0,0,0,0,0,0,0,0,0,0,0,0,0,0,0,0,0,0,0,0,0,0,0,0,0,0,0,0,0,0,0,0,0,0,0,0,0,0,0,0,0,0,0,0,0,0,0,0,0,0,0,0,0,0,0,0,0,0,0,0,0,0,0,0,0,0,0,0,0,0,0,0,0,0,0,0,0
0,0,0,0,0,0,0,0,0,0,0,0,0,0,0,0,0,0,0,0,0,0,0,0,0,0,0,0,0,0,0,0,0,0,0,0,0,0,0,0,0,0,0,0,0,0,0,0,0,0,0,0,0,0,0,0,0,0,0,0,0,0,0,0,0,0,0,0,0,0,0,0,0,0,0,0,0,0,0,0,0,0,0,0,0
0,0,0,0,0,0,0,0,0,0,0,0,0,0,0,0,0,0,0,0,0,0,0,0,0,0,0,0,0,0,0,0,0,0,0,0,0,0,0,0,0,0,0,0,0,0,0,0,0,0,0,0,0,0,0,0,0,0,0,0,0,0,0,0,0,0,0,0,0,0,0,0,0,0,0,0,0,0,0,0,0,0,0,0,0
0,0,0,0,0,0,0,0,0,0,0,0,0,0,0,0,0,0,0,0,0,0,0,0,0,0,0,0,0,0,0,0,0,0,0,0,0,0,0,0,0,0,0,0,0,0,0,0,0,0,0,0,0,0,0,0,0,0,0,0,0,0,0,0,0,0,0,0,0,0,0,0,0,0,0,0,0,0,0,0,0,0,0,0,0
