0.0015764132308884,0.0079063767935305,0.01379090622536,0.0148145722938193,0.0142398778175879,0,0,0,0,0,0,0,0,0,0,0,0,0,0,0,0,0,6.16120407359e-05,4.03722192166e-05,5.64639053996e-05,6.14314044083e-05,0.0005182004647773,0.0003838973552132,0.0003763106294544,0.0004291166492202,0.0004372151779072,0.0003399425154993,0.0004232008094916,0.0004525542127252,0.000451741349251,0.0004375915035897,0.0004075005020185,0.0003559890426004,0.0003220444660405,0.000402397525764,0.0003569674893748,0.0005222196230662,0.0003544987928977,0.0004445008431201,0.0003666164798736,0.0004365076856241,0.0004854751834287,0.0004180376211279,0.0003940280425856,0.00048780840266,0.0004623236274424,0.0004169688561897,0.0005004529455914,0.0004102702590415,0.0004382387837636,0.0002785261641183,0.0003098665669554,0.0002932028657351,0.0002928867521618,0.0003186274288436,0.0002346616425683,0.0002395538764405,0.0002013793992096,0.0002562476837154,0.0001819459409662,4.52494000616e-05,0.000108095789036,0.0001136202500549,4.17269916736e-05,7.17427281083e-05,1.49024970263e-05,0,0,0,0,0,0,0,0,0,0,0,0,0,0
0.007897681616529,0.0404023399156996,0.0700384151798603,0.0732656180832228,0.0719398523057528,0,0,0,0,0,0,0,0,0,0,0,0,0,0,0,0,0,0.0003471320033874,0.0003120218401755,0.0003069846218989,0.00029139179995,0.0020520574706007,0.0018785816877418,0.0018939339261312,0.0019921972737071,0.0024175941162885,0.0020857391689282,0.0020970465962238,0.0020765218113055,0.0021637934975076,0.0021047903795446,0.0019754316069057,0.002126442899898,0.0018443586764055,0.0020351414390746,0.0020424642011664,0.0022068278817099,0.0019077374078565,0.0021493584839386,0.0019337956146429,0.0023254055035895,0.0019658834468888,0.0023639890919414,0.002146411335335,0.0021283525319014,0.0021897915584041,0.0021648009411629,0.0021820928845006,0.0021339912090767,0.0017994748060897,0.0019858218093808,0.0017361862934735,0.0013861071414824,0.001393459976519,0.0014557560819524,0.0011226681438497,0.0010337424456762,0.0009649205111919,0.0009796261812653,0.0007658526521932,0.00043416310603,0.000418855977058,0.000424419471871,0.0003433127393806,0.0004307047173624,0.0001199008314568,0,0,0,0,0,0,0,0,0,0,0,0,0,0
0.0138167378047952,0.070246858505855,0.119920003161025,0.12608050175832,0.124302259679958,0,0,0,0,0,0,0,0,0,0,0,0,0,0,0,0,0,0.0005464077884261,0.0005937477472423,0.0005208300343158,0.0006113173719702,0.0036331420129391,0.0034410072326529,0.003421612779949,0.0033893389628522,0.0042657239092581,0.0036966490427495,0.0033533099212428,0.003397000224107,0.0037086084525428,0.0033525558600957,0.0033819190011646,0.0034408262579776,0.0034868390691748,0.0034932636701483,0.0037866387000468,0.0039830414664257,0.0033612728069564,0.0032998017422432,0.0031078026929635,0.0036010944141865,0.003867760598254,0.003956785057283,0.0040835578173368,0.0036416930663474,0.0035587765026101,0.0039760136165346,0.0034563297551624,0.003716676906817,0.0033924155323325,0.002919408055967,0.002909997372851,0.0026312963728754,0.0027852907403402,0.0024219539172119,0.0018768883576277,0.0016431294020205,0.0015053021055499,0.0015176837895856,0.00157254927865,0.0006277709862004,0.0006687315877119,0.0006609647578966,0.0006322651906372,0.0005990110940492,0.0002476487619372,0,0,0,0,0,0,0,0,0,0,0,0,0,0
0.0149302578330228,0.0739190358553505,0.126827492965405,0.131952264875811,0.130747220598971,0,0,0,0,0,0,0,0,0,0,0,0,0,0,0,0,0,0.0006692044004376,0.0005234606872756,0.0005367652814718,0.0005362646524998,0.003892420598728,0.0038659327749348,0.0037905956999309,0.0036210645253097,0.0042250354536336,0.0036769225821289,0.0037651849869563,0.0032911045210134,0.0040107359124524,0.0034768226990637,0.0034945571011337,0.0034783245859798,0.0037954047721774,0.0038814522730679,0.0039010526558519,0.0038762335952988,0.0035779649219899,0.003669473829848,0.0035089539767235,0.0037014837429085,0.0039811684619525,0.0042497179790124,0.0042652678182953,0.0039200310450645,0.0042461832350583,0.0036038762639364,0.0037947524374563,0.0040952208441272,0.0036481591720992,0.0031818308699354,0.0034170506339176,0.0025959432669044,0.0023741798028675,0.0026663195639127,0.0021027933882994,0.0019653934913379,0.001769632392697,0.001730962597251,0.0016605407885179,0.0006115107040542,0.0008211225375881,0.0006620287185051,0.0007075252726607,0.0006944330665133,0.0002300921096626,0,0,0,0,0,0,0,0,0,0,0,0,0,0
0.0150558637878512,0.076145955684578,0.131179426210462,0.137168278917866,0.13569282237862,0,0,0,0,0,0,0,0,0,0,0,0,0,0,0,0,0,0.0005519214914836,0.0006247194873901,0.0007285529209917,0.0005512530359024,0.0038439538192687,0.0037106605932702,0.0039155740601037,0.0037451497181346,0.0046709288667768,0.0038674452582626,0.0037354252809901,0.0038355026308502,0.0042787841747916,0.0035703326680609,0.0038231680338175,0.0039810986226632,0.0037576912180852,0.0037805460327161,0.0044790184525572,0.0040474507968945,0.0035537804346234,0.0040837065543661,0.0035667994028463,0.0043000792597332,0.0039126774192521,0.004430237110744,0.0047716905878271,0.003774529932486,0.0040480555900394,0.0041926966453079,0.0037925941487855,0.0041166518651502,0.0038944540468619,0.003433538008066,0.0031203029058719,0.0026252319700023,0.0028684065610507,0.0027605305627441,0.0018797289253462,0.0018343057770478,0.0016890917598526,0.001628692023415,0.001651562753655,0.0005883204894368,0.0008345349618185,0.0006913740581938,0.0007345690212219,0.0007269613600843,0.0001882498241325,0,0,0,0,0,0,0,0,0,0,0,0,0,0
0,0,0,0,0,0.214112747480537,0.127531048924774,0.122086765985035,0.11797290701335,0.108446689292827,0.0913335986438538,0.0815065775544267,0.0271056730573451,0.0252515235475332,0.0186717660748708,0.0044713744309683,0.0042333296121025,0.003671818860786,0,0,0,0,0.0002468336976227,0.0002612211074287,0.0002391662518213,0.0002403062546741,0.0013675804029398,0.0014600704147488,0.0014981512293595,0.0014210970550746,0.0014290959182535,0.0014167634207924,0.0012927680699372,0.0013824950886088,0.0014499651507674,0.0013627418091091,0.00164893221491,0.0014535026016126,0.001261490121659,0.0014639889406014,0.0014229389060259,0.0015705293804279,0.0013800836608312,0.0014341681401403,0.0013644600856798,0.0014977018242045,0.0015816882958445,0.0015646072530498,0.0016011651920873,0.0015411036703195,0.0015233384619534,0.0015781133440183,0.0014366845528784,0.0014366893776977,0.001340350476994,0.0012119515784224,0.0011104226295611,0.0012568734401903,0.0010527807610516,0.0008717293483626,0.0007830162616784,0.0007405597107883,0.0006880067616036,0.0006028346894204,0.0005775679653359,0.0003285567531907,0.0003072744401861,0.0003358362257619,0.0002813195146805,0.0001944269495187,9.12301197658e-05,0,0,0,0,0,0,0,0,0,0,0,0,0,0
0,0,0,0,0,0.131092670575294,0.140808042881512,0.133962407911802,0.130015946946882,0.119331788775428,0.100234557500986,0.0905320971852503,0.0314822111281614,0.0294753009047164,0.0226796007690998,0.0068228007518871,0.006145528339593,0.0051722748363936,0,0,0,0,0.0002239078724792,0.000227623827652,0.0002495240403264,0.0002542096358871,0.00129880932982,0.0013970946988983,0.0014039554646614,0.0014217064007945,0.0012975584360865,0.0013586197441429,0.0013331241230612,0.0014249961070958,0.0013623411083435,0.001348414952021,0.0015621819797733,0.0014169386319306,0.0012825685119778,0.0014296342939989,0.0014647875475322,0.0015081307869971,0.0013802355814439,0.001474277312637,0.0013771094911926,0.0013934686645149,0.0014589887374407,0.0015835459233306,0.0015674485849813,0.0015074759763514,0.0014697795620548,0.0015429114073762,0.0014879858567974,0.0014182612577704,0.0012935521330447,0.0012183082226123,0.0011473148376847,0.0010772131447152,0.0009000490412771,0.0008905828451872,0.0007857677861964,0.0006989675760833,0.0006888727717994,0.0005981470125686,0.0006106687167011,0.0002794600340095,0.0002705962091424,0.0003112720405378,0.000266957774791,0.0002225920495961,5.68334476764e-05,0,0,0,0,0,0,0,0,0,0,0,0,0,0
0,0,0,0,0,0.125975425916172,0.134473810611919,0.138293626791929,0.13114102974926,0.120834058977469,0.101651316939004,0.0915323655818588,0.0317913635834087,0.0301756423548025,0.0236990565854053,0.0067825102547905,0.006128453618517,0.0053373629339847,0,0,0,0,0.000224194104381,0.0002229588687033,0.0002588506676968,0.0002547862148696,0.0013332260208414,0.0013339881709065,0.0013535478141998,0.0013881535113012,0.001292519165624,0.0013780383464656,0.0014030505372884,0.0014485913460392,0.0013696651389668,0.0013683520891198,0.0014954070845708,0.0013881850392984,0.0012914706072349,0.001414247636472,0.0014776097236666,0.0014442536300119,0.0014091781202681,0.0014590052666856,0.0013588974694032,0.001401928213085,0.0014988351373359,0.0015925398525156,0.0015504160909564,0.0014724500493915,0.0015473805849991,0.0015719338434656,0.0014751771568998,0.001395243695446,0.0013049316144639,0.0012045386015205,0.0011411603480044,0.001089684866638,0.0008846333046681,0.0008858253785347,0.0007822748353043,0.0007610426285028,0.000683006460054,0.0005788618187412,0.0006163219366413,0.0002941174561534,0.000259993516718,0.0002934854414337,0.0002629631733491,0.0002152349357444,5.18185868979e-05,0,0,0,0,0,0,0,0,0,0,0,0,0,0
0,0,0,0,0,0.123368786337713,0.132268721418677,0.132905928846548,0.134484865720238,0.120594562397236,0.103417325488963,0.0936055770287514,0.0329600356195816,0.0310691554716083,0.0244264104493853,0.0069427836437451,0.0062880589232063,0.005486419145303,0,0,0,0,0.0002284020222219,0.000241998950681,0.000258728411176,0.0002648882159,0.0013323331721211,0.0013374653151407,0.0013661085890769,0.001408452320551,0.00129815761665,0.0013420788108214,0.0013804983728543,0.0014416719497155,0.0013839322022948,0.0013818136094995,0.0015169942312367,0.001414651144149,0.0012983769033824,0.0014160427388249,0.0014740776414873,0.0014495997399491,0.0013803874851313,0.0014366652058922,0.0013757743883076,0.0014008621384395,0.0014750881166414,0.0015536881701032,0.0015663696882216,0.0014599688008682,0.001507866969507,0.001549782725577,0.0014968785354793,0.001380796044329,0.0013001003406396,0.0012410677838087,0.001197503249084,0.0010727184002067,0.0008652327021201,0.0009045663250198,0.0007743945310174,0.0007283584004979,0.0006834036828656,0.0005898657103191,0.0006156779606741,0.0002851355085721,0.0002553399086192,0.0002946534947686,0.0002663527100004,0.0002338308944353,5.27676801642e-05,0,0,0,0,0,0,0,0,0,0,0,0,0,0
0,0,0,0,0,0.114034803619737,0.122071643683707,0.123138324308933,0.121262309562471,0.132441171218495,0.112552725676519,0.103439149773408,0.0378733380642291,0.0345322936989744,0.0268783265302636,0.0072750176251993,0.0065262570146267,0.0057668355284265,0,0,0,0,0.0002194733728788,0.0002349120581044,0.0002609828224404,0.0002575982378688,0.0013090364301761,0.0013479248607517,0.0013160929702176,0.0013735206356197,0.0013270045686714,0.0013285359430839,0.0013612888875372,0.0014086241930986,0.0013461350778904,0.0013855267456168,0.0014787113519662,0.0013867154698527,0.0012754327822755,0.0014388954785241,0.0014821898878386,0.0014938568388601,0.001437687622358,0.0014600244146884,0.0014229911069297,0.0013766805051103,0.0014739246486568,0.0016012578196629,0.0016258110110606,0.001509645345624,0.00149603836532,0.0015107946073426,0.0014829872607435,0.0013490986182558,0.0013188937236181,0.0011771869209096,0.0012060324013904,0.0010880656806158,0.000911311920576,0.0008862976571754,0.0007883727510918,0.0007441139722713,0.0006816032858115,0.0006000259711442,0.0006341474345753,0.00028684877088,0.0002672131094885,0.0002478348366742,0.0002883653574434,0.0002493876304777,5.27023318422e-05,0,0,0,0,0,0,0,0,0,0,0,0,0,0
0,0,0,0,0,0.0941809598148882,0.100551265483541,0.101584700900191,0.101977141323211,0.110374166856725,0.139154166990133,0.125762969776513,0.0600409498199069,0.055691170152556,0.03676140321435,0.0081244189593218,0.007240566427247,0.0064243592082616,0,0,0,0,0.0002265545564267,0.0002525369495392,0.0002662290073763,0.0002660842305017,0.0013768987275948,0.0012834987707569,0.0013153397704252,0.0013555668469803,0.001285142170329,0.0013149262147495,0.0013754521090756,0.0014342954034922,0.0013384921444473,0.0013730591156448,0.0014618782365782,0.0013696934951813,0.0012877195185149,0.0014454444954243,0.0014384752270462,0.0015022004828126,0.0013735076475877,0.0013928684929994,0.0014623823361599,0.0014721189823887,0.0014971060980565,0.0016570935697805,0.0016486807572535,0.0014876980954431,0.0015203913707625,0.0015286204338864,0.0014345975911243,0.0013169094587977,0.0013081355683299,0.00117556171009,0.0011603286503209,0.0010942904614247,0.0009216713835563,0.0009042476972914,0.0007492433990088,0.0007348520458259,0.0006969370692609,0.0005909245209257,0.0006079092334716,0.0003026199743612,0.0002606263251282,0.0002636495681829,0.0003000988806414,0.0002506485079365,4.85537702596e-05,0,0,0,0,0,0,0,0,0,0,0,0,0,0
0,0,0,0,0,0.0823873355333685,0.0890241635684267,0.0896654724026477,0.0904787337003768,0.0994332469854779,0.123278698847622,0.150245898544976,0.0815501639123243,0.076248184547198,0.0417310250910947,0.0089284399483466,0.0082312721911197,0.0067064828334526,0,0,0,0,0.0002358245255161,0.0002570370773479,0.0002421273769763,0.0002750482326766,0.001445144130982,0.0013283893014942,0.0012718194606789,0.001332190528261,0.0012636874318116,0.0013616650735956,0.0013308426983359,0.0014422878930376,0.0013009706598399,0.0013748160257139,0.0014449638660717,0.0013757883516872,0.0012618521415327,0.0014250106487143,0.0014372442985922,0.0014823097917816,0.0014178273243029,0.0014570507501082,0.0014618732340078,0.0014811441749574,0.0014536542143472,0.0015937407357892,0.0016500075442344,0.0014811885457264,0.0015316463157704,0.0015024741889042,0.0014187112688229,0.0013366725828685,0.001297232959019,0.0012079591690202,0.0011729521390722,0.0010667670957413,0.0009720191639043,0.0009218926240101,0.0007603149242223,0.0007298730452467,0.0006690217542907,0.0005830703630972,0.0006272705799845,0.0003004605881442,0.0002703918739763,0.0002553513007531,0.0002868272785818,0.0002529554948406,4.1511145178e-05,0,0,0,0,0,0,0,0,0,0,0,0,0,0
0,0,0,0,0,0.0274950901036172,0.0310668842649566,0.0312526509712295,0.0319712497280608,0.0365348572904437,0.0590622466732362,0.0818374313774113,0.207705963448052,0.202023089409641,0.171575998146832,0.0252372464465914,0.0232015516273659,0.0191159707155086,0,0,0,0,0.0001841758139428,0.0002543262146223,0.0002446350602163,0.000292581745807,0.0013984357086018,0.0012288289599878,0.0013311347874927,0.0013871660572203,0.0013449207441708,0.0014859901759057,0.0013907312000194,0.0013774059716087,0.0013679576634283,0.0014837034317525,0.0014463072276147,0.0012823034971013,0.001316652353911,0.0014186586955036,0.0014231336916513,0.001499426763187,0.0013344463012128,0.0014760481149821,0.0014363206311182,0.0015148313057408,0.0014519068376115,0.0015567697216703,0.0018112253272182,0.0014633674612698,0.0013928315844452,0.0015716552959777,0.001372009295778,0.0014085093369869,0.0013920410628722,0.0011250070599109,0.0011188795316874,0.0008615404077349,0.0010041197986618,0.0008053851345615,0.0006384708083178,0.0007124150045399,0.0006610686212899,0.0006234815375948,0.0006095458507714,0.0002530718850399,0.0002650141190835,0.0002781315218653,0.0003023656083478,0.0002279881168805,9.28467501387e-05,0,0,0,0,0,0,0,0,0,0,0,0,0,0
0,0,0,0,0,0.0256255124831791,0.0290991793637464,0.0296772907351228,0.0301502842145417,0.0333264672047295,0.0548073462153198,0.0765502618877973,0.202111502140236,0.210790486096563,0.177418017373882,0.0295762555544996,0.0269860362678225,0.0219214620503216,0,0,0,0,0.000204730797737,0.0002640762281607,0.000248236540949,0.0002562249016564,0.0014760221021563,0.0012072316357167,0.0013273763772066,0.0013511722048823,0.0013476418487919,0.0014901652186318,0.001399145544635,0.0013812400230696,0.001351801893656,0.001457777740977,0.0014376619943113,0.0012615307785416,0.0012756146434723,0.00143832198209,0.0014843757888932,0.0015144294381814,0.0013198581197566,0.0014486576909375,0.0014208684718356,0.0014970961686609,0.0014071185893638,0.0015649321142903,0.0017793901973911,0.0014711813361856,0.0013861281534208,0.0015576067664868,0.0013668281321799,0.0014328405690008,0.0014400459615807,0.0011433012676926,0.0011436260859512,0.0008588114207713,0.0009938019866192,0.0008118609361107,0.0006611708599726,0.0007237094344098,0.0006537942105502,0.0006497225211174,0.0006195362986083,0.0002482418408525,0.0002607293234778,0.0002992960456772,0.000291579735971,0.0002379391905954,9.5447299055e-05,0,0,0,0,0,0,0,0,0,0,0,0,0,0
0,0,0,0,0,0.0185626434489396,0.0219344804152895,0.0228332765774676,0.0232215424925661,0.0254118059275564,0.0354416524976041,0.041043621875252,0.168157409199844,0.173806964015775,0.227288134702912,0.0694514077908914,0.0659075675605916,0.0549334446118786,0,0,0,0,0.0001944623646232,0.0002525088124864,0.0002321453263876,0.0002465780835818,0.0014669831848045,0.0011589875544072,0.0014254148229708,0.0013898755872946,0.0013888359351303,0.001532463599789,0.0013671523120628,0.0014258437929024,0.0013948387141405,0.0014135989256271,0.001386224020897,0.0011953461275578,0.001313300543028,0.0014463817739255,0.0015507475418498,0.0015550185507657,0.0013465571328895,0.001353263363938,0.0013032809708584,0.0014281386967632,0.001506578209131,0.0015280481357248,0.0018183495854252,0.0015321353434196,0.0013423228099126,0.0015697642367827,0.0013708629798151,0.0015264503343558,0.001442287690698,0.0010104761125044,0.0012145167616015,0.0008384573661882,0.0009289255494572,0.000878107034313,0.0006334813985105,0.0006778145027182,0.0006493715356637,0.0006941503733423,0.00064073743391,0.0002788132114409,0.0002627413118109,0.0003027527618752,0.000301817926009,0.0002045199932387,8.46185469016e-05,0,0,0,0,0,0,0,0,0,0,0,0,0,0
0,0,0,0,0,0.0042731294668258,0.0063431535080177,0.0062817149550789,0.0063447663375694,0.0066117731004777,0.0075294764751201,0.0084413672298074,0.0237767247009078,0.0278524388290877,0.0667623538906974,0.277403054749472,0.258402799407097,0.217784808352221,0,0,0,0,0.0001883676372505,0.0002467139814034,0.0001758749075905,0.0002949388298769,0.0014463368937758,0.0013304827699082,0.0014439222722271,0.0012663701217129,0.0014578801107043,0.0014811203675176,0.0014542963524602,0.0014240823160659,0.0013709290680667,0.0013102079894815,0.0013223094669909,0.0012731342704341,0.00132180642711,0.0013993975989805,0.0014650170842774,0.0013679504060233,0.0013153183433254,0.0012995818012492,0.0012612253016127,0.0014214572092696,0.001377530774052,0.0017023890248733,0.0016311481741559,0.0014390135988425,0.0013373920497094,0.0015089937241936,0.001386356503809,0.0014075138158499,0.0014011079230552,0.0011047759389241,0.0010443346107477,0.0008235249739689,0.0009118777946721,0.0010022444000238,0.0006443350017009,0.0006909115349979,0.0006448166882018,0.000717793066705,0.00064582941673,0.0002921320828296,0.0002600689295391,0.0003086642653916,0.0002040620713537,0.00019176522018,4.85036355708e-05,0,0,0,0,0,0,0,0,0,0,0,0,0,0
0,0,0,0,0,0.0040915221246027,0.0057782930824459,0.0057403249446845,0.0058116093121335,0.005998544316241,0.0067864525868281,0.0078704938245988,0.0221067498822641,0.0257014097744327,0.0640742716152844,0.261333461846353,0.269131709670655,0.235644050306695,0,0,0,0,0.000197110796203,0.000239686754991,0.0001923095191457,0.0002896051895725,0.0014905591549259,0.0013190991227896,0.0013920175288288,0.0012916401850401,0.0014502684034803,0.0014748742236334,0.001482579090682,0.0014567307011612,0.0014109072262791,0.0013396787298092,0.0013386752021394,0.0012466694558627,0.0013432806082956,0.0013887270223487,0.0014813579929941,0.0013902784668621,0.0013386860535718,0.0013076723279346,0.0012539664612679,0.0014814770117634,0.0013668469017734,0.001684199039337,0.0016369081507074,0.0014349631778482,0.0013817707828998,0.0015280449546721,0.0013806125682948,0.00140008282037,0.0014405811247076,0.0011052525723241,0.0009987948189636,0.0008135078415931,0.0008794747940436,0.0009644736068134,0.0006546985173513,0.0006405902155654,0.0006613703947781,0.0007184224929339,0.0006596237256983,0.0003043234270873,0.0002917141311103,0.0003200049614666,0.0002060543072313,0.0001910882105297,4.20078404596e-05,0,0,0,0,0,0,0,0,0,0,0,0,0,0
0,0,0,0,0,0.0035305426631569,0.0048381500133709,0.0049735868391191,0.0050445936363405,0.0052732293447446,0.0059904229836142,0.006379508680773,0.0181201429924576,0.0207703951226449,0.0531303433985426,0.219120386605576,0.234430371079432,0.336035602342495,0,0,0,0,0.0002130346820869,0.0001812136227775,0.0001867489237529,0.0002431220742047,0.001426046171782,0.0013935087477918,0.0014659941745634,0.0013144984400953,0.0014626667824886,0.0013584302018863,0.0014302590107878,0.0015063850039946,0.0014873765493756,0.0013183110381734,0.0014118942473059,0.0012737710725322,0.0013440347085374,0.001436007354564,0.0013927244306709,0.0015429949776145,0.0014509546997327,0.0013380643496224,0.001319194036694,0.0014635323953223,0.0014554531065423,0.0015843396903696,0.0016253467250839,0.0014453304838189,0.001503558352538,0.0016466486112423,0.0016062558271757,0.0013724064287023,0.0014388642026585,0.0012037143504034,0.0010538526479311,0.0007823726469852,0.000873299358711,0.001088955236074,0.0006989774071443,0.0007388699402724,0.0006506221668069,0.0007672580697943,0.0006907917784537,0.0003061073979169,0.0003089547285751,0.0003762948722368,0.000251160200521,0.0002053070568584,4.6501231498e-05,0,0,0,0,0,0,0,0,0,0,0,0,0,0
0,0,0,0,0,0,0,0,0,0,0,0,0,0,0,0,0,0,0.090579086404274,0.0932580754691656,0.0910148611384302,0.0957703975896837,0.0957904864099565,0.0985508174542981,0.10391873031243,0.0990522198613548,0.0012886832298664,0.0012440427847115,0.0012888125492581,0.0012976442224466,0.0020630571801174,0.0018771239406097,0.0019945983257648,0.0019147337989003,0.001927358227102,0.0018530285881625,0.001873664762335,0.0019738806740849,0.0018805397764761,0.0019372598612983,0.0018464162127443,0.00187423286711,0.0017141902945215,0.001742673482261,0.0016530814292827,0.0017145276126864,0.0018424380164242,0.0017630733291921,0.0018525690856734,0.0019188165785465,0.0024413951536368,0.0009638433838264,0.0009537218956937,0.0010152690457113,0.0008625352761384,0.0007451082770845,0.0006669408865908,0.0008242978479988,0.0006173237636099,0.0006656664036301,0.000513257090093,0.0004550336176396,0.0004668929924146,0.0004477298869439,0.0004342317408927,0.0001907336317056,0.0001908467272687,0.0001858314646156,0.0001854704453912,0.0001903274671602,3.85171591427e-05,0,0,0,0,0,0,0,0,0,0,0,0,0,0
0,0,0,0,0,0,0,0,0,0,0,0,0,0,0,0,0,0,0.090713577116925,0.0933411771241001,0.0911078608609184,0.0958743532418073,0.0958895564380082,0.098657103799137,0.104013252011388,0.0991298871217475,0.0012794874112984,0.0012350487691286,0.0012776287223706,0.001287585841573,0.002057094241253,0.0018709549999395,0.0019849939660865,0.0019071779219896,0.0019200345463314,0.001846742082069,0.0018653966206782,0.0019660361705199,0.0018700658616495,0.0019274998130497,0.0018386834689363,0.0018682822990294,0.0017082941678259,0.0017356447645973,0.0016448281629152,0.0017069793537361,0.0018368724060758,0.0017541450207877,0.001845251677585,0.001912370748283,0.0024285424003975,0.0009655411397784,0.0009541363466909,0.001014670535621,0.0008633230750057,0.0007470318864865,0.000665601645553,0.0008233657408733,0.0006176991585186,0.0006668754759513,0.0005132990144923,0.000455710885943,0.0004677533033152,0.0004490298723007,0.000434518660304,0.0001906671843988,0.0001911960534304,0.0001862669833532,0.0001844031640929,0.0001906432746253,3.82712402312e-05,0,0,0,0,0,0,0,0,0,0,0,0,0,0
0,0,0,0,0,0,0,0,0,0,0,0,0,0,0,0,0,0,0.0881799880352454,0.0907460501008182,0.0886227091263693,0.0931967552048246,0.0932069617251946,0.0959359524977698,0.101109575170791,0.0963905683528146,0.0012526542335338,0.0012055490935886,0.0012539199384201,0.0012623261163244,0.0020034836752202,0.0018224810574237,0.0019340088475872,0.0018619378202674,0.0018731807129747,0.0018029555821354,0.0018208249338446,0.0019190808331384,0.0018316979289651,0.0018838344258821,0.0017931581189279,0.0018201522617698,0.0016674725965487,0.0016920773314382,0.0016071582805506,0.0016683720008234,0.0017904464601989,0.0017124422740432,0.0018028148064544,0.0018662372453637,0.002374673862002,0.0009410976115209,0.0009242529280215,0.0009882042959777,0.0008396486254633,0.0007279563339688,0.0006500527207266,0.0008051071143794,0.0006027255636031,0.0006463022034497,0.0004981845453462,0.0004422312721969,0.0004542834434298,0.0004359107660985,0.0004236231578023,0.000185289513269,0.0001855811740786,0.0001805228944328,0.0001802381744728,0.0001846529234998,3.76700427876e-05,0,0,0,0,0,0,0,0,0,0,0,0,0,0
0,0,0,0,0,0,0,0,0,0,0,0,0,0,0,0,0,0,0.0878128783685354,0.0903740043560023,0.0882002852514374,0.0927794197427917,0.0928320426213645,0.0955000181680753,0.100710056749735,0.0959612317039979,0.0012577221659592,0.0012126354043873,0.0012578656966497,0.0012680785437993,0.0020069072030465,0.0018283482405266,0.0019405394879075,0.001863464855842,0.0018761270613419,0.0018049889911652,0.0018224336280934,0.0019209833171146,0.001832638479261,0.0018842938531986,0.0017982428544665,0.001826847355054,0.0016692826283165,0.0016952134768288,0.0016084011425815,0.0016696122934393,0.0017928287676607,0.0017170535912742,0.0018070043987054,0.0018670662044732,0.0023769118512378,0.0009354038623434,0.0009229321736283,0.0009831645519156,0.0008375967106336,0.0007247100832137,0.0006460212426557,0.000801078836377,0.0005983371997745,0.0006451646902003,0.0004967111765169,0.000440622797655,0.0004525503145944,0.0004341089679866,0.0004198372809668,0.0001841853445146,0.0001857792126182,0.0001807565358481,0.0001796616507169,0.0001846332212677,3.72997651126e-05,0,0,0,0,0,0,0,0,0,0,0,0,0,0
6.05912569762e-05,0.000341756598718,0.0005363503130968,0.0006530177199449,0.0005133602759397,0.000222165455564,0.0001960554713449,0.0001955595478827,0.0001965843840292,0.0001878593432124,0.0001977481098649,0.0002099874074294,0.0001634217017935,0.0001815809516599,0.0001760569686007,0.0001774080656286,0.0001835606873323,0.0001994170003658,0.0883229379699075,0.0908942884315338,0.088703704023865,0.0933516744840459,0.0933506243207713,0.0960520012959625,0.101281313006991,0.0965260110052906,0.0012441423545478,0.0011984673729099,0.0012441092222559,0.0012536495056942,0.0020003975384919,0.0018186350980344,0.0019290426965653,0.0018533218523306,0.0018626326010666,0.0017960205268176,0.0018144606911586,0.0019113177686468,0.0018213313423445,0.0018744212339792,0.0017899737881179,0.0018195040880013,0.0016591334750225,0.0016878193349677,0.0016036715358463,0.0016642756672933,0.0017858303074799,0.001709659776592,0.0017961406016977,0.001860858968821,0.0023624040390733,0.0009468315664553,0.0009366022665415,0.0009923269311591,0.0008473142349075,0.000731627309096,0.0006548653443725,0.0008084885427,0.0006059339757988,0.0006511325372718,0.000502486640041,0.0004472799464668,0.0004572187287655,0.0004377933583563,0.0004257433642892,0.0001869766651548,0.0001868739002816,0.0001829146016181,0.0001806771730635,0.0001861725598907,3.82012479359e-05,0,0,0,0,0,0,0,0,0,0,0,0,0,0
3.85656677555e-05,0.0002983878343005,0.0005661186948297,0.0004961627016789,0.000564421920484,0.0002283779725978,0.0001935981441638,0.0001889093498412,0.0002023188830246,0.0001953125436067,0.0002141106819465,0.0002223176388134,0.0002192007938625,0.0002275046522521,0.0002220588372219,0.0002257016305644,0.0002168139208292,0.0001647694052722,0.0882643289872265,0.0908379889724958,0.0886846915725802,0.0932827895048089,0.0932997075730715,0.0959836805428204,0.101224641623955,0.0964901662399532,0.0012744559618132,0.0012294237555313,0.0012736562816698,0.0012825420946323,0.0020283667133455,0.0018469224998591,0.0019612111947718,0.0018804988586433,0.0018962454719821,0.0018253286495917,0.0018402505551102,0.0019405135804913,0.0018491116289549,0.0019030145031312,0.0018186198130344,0.0018423822287968,0.0016884152326353,0.001712287332983,0.0016255681781849,0.0016884205982896,0.0018113494036156,0.0017356632154947,0.0018241039251213,0.0018862807066607,0.0023991318126507,0.0009460546638045,0.0009331533291867,0.000994803641052,0.0008452962817891,0.0007313838852164,0.0006539082583486,0.0008087938283446,0.0006059900807965,0.0006539032363113,0.0005011483327227,0.0004450018169188,0.0004563883900149,0.0004400974411139,0.0004256146329917,0.0001875144100219,0.0001878611869818,0.0001809717029902,0.0001811259065765,0.0001860250367319,3.76668376498e-05,0,0,0,0,0,0,0,0,0,0,0,0,0,0
5.09946332601e-05,0.0002775543675388,0.0004695013755364,0.0004810162927241,0.000622322135994,0.0001976883929823,0.0002006463151933,0.0002073544296521,0.0002045042717207,0.0002051502622309,0.0002134047609688,0.0001979964350356,0.0001993448502014,0.0002021910889892,0.0001930131032517,0.0001521178377873,0.0001644671762834,0.0001605384870226,0.0879942211159283,0.0905447242754196,0.088367970420084,0.0930049873072112,0.0930118995852349,0.0957021235600458,0.100900753696607,0.0962003675825281,0.0012694007079331,0.0012245027148622,0.0012700134747321,0.0012781628921708,0.0020205973131682,0.001839860976365,0.0019578968872149,0.0018767093587903,0.0018891566997347,0.0018167410142756,0.0018364363601978,0.0019359161441625,0.0018442685772006,0.0018989614635476,0.0018113890116648,0.0018365413816035,0.0016783311607674,0.0017099325843542,0.0016183546475168,0.0016811928440879,0.0018038915181105,0.0017301659478704,0.0018167798737949,0.0018814721176658,0.0023919387727342,0.0009438723389037,0.0009312647401649,0.0009904539839074,0.0008429383974247,0.0007294269448471,0.0006539722839826,0.0008050240173111,0.0006032646219861,0.0006486661928211,0.000500521500915,0.0004441038168994,0.0004578244736181,0.0004346832570765,0.000425605616217,0.000186219126415,0.0001869231729418,0.0001821941966263,0.0001812172499975,0.000185107247334,3.7593219107e-05,0,0,0,0,0,0,0,0,0,0,0,0,0,0
5.39948944989e-05,0.0002563996717703,0.0005363104750095,0.0004676955465921,0.0004582619862447,0.0001933103209559,0.0001989388012152,0.0001986317406289,0.0002037650025395,0.0001970660148709,0.0002075757240851,0.0002188925727633,0.00023202898624,0.0002031076723222,0.00019952164418,0.0002482658061126,0.000241042424851,0.0002034014965059,0.081626885486724,0.0839823031723983,0.0819871574561498,0.0862457899431721,0.0862704858352165,0.0887824396555753,0.0936236190707136,0.0892059560800729,0.0011818270373896,0.0011412996455678,0.0011816739377686,0.0011868942203164,0.0018809456649332,0.0017084002489403,0.0018159952059172,0.0017449797395838,0.0017554679221238,0.0016879049177189,0.0017066238686792,0.0018004782371134,0.0017143933716299,0.0017632070540497,0.0016813050744518,0.0017054104612636,0.0015625101442225,0.0015885947775142,0.0015026408889381,0.0015632027237031,0.0016768795712943,0.0016062329197532,0.0016866720585555,0.0017473124626881,0.0022247816277733,0.0008754024275666,0.0008635888292203,0.0009200978652052,0.0007824374793382,0.0006771952391844,0.0006063995345791,0.0007453798649216,0.000561279550392,0.0006033115490415,0.000464330033547,0.0004138211118872,0.0004229154309321,0.0004037888162571,0.0003941727757142,0.0001735926221294,0.0001719671662647,0.0001687905970078,0.0001676823770892,0.0001715724926871,3.53098902411e-05,0,0,0,0,0,0,0,0,0,0,0,0,0,0
0.0004578780157103,0.0018151787526512,0.0032042150580883,0.0034126642741293,0.0032124083146657,0.0011059425743419,0.0010217923071422,0.0010448795844035,0.0010303138502347,0.0010067237640269,0.0010798145231404,0.0011561736612234,0.0011148777843177,0.0011762173889083,0.0011933021383782,0.0012238949996669,0.001247171290492,0.0011993697185666,0.0010675910665515,0.001089704959238,0.001071105476573,0.0011363615920628,0.0011178349930272,0.001178850126459,0.0012419301505892,0.0011880744665258,0.0001028467684011,0.0001011873415958,0.0001047569364697,0.0001051090232705,0.0001194231808024,0.0001083408563942,0.0001145638046542,0.0001079210995648,0.0001110595840065,0.0001048125392908,0.0001068319657961,0.0001146462068278,0.0001052251851933,0.0001098409886841,0.0001105680644865,0.0001053690124208,0.0001009967637523,0.0001010031398589,9.68149912322e-05,0.0001033581651949,0.0001013964658515,0.0001109794136692,0.0001149695656379,0.000107933023184,0.0001356522922945,5.03466476224e-05,4.55755968848e-05,4.7310067186e-05,3.77824737034e-05,3.72901093535e-05,3.77842787219e-05,3.00274330341e-05,3.25419988329e-05,2.92162154504e-05,2.38712227234e-05,2.28595302738e-05,2.13640853586e-05,2.03860844245e-05,2.30688143358e-05,9.9599542756e-06,8.9948851689e-06,7.7213408675e-06,7.9334634972e-06,8.2926783522e-06,2.2194707923e-06,0,0,0,0,0,0,0,0,0,0,0,0,0,0
0.0003409988888755,0.0016704974387979,0.0030507787899574,0.0034073280732085,0.003117379404218,0.0011869689516192,0.0011049151377337,0.0010509941308491,0.00103974077299,0.0010421017389175,0.0010118787430457,0.0010683735489294,0.0009848317565847,0.0009670995749541,0.0009477415157979,0.0011318002889253,0.0011095328630383,0.0011781892117828,0.0010360481049021,0.0010574086703121,0.0010362672668111,0.0011014072358255,0.0010824795258592,0.0011431973565134,0.0012043259287311,0.0011533875871963,0.0001017213314416,9.72125496667e-05,0.0001062139714267,0.0001022285773729,0.0001155667942055,0.0001082833483526,0.000113284131171,0.0001087972132025,0.0001108644989856,0.0001058602349672,0.0001049023457855,0.0001123395031939,0.0001051789559676,0.0001105486714978,0.0001094488970349,0.0001067037609563,0.0001022864696472,0.0001039531603495,9.63542889411e-05,0.00010178709434,0.0001040507316557,0.0001074641555327,0.0001089799385307,0.0001068243804505,0.0001346991652087,4.57878854819e-05,4.42732128149e-05,4.37654700155e-05,4.15480046133e-05,3.72545744366e-05,3.37235178702e-05,3.3415332371e-05,3.22578361695e-05,3.07786068529e-05,2.19802093589e-05,2.01146420447e-05,1.99082585689e-05,2.45554958272e-05,1.89533728227e-05,9.7561371174e-06,8.8285310847e-06,7.6253883398e-06,8.74409883e-06,5.8293458299e-06,1.647755167e-06,0,0,0,0,0,0,0,0,0,0,0,0,0,0
0.0003369207393253,0.0016975554479163,0.0030577319259726,0.0033675227221697,0.0033157157170108,0.001227621903084,0.0011191797044815,0.0010748932350829,0.0010704618254021,0.0010255915219214,0.0010452360561532,0.0010310189304333,0.0010753158695846,0.0010718106908777,0.0011748862445291,0.0012380773447322,0.0011801870859758,0.0012493410283756,0.001081876719888,0.001102571702308,0.0010864258807689,0.0011515833327484,0.0011326491422141,0.0011937551780547,0.0012590298553048,0.0012036955734493,0.0001061480583965,0.0001070594636389,0.0001068561418373,0.0001105506695201,0.0001183033690816,0.0001107904133365,0.0001139166745054,0.0001059405207958,0.0001122643520127,0.0001118610853709,0.0001108442664152,0.0001145384610849,0.0001110243469599,0.0001106320724358,0.0001137952485129,0.0001060366569848,0.0001039969903768,0.0001047349205106,9.83743764671e-05,0.0001080813172846,0.0001082180901561,0.000115183248632,0.0001151704380135,0.0001070608326282,0.0001388494743874,5.1816132853e-05,4.43990191085e-05,4.61845071506e-05,4.55749085352e-05,3.9172576346e-05,3.60949101358e-05,3.73945647056e-05,3.22642588833e-05,2.93216742422e-05,2.23968810239e-05,2.15767170584e-05,2.10327511823e-05,2.12039680887e-05,1.75420086009e-05,9.4126022173e-06,9.7319658506e-06,9.5605918003e-06,9.6112440191e-06,5.5580118182e-06,2.0917820605e-06,0,0,0,0,0,0,0,0,0,0,0,0,0,0
0.0003789833668485,0.0017613879137449,0.00298776942092,0.0031732395493412,0.0031283443716709,0.001148672538435,0.001117943714467,0.0010874085645062,0.001088658424003,0.001055811934464,0.0010625781845283,0.0010652978251475,0.0011053657425524,0.0010762129868634,0.0011300404792437,0.0010710953703416,0.0010802175470133,0.001105025648515,0.0010745018866551,0.0010960790916577,0.0010788607358499,0.0011451721474302,0.001125839677541,0.0011857637792742,0.0012499062226593,0.0011925992909627,0.0001050588859559,0.0001016434173725,0.0001090498073291,0.0001039960160366,0.0001154529279329,0.0001082431584257,0.0001136666903428,0.0001076111231574,0.000114219574943,0.0001095728036952,0.0001078626039235,0.0001158513695794,0.0001061363904541,0.000111785703666,0.0001130883153962,0.0001026739948189,0.0001001148383459,0.0001022415555581,9.86084463389e-05,0.0001059996058877,0.0001073001099429,0.0001112001497975,0.000115624435237,0.0001056308480735,0.0001376769376237,4.91726078123e-05,4.52796135205e-05,4.30125246673e-05,4.6794248437e-05,3.75244413952e-05,3.33856541762e-05,3.715135532e-05,3.15576392494e-05,2.82908432499e-05,2.40738400492e-05,2.55689133488e-05,2.32620632183e-05,1.89876455242e-05,2.07160262084e-05,9.5666593823e-06,9.9093602042e-06,7.7088642666e-06,8.8765880592e-06,7.7539838086e-06,1.7871639414e-06,0,0,0,0,0,0,0,0,0,0,0,0,0,0
0.0003802135531699,0.0021047166639962,0.0037026477367574,0.0036457302456511,0.0038418128351822,0.0011374215616448,0.001004672522023,0.0009969647975615,0.0009880171715276,0.0010044108032149,0.0009919247122169,0.0009950203065679,0.0010552656912045,0.0010569381975811,0.0011118766192855,0.0012141626718637,0.0011942785817734,0.0012107243052318,0.0016820944932333,0.0017242787194548,0.0016860374125683,0.0017845942655315,0.0017689041749617,0.001846548019227,0.001945622479704,0.0018609999480224,0.0001175354851018,0.0001131429729743,0.0001149074580065,0.0001136822158905,0.0001351791688615,0.0001250430428979,0.0001290339901174,0.0001203450014871,0.0001277287566425,0.0001200210454892,0.0001250942139878,0.0001304193016906,0.0001210260122092,0.00012900587853,0.0001232675822259,0.0001223909604884,0.0001142237962432,0.0001148824515906,0.000109201951708,0.0001191301092257,0.0001208854342162,0.0001245363462648,0.0001232940062537,0.0001186836190901,0.00015570251715,5.87201913574e-05,5.10442850143e-05,4.93730713878e-05,5.12751078396e-05,4.28100293815e-05,3.7377720834e-05,3.7824321027e-05,3.66014756328e-05,3.29944672777e-05,2.66069441147e-05,2.41613479015e-05,2.46985048809e-05,2.38298871907e-05,2.27494122174e-05,1.30866359252e-05,1.08375587729e-05,9.9878466561e-06,1.03019365769e-05,7.2836413153e-06,1.9089600261e-06,0,0,0,0,0,0,0,0,0,0,0,0,0,0
0.0002975903392185,0.0018278949268774,0.0032300470968371,0.0031938876897249,0.0032021237062865,0.0011351111619071,0.0010589525523497,0.0010700032972793,0.0010282437239265,0.0010122627292102,0.0010216682569811,0.0010793034290382,0.0011737133533422,0.0011764961441517,0.0012350279933051,0.0012417277902036,0.0012226248678729,0.0011319263553489,0.0015406821592195,0.001578692707714,0.0015439221687594,0.0016366360027583,0.0016188795789922,0.0016925588735752,0.0017833837018041,0.0017015343377744,0.0001073380286818,0.0001067178771407,0.0001083263894138,0.0001072924138263,0.0001258752988299,0.000107367673841,0.00011728548533,0.0001129847558527,0.0001151877992985,0.0001143788802207,0.0001120123522199,0.0001191234271373,0.0001122270125038,0.0001118608095256,0.00011396461868,0.0001116269557811,0.000109282149246,0.0001093538446826,0.000100547704779,0.0001079204369516,0.0001110198790765,0.0001163191385303,0.0001169103720431,0.0001152290879689,0.0001417077213733,5.50455075491e-05,5.54746630646e-05,5.18181562894e-05,4.87779277081e-05,4.36329336347e-05,4.02578994641e-05,4.09589020684e-05,3.40668220902e-05,3.60654235065e-05,2.46084709942e-05,2.64576145019e-05,2.52924705875e-05,2.38544278906e-05,2.14185115029e-05,1.17325776996e-05,1.00010884523e-05,9.7485214863e-06,9.7959701145e-06,6.3817022353e-06,2.0088342195e-06,0,0,0,0,0,0,0,0,0,0,0,0,0,0
0.0003747624909055,0.0018590693615868,0.0029639482056216,0.003308398044314,0.0031286016269656,0.0010477506967365,0.0010511034204398,0.0011020299818094,0.0010699173478546,0.0010492199021159,0.0010810611801174,0.001067078248972,0.0011111829977675,0.0011174169684209,0.0011145506707692,0.0012333468928298,0.0012432326088324,0.0012055682958979,0.0016560438703311,0.0016942977507112,0.0016573610155231,0.001757162593638,0.0017370291200837,0.0018180915904662,0.0019197553371411,0.0018296249412792,0.000114816700233,0.0001129381999745,0.00011267191255,0.0001139719705399,0.0001313957719126,0.0001186425716653,0.0001322597765309,0.0001218731478286,0.0001253696130566,0.0001223539139229,0.0001180823539361,0.0001276218126095,0.0001218090345652,0.0001208201178274,0.0001204465616467,0.0001195388543696,0.0001136487669948,0.0001146556760467,0.0001087383870382,0.0001178454234735,0.0001196371738198,0.0001224418123858,0.0001213922397105,0.0001204972764946,0.0001528365797624,5.28754453233e-05,5.02926152863e-05,5.35247971932e-05,4.91213970843e-05,4.30454630068e-05,3.63558735394e-05,3.7308194252e-05,3.44211732423e-05,3.91710202774e-05,2.47144995135e-05,2.60756219766e-05,2.59382796641e-05,2.64085602195e-05,2.47653626828e-05,9.407622515e-06,1.19101770028e-05,1.06863442996e-05,9.986613918e-06,7.4439972825e-06,2.419064312e-06,0,0,0,0,0,0,0,0,0,0,0,0,0,0
0.0004083659602305,0.0018758292556504,0.0030595798112041,0.0029467439932279,0.003273420461547,0.0011417479308301,0.0011448743747888,0.001159405287793,0.001138544667344,0.0011063197320732,0.0011487160795083,0.0011783947363318,0.0011214338114054,0.0011240634250875,0.0011844702588673,0.0012306561246021,0.0012447527369805,0.0012938454537759,0.0016199219329603,0.001658788625259,0.0016258973786676,0.0017194120503855,0.0017005343156554,0.0017763713631715,0.001875091141978,0.0017914597615143,0.0001102131181186,0.0001105245739205,0.0001067725871941,0.0001099490044602,0.0001248747451136,0.000116462317694,0.0001241873395275,0.0001114070610285,0.000123794595733,0.0001141051834819,0.0001206943310179,0.0001249235175784,0.000113961363101,0.0001173864853078,0.000118155421057,0.0001118702429274,0.0001090706009826,0.0001125131637008,9.83738239551e-05,0.000110330981286,0.0001138446911417,0.0001198957401225,0.0001196055656467,0.0001208139832712,0.0001487703223542,5.9013474729e-05,5.00839716315e-05,5.21451778601e-05,5.28809136734e-05,4.44156188005e-05,4.14365902377e-05,4.14879820421e-05,3.67416640535e-05,3.28848021747e-05,2.26335781399e-05,2.5335138689e-05,2.62288239358e-05,2.59675553799e-05,2.2929383247e-05,1.0997879274e-05,1.06105002971e-05,1.16410565182e-05,1.14337288528e-05,7.7119275383e-06,2.664946175e-06,0,0,0,0,0,0,0,0,0,0,0,0,0,0
0.0004084900595761,0.0019587785752477,0.0033472636474609,0.0035986327221091,0.0036594230122147,0.0011999880647026,0.0010968386476203,0.0010985416279136,0.0010952447143828,0.001059465655356,0.0010742432820583,0.0010651703386889,0.0011160844757936,0.0011024209033938,0.0011611516134677,0.0011872148902249,0.0012081337048225,0.0012802066434169,0.0016340331020742,0.0016734841639074,0.00163915627609,0.0017347373669602,0.0017126731125969,0.001795014544952,0.0018914988054936,0.001806018908761,0.0001136568712198,0.0001128616260148,0.0001133841275578,0.0001169465469122,0.0001328152575833,0.0001189829642239,0.0001280189633964,0.0001240550396943,0.0001192331290029,0.0001171799617541,0.0001226227045682,0.0001299369305119,0.0001184232593583,0.0001232920037282,0.0001237656452273,0.0001185561017867,0.0001138359088765,0.0001126781318344,0.0001053302302946,0.0001140145046846,0.000118808179782,0.0001241009565226,0.0001250880465851,0.0001204252558083,0.0001522041656315,5.67021572415e-05,5.20925799371e-05,5.29656999962e-05,4.74879001e-05,4.41430478261e-05,3.88598259413e-05,3.79434088435e-05,3.51608660135e-05,3.13891043142e-05,2.38868182073e-05,2.42290723441e-05,2.46497321351e-05,2.60841251328e-05,2.3184558883e-05,1.12636614932e-05,1.05789400546e-05,9.1591612656e-06,1.09679149248e-05,8.0459544031e-06,2.0609391308e-06,0,0,0,0,0,0,0,0,0,0,0,0,0,0
0.0003902339228859,0.0018790696350756,0.0029841417632452,0.0030765253152679,0.0030113789366038,0.0011122372432102,0.0010706436201362,0.0010823418888356,0.0010784755595825,0.0010754188532001,0.0010867772693178,0.0011100962581796,0.0011938121719631,0.0011724388326359,0.0011605280299923,0.0011189716517122,0.0011313101813296,0.0011190294748178,0.0015493338822572,0.001587388759156,0.0015559305272925,0.0016459268650287,0.0016286323852415,0.0017040368271711,0.0017938891377136,0.0017125444959995,0.0001057833673534,0.0001062799028185,0.0001114176280013,0.000110640499639,0.0001230782125952,0.000116516823018,0.000123215226001,0.0001127671463736,0.0001155627432604,0.0001129564739917,0.0001145388979113,0.0001240846298789,0.0001160097898089,0.0001200098922344,0.0001207670640713,0.0001108716052753,0.0001093729739305,0.0001091700016099,0.0001063782789375,0.000110527624989,0.0001127503392751,0.0001186459006053,0.0001177090139834,0.0001174146389454,0.0001423353110906,5.18840855736e-05,5.44528630596e-05,5.12898535608e-05,4.98058009441e-05,4.47131630407e-05,4.12550853415e-05,3.64734487193e-05,3.72502629505e-05,3.27005895684e-05,2.56597510479e-05,2.43702458484e-05,2.59905088616e-05,2.4882644188e-05,2.36826651996e-05,1.05611761631e-05,1.10364214266e-05,1.02237615912e-05,1.18956457192e-05,6.6783344396e-06,1.7101497629e-06,0,0,0,0,0,0,0,0,0,0,0,0,0,0
0.0003667900726724,0.0017800381436745,0.0030383647972581,0.0031210690417852,0.0032547182337929,0.0013583758184904,0.0012519479794149,0.0011938762891628,0.0011950279338139,0.0011584556848291,0.0011678734814711,0.0011776231261072,0.0011745803845072,0.0011670486422166,0.001148672262333,0.0011398435183279,0.0011410102294141,0.0012096482238099,0.0015812046180626,0.0016183838151054,0.0015860126686203,0.0016773395331003,0.0016607054865602,0.0017339962318952,0.0018302556163058,0.0017476923574977,0.0001088274995052,0.0001063008606605,0.0001114349439502,0.0001099298259612,0.00012947749354,0.0001151706975912,0.0001200230889331,0.0001203919294556,0.000122058679563,0.0001156075735416,0.0001176513733444,0.0001220591012467,0.0001175115722066,0.0001188191044864,0.0001196651627856,0.0001156080734553,0.0001092093140422,0.0001126451564175,0.0001052270639387,0.0001105009608676,0.0001132108507858,0.0001191776488021,0.000123507114628,0.0001167288633929,0.0001469218224931,5.84716841205e-05,5.2391133069e-05,5.10376507762e-05,5.0114169917e-05,4.15444328196e-05,3.92883022586e-05,3.80140320855e-05,3.82168481824e-05,3.01749064153e-05,2.53517806519e-05,2.34501907409e-05,2.25082089466e-05,2.42411029403e-05,2.1045858728e-05,1.13467035518e-05,1.08722063465e-05,9.6476433394e-06,1.01271632558e-05,8.695978023e-06,2.6529993787e-06,0,0,0,0,0,0,0,0,0,0,0,0,0,0
0.0003216516483678,0.0019234493830828,0.0031031243828515,0.0031184663871375,0.003402143854684,0.0012019673715576,0.0011398965183223,0.0011125178273952,0.001118673136269,0.0010905437792589,0.0010984181890296,0.0011255393761964,0.0010453765173824,0.0010279920182887,0.0009942969768944,0.0011016561457929,0.0010666584170859,0.0010954890257611,0.0016721560558607,0.0017122279048035,0.001677998059457,0.0017748129209364,0.0017560532447776,0.0018354713272885,0.0019367882111969,0.0018508651332344,0.0001172348810801,0.0001142730465783,0.0001155897262876,0.0001185237922156,0.000135506041225,0.0001229512605256,0.0001302160245366,0.0001250876499826,0.0001298344989063,0.000125721919094,0.000122526462196,0.0001282455994102,0.0001239790705606,0.0001276487420095,0.0001249083906374,0.0001202812468577,0.0001160835804003,0.0001184507129111,0.0001087837240326,0.0001203122654726,0.0001193385637937,0.0001291241521558,0.0001249645674732,0.0001232830972751,0.0001567083336799,5.82575944734e-05,5.38469107117e-05,4.74568953895e-05,4.65518991376e-05,4.48894992625e-05,4.23735423003e-05,3.83069823595e-05,3.5295797825e-05,3.1302964926e-05,2.64126541041e-05,2.64055593487e-05,2.70342079351e-05,2.3556608056e-05,1.95916198951e-05,1.17740698498e-05,9.9125595277e-06,8.5276006263e-06,1.10374806257e-05,8.5298223063e-06,2.0005779884e-06,0,0,0,0,0,0,0,0,0,0,0,0,0,0
0.0002899038550139,0.0016621163387937,0.0031329779795569,0.0033901433231324,0.0031993357984782,0.0010393210371017,0.0010279783265742,0.0010311768267581,0.0010229246263072,0.0009993147981255,0.0010288560129416,0.0010285052975725,0.0010694045616682,0.0010356198995129,0.0010883674950514,0.0011395377347338,0.0011450640760183,0.0011516383869379,0.0015871845738551,0.0016226167996959,0.0015956625031947,0.0016869211703034,0.001667180963568,0.0017425411666833,0.0018382677033051,0.0017558458106589,0.0001072027323382,0.0001065931168872,0.0001116285074238,0.0001081826657656,0.0001252807975887,0.0001154043574236,0.0001238249107637,0.0001136885855096,0.0001178917764081,0.0001171053269443,0.0001175247569891,0.0001235200262048,0.000117986249358,0.0001164093021865,0.0001212474937747,0.000115316500294,0.0001090835285772,0.0001066696894174,0.0001061279843439,0.0001105391992245,0.0001155043591183,0.000115317231738,0.0001185634195604,0.0001190764497606,0.0001472166462851,5.35523435396e-05,5.30345253438e-05,5.11016697045e-05,4.64270588969e-05,4.5140218641e-05,3.68739826825e-05,4.07026908064e-05,3.16720525601e-05,3.50175143225e-05,2.37245805181e-05,2.26591756391e-05,2.40883383359e-05,2.08388266539e-05,2.70257318618e-05,1.10128945452e-05,1.18304908472e-05,9.2171453322e-06,9.4910262415e-06,8.0879891381e-06,2.1381262226e-06,0,0,0,0,0,0,0,0,0,0,0,0,0,0
0.0003526234115985,0.0017853703759399,0.0030554451903549,0.0033749854238789,0.00313336478082,0.0011741439681256,0.0011154395360812,0.0010992380962989,0.001086017705418,0.0010974675365836,0.0011242229131594,0.0011306647822024,0.001121673677149,0.0011367231378097,0.0011668420481861,0.0011744098028215,0.0011523850677862,0.0011977881274525,0.0015916606578774,0.001628062608321,0.0015975247884683,0.0016884348605572,0.0016702391852638,0.0017457405772526,0.0018425463998619,0.001757911077716,0.0001089352114264,0.0001090615147599,0.0001082818407299,0.0001109167974246,0.000129996894672,0.0001119748410058,0.0001195598795867,0.000113997419052,0.000119481070202,0.0001179279497708,0.0001156785114163,0.0001238007368257,0.0001133196898774,0.0001126441214367,0.0001174542101406,0.0001114240101938,0.0001109055820296,0.0001088836868163,0.0001038775196811,0.0001103521480431,0.0001153582309963,0.0001166428005164,0.0001212963241966,0.0001198703099119,0.0001402513022282,5.64486152025e-05,5.42199004984e-05,5.20897959497e-05,4.69167800778e-05,4.49720008827e-05,3.82918750052e-05,3.87826941475e-05,3.53285606954e-05,3.41987182306e-05,2.58619074706e-05,2.32151627381e-05,2.80432764343e-05,2.3400298482e-05,2.38997107763e-05,1.07238671728e-05,1.230412461e-05,7.935178703e-06,1.1124021088e-05,7.8755199444e-06,1.8958856284e-06,0,0,0,0,0,0,0,0,0,0,0,0,0,0
0.0003033480082441,0.0017375800519455,0.0032118380683969,0.0032893955860652,0.0035999454551781,0.001106691186303,0.0011082873018425,0.0011137371130687,0.0010963205252348,0.0010962836130234,0.0010849507935104,0.0011058672370205,0.0010911663035444,0.0011376248918726,0.0012131845574805,0.0011922789439937,0.0011920580446024,0.001126536261435,0.0014711225347056,0.0015060533992134,0.001474619950753,0.0015625742527231,0.0015467309865904,0.0016178422337603,0.0017043965735728,0.0016255366053991,0.0001063384183252,0.0001047094862097,0.0001080078577671,0.0001088141647949,0.000120456155234,0.0001106290492376,0.0001155838782954,0.0001112723379916,0.0001163110416841,0.0001150813247711,0.0001129771966548,0.0001174775673701,0.0001144582505489,0.0001139003950689,0.0001144965611205,0.0001138386049503,0.0001064800571693,0.0001081106332396,0.0001018615966904,0.0001113328677929,0.0001144098616982,0.0001121089981574,0.0001158577906303,0.0001104248001785,0.0001408595127018,5.42221628259e-05,5.54421590414e-05,5.07414300572e-05,5.07405982108e-05,4.3982966944e-05,3.94896409061e-05,3.75357542232e-05,3.4889382219e-05,3.28155823066e-05,2.85807787786e-05,2.28143001141e-05,2.61217727052e-05,2.46797349504e-05,2.16809244394e-05,9.1831073491e-06,1.08976722491e-05,1.10967325793e-05,1.17188968399e-05,9.8864957649e-06,1.6658283767e-06,0,0,0,0,0,0,0,0,0,0,0,0,0,0
0.0004623798568078,0.0019561045683269,0.0035200419249993,0.0034054732276305,0.0033894394743808,0.0012726808189022,0.00118891268299,0.0011342261489865,0.0011233071537787,0.0011512278631462,0.0011805076022853,0.0011883506574406,0.0011978535936336,0.001209309607656,0.0012675193053814,0.0011599486769756,0.001165661386303,0.001300402304057,0.001555879751773,0.0015944435004316,0.0015595613881908,0.0016539707223818,0.0016381527176822,0.0017076828714522,0.0018004989740887,0.0017179573939735,0.0001055860723151,0.0001063622712396,0.0001048625675679,0.0001029346030936,0.0001246128126101,0.0001129019532897,0.000119521265103,0.0001097694222754,0.0001160855015673,0.0001100803789727,0.0001137219920273,0.0001178676133474,0.0001134224497365,0.0001125819230809,0.0001186104083803,0.0001103025027603,0.0001077199410941,0.000109040074031,0.0001044191332373,0.0001080328092961,0.0001089841773861,0.0001147604570158,0.0001164523741702,0.0001146337116024,0.0001449789156208,5.73269725552e-05,5.37550380511e-05,5.0258006773e-05,4.89108824251e-05,4.18677396864e-05,3.60437379741e-05,3.77104286739e-05,3.48987115226e-05,3.44693438657e-05,2.54054324625e-05,2.4708824068e-05,2.45122076757e-05,2.44050079856e-05,2.09660194741e-05,1.16221504797e-05,1.09401915954e-05,8.1911609897e-06,1.10959150771e-05,7.7528385865e-06,2.3280501815e-06,0,0,0,0,0,0,0,0,0,0,0,0,0,0
0.0003223258044595,0.0017365080303608,0.0030505023629013,0.0032280347624616,0.0030561276667499,0.0011484535722443,0.0011173745326433,0.0011364665945,0.0010984645122406,0.0011377620445976,0.001108425652592,0.0011672491610833,0.0010947480478784,0.0010823065931783,0.0011271413655611,0.0011453385891506,0.0011526141536732,0.001255745604723,0.001461322619238,0.00149714508513,0.0014671957334206,0.0015519939576959,0.0015339714340124,0.0016070942360499,0.0016896798037781,0.001616370468588,0.0001039287678678,0.0001047033700236,0.0001056135951494,0.0001030704044598,0.0001194275548662,0.000113505314805,0.0001166904771571,0.0001099028864691,0.0001144637436716,0.0001115152331849,0.0001103190641735,0.0001168158997538,0.0001101796383763,0.0001150741773045,0.0001139294779111,0.0001106192482122,0.0001029919139648,0.0001044008063446,9.95300176844e-05,0.0001034578321821,0.0001129687840673,0.0001101906007502,0.0001172576421802,0.0001172357360981,0.0001407325853204,5.39533191138e-05,5.15335050252e-05,4.46115000072e-05,4.9392536863e-05,4.62934804039e-05,3.40136974537e-05,3.76659920381e-05,3.45515167409e-05,3.45101761921e-05,2.34154650053e-05,2.47635804478e-05,2.49087012426e-05,2.48919998221e-05,2.31341132241e-05,9.174516901e-06,9.553929061e-06,8.0196766099e-06,8.8152675133e-06,6.7355316886e-06,2.2713419166e-06,0,0,0,0,0,0,0,0,0,0,0,0,0,0
0.0004104941026139,0.0019871061840883,0.0030416516184136,0.0033624817648536,0.003566887782153,0.0012121660544114,0.0012122124790786,0.0011950928861615,0.0011611668001121,0.0011735485055926,0.0011416674512612,0.0012183411868123,0.0012298937945044,0.0012065431283606,0.0011505088054107,0.0011493721142822,0.0011435579079728,0.0011761936532708,0.001508888386985,0.0015449559168438,0.0015121802997496,0.0016008054977923,0.0015849513006056,0.0016553610961372,0.0017484763483655,0.0016691109668631,0.0001055643344649,0.000108077225337,0.0001080300510502,0.0001069096719321,0.000121998829594,0.0001153599462677,0.0001195694593124,0.0001151486227312,0.0001150753549281,0.000113052848944,0.0001155732778698,0.0001210661860931,0.0001094302052926,0.000114746991992,0.0001174871209115,0.000113729924703,0.0001060371072785,0.0001101033683973,0.0001029190699657,0.0001075141393714,0.0001077539881516,0.0001162307783966,0.0001183914014434,0.0001152622305454,0.0001435059338194,6.17459229619e-05,5.48268841119e-05,5.28429729277e-05,5.15581364401e-05,4.12754003997e-05,4.21716543237e-05,3.9417601703e-05,3.62165699458e-05,3.40802489914e-05,2.27873289383e-05,2.96410892527e-05,2.66960721109e-05,2.5890141007e-05,2.03378236689e-05,1.14369532726e-05,1.16282716683e-05,1.21625051147e-05,1.06193104707e-05,7.4036877462e-06,3.011096932e-06,0,0,0,0,0,0,0,0,0,0,0,0,0,0
0.0003426104737661,0.00180916055018,0.002898874273843,0.0032537796174129,0.0031525931202748,0.0011670170534027,0.0011458357256951,0.0011263822827415,0.001125228116823,0.0011574371872428,0.0012129551889806,0.0012369674765238,0.001211079948206,0.0011975268812072,0.0011212436478011,0.0011287662846511,0.0011096843674658,0.0011734506514085,0.0014484038132716,0.0014815970406753,0.0014534374223375,0.0015369610545588,0.0015239113542412,0.0015902873654964,0.0016745911520023,0.0015976498455942,0.0001023951222496,0.0001013728973669,0.0001026808335826,0.0001043417181355,0.0001173509713998,0.0001073365096637,0.000114752435506,0.0001018800815414,0.0001088554150482,0.0001114770514701,0.0001092513168499,0.0001125131862287,0.000110174330074,0.0001107782199519,0.0001120176993577,0.0001102105112397,0.000102296887255,0.0001041478172097,9.96954552835e-05,0.0001049260322233,0.0001095898888596,0.0001090754523954,0.0001117691109697,0.000103967914706,0.0001361436784395,5.65254850194e-05,5.21677120552e-05,5.23418005622e-05,4.73775164709e-05,4.10132822104e-05,3.98136108255e-05,3.81534079032e-05,3.44297726696e-05,3.21542944375e-05,2.77166237608e-05,2.57870273708e-05,2.21227556282e-05,2.22925573826e-05,2.15852787669e-05,1.11802254893e-05,1.25488589442e-05,1.06882421746e-05,1.10983559741e-05,7.653713644e-06,1.849488826e-06,0,0,0,0,0,0,0,0,0,0,0,0,0,0
0.0003926644145132,0.0020941425053068,0.0032333405371911,0.0033039031368197,0.0036585306404988,0.0012330557792503,0.0011160716902076,0.0011185770236256,0.0011028837828343,0.0010778774990398,0.0011753514153594,0.0012063876958155,0.0012294947664826,0.0012145687140265,0.0011826965396804,0.0012245771248972,0.0012619712520319,0.0012531396996312,0.0014460419567027,0.0014800583401232,0.0014523509671929,0.0015357662580307,0.0015223360973578,0.0015899814558846,0.001674532663893,0.0015998626522871,0.0001052258511415,0.0001030824004514,0.0001085922970894,0.0001079665231178,0.0001232306747075,0.0001108970517615,0.0001197106376919,0.0001099887354645,0.0001134222104755,0.0001114921651256,0.000110434884126,0.0001197816810526,0.0001104607059411,0.0001132803546847,0.0001178529785613,0.0001097588632623,0.000102355859533,0.0001047275393918,0.0001010006684585,0.0001054845012264,0.0001126052693374,0.0001140881231201,0.0001135568950685,0.0001155152988263,0.0001384884857113,5.97867988545e-05,5.36666139838e-05,5.00195181888e-05,4.74628104801e-05,4.29833575263e-05,4.07180687552e-05,3.8338501513e-05,3.40474643605e-05,3.5657906711e-05,2.57429639494e-05,2.65340854462e-05,2.45305735543e-05,2.38058291876e-05,2.45993028304e-05,1.03942280552e-05,1.20135040852e-05,9.6757723543e-06,9.6465499671e-06,8.2855086679e-06,3.1739853583e-06,0,0,0,0,0,0,0,0,0,0,0,0,0,0
0.0004221511895786,0.0017113413127251,0.0033569730669347,0.0034350522534975,0.0032179227402195,0.0012587793160823,0.0011295830252068,0.0011560199186049,0.0011225964133349,0.0011155341194739,0.00115544355393,0.0011445163699557,0.0011391279188009,0.0011035053026956,0.0012060517791557,0.0011471626399087,0.0011255006506022,0.001204666127075,0.0015021061675089,0.0015395751380404,0.0015066464658303,0.0015941149432683,0.0015790533517186,0.0016488645564632,0.0017368321116027,0.0016589779125761,9.97865039027e-05,0.0001018610802399,0.0001051040833349,0.0001056468044194,0.0001208766997195,0.0001102778748269,0.0001174782587792,0.0001097071275836,0.0001142498601676,0.0001099417641693,0.0001093703526324,0.0001148504335586,0.0001115735388044,0.0001144705394067,0.0001170717096366,0.0001070332503668,0.0001080386434909,0.0001014612019577,0.0001019724413825,0.0001088504043231,0.0001081321401143,0.0001152481414299,0.0001174910611204,0.0001138389119599,0.000141789130246,5.16469177131e-05,4.78257630486e-05,5.08637837987e-05,4.70478404448e-05,4.02710459696e-05,3.92867249247e-05,3.72058226336e-05,3.44720376141e-05,3.36101094414e-05,2.41273433956e-05,2.88775698334e-05,2.6146044276e-05,2.29782726474e-05,2.37206442138e-05,9.8835328687e-06,1.00931670467e-05,8.9148516014e-06,9.7043464995e-06,8.620596104e-06,2.7665205555e-06,0,0,0,0,0,0,0,0,0,0,0,0,0,0
0.0003494584281506,0.0019783517229681,0.0033014893414613,0.0035250239465409,0.0035027384373315,0.0011970525189259,0.0011786260865466,0.0011808124652296,0.0011367074687358,0.001165059239851,0.0012294825107221,0.0012063066969549,0.0011741870609354,0.0011798271757357,0.0011759543852832,0.0013628926965705,0.0013332096899972,0.0012606541338594,0.0013818384961581,0.0014134048026352,0.0013853041248967,0.0014677221195583,0.001453267218841,0.0015188936908561,0.0016014535712393,0.0015276589931921,0.0001049954752216,0.0001011360384311,0.000107544502643,0.0001052545161152,0.0001197137148584,0.0001110754250648,0.0001155846796636,0.0001110720998863,0.0001147264703476,0.0001112184274055,0.0001106841769394,0.0001194643937512,0.000107086866329,0.000111271065946,0.0001102828904182,0.0001083494475652,0.0001013081506984,0.000105212409014,9.75704981036e-05,0.0001060207658224,0.0001107931981655,0.0001110030159002,0.0001173187166757,0.0001113246519908,0.0001370098887698,5.80507657463e-05,5.31473610133e-05,4.77699953742e-05,4.52033554158e-05,4.09582818308e-05,3.92979577973e-05,3.57648277606e-05,3.7909274076e-05,3.54571919309e-05,2.74485577157e-05,2.46844736564e-05,2.21121791025e-05,2.25640504722e-05,2.19888238752e-05,1.12928354758e-05,9.1962287533e-06,9.1010773208e-06,1.03425617805e-05,8.4874479685e-06,2.3458638691e-06,0,0,0,0,0,0,0,0,0,0,0,0,0,0
0.0003284465367185,0.0017911353062711,0.0033975319832595,0.00352781393584,0.0037619274551742,0.0012215223291888,0.0011633116967825,0.0011462947178691,0.0011427113181497,0.0011795441733031,0.001219745701969,0.0012453269870746,0.0013622060373395,0.0013376777098186,0.001395366289368,0.0013021279826312,0.0012920721381447,0.0012895882718926,0.0014478338576437,0.0014825661519272,0.0014542454288009,0.0015401981701074,0.0015224166240083,0.0015917281640589,0.0016768194634381,0.001599579954893,0.0001084597133473,0.0001022695324526,0.0001072253110885,0.0001091295577819,0.0001181808628453,0.0001113210396123,0.000114266480977,0.0001104867052712,0.0001153086050112,0.000110024939548,0.0001143773701674,0.0001152856613017,0.0001097867989197,0.0001153796864715,0.000113644995301,0.0001096327185895,0.0001074975083996,0.0001068620211432,9.96943852794e-05,0.0001052256009886,0.0001126267102496,0.0001169835261465,0.0001158665182702,0.0001082720409074,0.0001412413277234,5.40163962919e-05,5.19772655676e-05,5.13677570182e-05,5.61794731711e-05,4.69934379183e-05,3.96348945581e-05,3.72405668079e-05,3.95525195312e-05,3.72981972572e-05,2.48206176146e-05,2.74739194465e-05,2.58648881195e-05,2.71222073817e-05,2.20664399071e-05,1.04399591375e-05,1.01447368032e-05,1.12405275152e-05,9.6559505529e-06,8.8510951463e-06,2.3479766263e-06,0,0,0,0,0,0,0,0,0,0,0,0,0,0
0.0004120551105591,0.0017998133888538,0.0030704120118782,0.0032856200827976,0.0030155705105562,0.0011914219499717,0.001133761389433,0.0011032071489045,0.0010793301435256,0.001109909462112,0.0011153624177631,0.001132860115857,0.0011153012390601,0.0011207660725841,0.0011914517190041,0.0011641089496892,0.0011478144284372,0.0011620924757245,0.0015196593633178,0.0015570373707264,0.0015255340868461,0.0016126702845986,0.0015983619035917,0.0016679925938595,0.0017597470883122,0.0016792461048442,0.0001031830535031,0.0001015871009935,0.0001010079100865,0.0001010303854418,0.0001152827812095,0.0001111872036254,0.0001149406455197,0.0001130952355639,0.0001124946729757,0.0001112172458705,0.0001095455802344,0.0001152551695349,0.0001117361635999,0.0001155478356296,0.0001097640611436,0.0001093635660585,0.0001089145065185,0.000105428666789,9.39759466271e-05,0.0001084715594481,0.000110584887717,0.0001124908562976,0.0001097197465202,0.0001116359067876,0.0001383051180226,5.4105598915e-05,5.39421888084e-05,4.68465732348e-05,4.50980108121e-05,4.24207945981e-05,3.5628945119e-05,4.29817101299e-05,3.57843051633e-05,3.52537573026e-05,2.32620746273e-05,2.32027822716e-05,2.70122957212e-05,2.22281742346e-05,2.28787818643e-05,1.10018188441e-05,1.06836299669e-05,9.2879980795e-06,9.7299350555e-06,6.9304702767e-06,2.0128807546e-06,0,0,0,0,0,0,0,0,0,0,0,0,0,0
0.0003915723402264,0.001856720706276,0.0030085270541005,0.0035685062266797,0.0032427462922831,0.0011808372355463,0.0011083664128865,0.0011624479866687,0.0011177216125464,0.0011028469389402,0.0011429217183736,0.0011745846537552,0.0010643814247549,0.0010587953935071,0.0010466372251684,0.0010847942058114,0.0011082221288683,0.0012121425703616,0.0019387006503553,0.0019825882326379,0.0019463409726299,0.0020585377300936,0.0020345844733649,0.0021271680167272,0.0022431711818759,0.0021438335058416,0.0001300292509544,0.0001284378355382,0.0001313496435312,0.000132032951054,0.0001516453813423,0.0001371027253077,0.0001461785335691,0.0001396378970908,0.0001425610247121,0.0001351831100865,0.0001382492550728,0.0001468956243609,0.0001385111349428,0.0001355554486796,0.0001403911127528,0.0001386835804738,0.0001310932314725,0.0001316138046027,0.0001233885174055,0.0001303916959789,0.0001381045137924,0.0001388154099389,0.000143512639959,0.000138674989373,0.0001761661777269,5.89165774446e-05,5.51810765481e-05,5.46782339975e-05,4.89765294147e-05,4.48925017811e-05,3.88121352798e-05,4.01511347289e-05,3.63315362258e-05,3.61999935476e-05,2.58792772131e-05,2.57562196211e-05,2.6670357076e-05,2.42541367654e-05,2.47482008051e-05,1.110041205e-05,1.19427068035e-05,1.16957217827e-05,1.13018628942e-05,8.3397266149e-06,2.2465829235e-06,0,0,0,0,0,0,0,0,0,0,0,0,0,0
0.0003525938688891,0.0018325970867854,0.0033558789745094,0.0030238679318295,0.0033532440672581,0.0012213413032384,0.001161655526833,0.0011790056079309,0.0011469557337564,0.0011119446186946,0.0011472708800279,0.0011503713896811,0.0011991160083877,0.0011878776308148,0.0012220215303805,0.0012220283282879,0.0012235794206494,0.001325377424391,0.0007641601195478,0.0007869784444512,0.0007701136915525,0.000808816746065,0.0008141407598719,0.0008374697640487,0.0008837528704372,0.0008422027043879,4.81825412647e-05,4.35897002124e-05,4.89389758134e-05,4.70814245015e-05,5.70987020935e-05,5.31715932428e-05,5.04911833055e-05,5.53023266203e-05,5.3024804014e-05,4.91981946204e-05,5.49322409031e-05,5.45223460925e-05,5.03050365923e-05,5.44714064702e-05,5.39554714685e-05,5.47500381333e-05,5.01774966126e-05,5.65386053653e-05,5.11477793761e-05,5.62013552891e-05,5.022437754e-05,5.87217431891e-05,5.47973036512e-05,5.41635746305e-05,5.88223986829e-05,4.9911969601e-05,4.39396751707e-05,4.14621805922e-05,4.24224508612e-05,3.58950453341e-05,3.45699225041e-05,3.05526198513e-05,2.82875935793e-05,2.75485415121e-05,2.0273396536e-05,2.01781222569e-05,2.14023154896e-05,1.91558169608e-05,2.25407612429e-05,1.06980480503e-05,1.06563413215e-05,1.04068520245e-05,7.5915647037e-06,4.9384064024e-06,2.7376507629e-06,0,0,0,0,0,0,0,0,0,0,0,0,0,0
0.0004391255212684,0.0019167988824661,0.0030271078051438,0.0033039288565407,0.0031474756952755,0.0011537575741081,0.0011624906457693,0.0011481009486586,0.0011495204253997,0.001132581445042,0.0011172508599464,0.0011271438896538,0.001086213622413,0.0010816383536618,0.0011073700316515,0.0011649922995626,0.0011471551151201,0.001341552408899,0.00078461018629,0.0008069688762068,0.0007848113931662,0.0008280852560001,0.0008356727962379,0.0008571566634654,0.0009047842437437,0.0008621249059015,4.52590881463e-05,4.37349489356e-05,4.35128515258e-05,4.49866190471e-05,5.15039087393e-05,5.56040924852e-05,4.98333429255e-05,4.87018285625e-05,5.05486600111e-05,5.35784331745e-05,5.10732853122e-05,5.22922188199e-05,5.16946935453e-05,5.42910578174e-05,5.72470457763e-05,5.32719854143e-05,4.97318706947e-05,5.20936347217e-05,4.89822314787e-05,5.23479855042e-05,4.82598928652e-05,5.57862260091e-05,5.47143571833e-05,5.60335277242e-05,5.71675631177e-05,4.55943609077e-05,3.86855732931e-05,4.08181476023e-05,3.67871277658e-05,3.52023332586e-05,2.92843388256e-05,3.30064724142e-05,3.28223220921e-05,2.57437210494e-05,2.0376464066e-05,2.02257140393e-05,2.08710602383e-05,1.83540383386e-05,1.84871011428e-05,8.8723460479e-06,9.5902757787e-06,1.04121744646e-05,7.3538961204e-06,6.7244960703e-06,1.0672763037e-06,0,0,0,0,0,0,0,0,0,0,0,0,0,0
0.0003635995434294,0.0018933190534966,0.0032877243030975,0.0036012430288409,0.0034506270374515,0.0011653164807726,0.0011191151325398,0.0010967656266459,0.0010709952160173,0.0010406473545841,0.0010358679173863,0.0010726011242956,0.001126278481216,0.0011452331327216,0.0012454011463538,0.0011946169214314,0.001174983897908,0.0011577200001761,0.0008436089898217,0.000866760794816,0.0008475182651813,0.0008909623311516,0.0008942597901292,0.0009229377865013,0.0009719278738214,0.0009277373979054,4.74520374528e-05,4.36663656153e-05,4.57160130337e-05,4.31621871579e-05,5.03165753478e-05,5.24592292492e-05,5.35671692666e-05,5.1213979684e-05,5.19106374498e-05,5.09716408017e-05,5.02521381275e-05,4.65482615811e-05,5.03095270282e-05,5.2680526726e-05,5.29180111544e-05,5.03051947834e-05,4.34830306046e-05,5.07114704114e-05,4.96378885555e-05,4.92791431267e-05,5.1839520437e-05,5.06440397956e-05,5.46142961e-05,4.91501778798e-05,5.72139398674e-05,4.34544537125e-05,4.12269452807e-05,4.3253996237e-05,4.00348477319e-05,3.10890269856e-05,3.2858458949e-05,2.99573010745e-05,3.03843683713e-05,2.58289630515e-05,1.99991117974e-05,2.03134904262e-05,1.98811812014e-05,2.00274113552e-05,1.92381153902e-05,8.8196185094e-06,1.09427761223e-05,8.9613309536e-06,9.360138107e-06,6.1757717875e-06,1.0240619279e-06,0,0,0,0,0,0,0,0,0,0,0,0,0,0
0.0004085832086378,0.001679551640522,0.0031569378868755,0.0033749340734509,0.0034341311322918,0.0011437096685337,0.0010737888167341,0.0010791154895974,0.0010608434034723,0.0010702521280165,0.0010824743922,0.0010950844030903,0.0011709935801676,0.0012108456882619,0.0012379265893647,0.0012510192603314,0.0012718395322719,0.0012769003666263,0.0007539687245217,0.0007758253574316,0.000757558755393,0.000798517624082,0.0008032853368722,0.0008250123143044,0.0008701857815647,0.0008299598765494,3.98664991349e-05,4.36095928963e-05,4.74585266634e-05,4.9398913477e-05,5.49723020079e-05,5.19493007314e-05,5.17166979819e-05,5.46373633655e-05,4.89622111774e-05,5.20707094448e-05,5.19087799567e-05,4.80350179585e-05,4.80842368557e-05,4.9916262793e-05,5.56689211831e-05,5.15026391372e-05,5.06466498494e-05,5.20514201812e-05,4.7266489037e-05,4.91918896836e-05,5.04438720784e-05,5.04150528727e-05,6.28361852905e-05,4.97761225993e-05,5.39127883784e-05,4.67729026519e-05,3.9087703668e-05,4.21167249453e-05,3.82545618388e-05,3.18460864922e-05,3.28824606086e-05,3.0385511782e-05,2.72879298324e-05,2.69452591562e-05,1.95347077531e-05,2.2159081468e-05,1.99186139367e-05,1.83275248223e-05,1.78795703981e-05,7.4092698309e-06,7.2984477375e-06,7.5951544405e-06,6.4885417169e-06,6.9123786407e-06,1.3941830189e-06,0,0,0,0,0,0,0,0,0,0,0,0,0,0
0.0002660628450707,0.0018990499789197,0.002783558314108,0.003015901363919,0.0031021348872335,0.0010595738112103,0.001036192973953,0.001020585569864,0.0010375724649689,0.0009787465729887,0.0009966870981725,0.0010447933543693,0.0009696304448976,0.0009849669511623,0.0008886230479394,0.0010106834213652,0.0009997804998491,0.0010944833759938,0.0006673357339749,0.0006878255255184,0.0006729341949029,0.0007078844532307,0.0007106631102958,0.0007313838852164,0.0007715187326714,0.0007359865471066,4.03143717047e-05,4.00645247766e-05,4.17944976068e-05,4.05870684433e-05,4.70252805183e-05,4.76123153663e-05,4.64339884612e-05,4.70191775165e-05,4.66325216111e-05,4.78958061297e-05,4.40901566865e-05,4.7458481996e-05,4.79009074899e-05,4.90235324938e-05,4.94413444347e-05,4.51702015916e-05,4.86359889372e-05,4.26948207452e-05,4.19231692904e-05,4.56445488483e-05,4.42394948779e-05,4.68036595132e-05,5.38539912137e-05,4.79723511401e-05,5.06321213583e-05,4.05491356269e-05,3.83234195983e-05,3.35098179903e-05,3.26290626633e-05,2.96089968665e-05,2.80215570306e-05,2.65217960817e-05,2.34798949375e-05,2.40816594779e-05,1.78848284524e-05,1.7980752191e-05,1.96267182091e-05,1.817863354e-05,1.46371943573e-05,9.9094831259e-06,8.8941661364e-06,8.3074275709e-06,7.0917781811e-06,5.693211287e-06,1.9603556616e-06,0,0,0,0,0,0,0,0,0,0,0,0,0,0
0.0003054065490084,0.0017130807472068,0.0028627505787665,0.0033417722570679,0.0029087136338468,0.0010016584131117,0.0010068191568323,0.0009976099369209,0.0010329636253052,0.0010345921867626,0.0010150321836455,0.0010467520757901,0.0009949922930942,0.0010165539192001,0.0011019970378751,0.0009857482131095,0.0009321907747933,0.0009886692228175,0.0006163078902459,0.0006323229260403,0.0006200136357038,0.0006510738636519,0.0006563133902591,0.0006746868017529,0.0007136896662881,0.0006799864073822,4.21466215357e-05,3.74195579824e-05,3.97345529108e-05,3.72579307191e-05,4.23627434275e-05,4.53253734804e-05,4.04639785733e-05,4.52593918349e-05,4.23557940668e-05,4.55958142955e-05,4.30206990171e-05,4.62220545161e-05,4.03724887992e-05,4.30679714495e-05,4.58009331733e-05,4.01224763505e-05,3.68703410586e-05,4.5008022295e-05,4.19900643062e-05,4.46129710365e-05,4.45295665991e-05,4.6333323732e-05,4.68644772045e-05,4.15719657956e-05,4.5165335836e-05,4.02931196166e-05,3.28937675904e-05,3.65424383357e-05,3.47614775932e-05,2.89119680808e-05,2.75482896217e-05,2.59825953497e-05,2.24018897756e-05,2.30556195337e-05,2.14842637875e-05,1.84635734342e-05,1.52847425166e-05,1.61628439165e-05,1.66056887051e-05,7.4709532813e-06,8.4458080651e-06,7.7894071481e-06,6.2968123416e-06,4.7805710795e-06,1.5639671829e-06,0,0,0,0,0,0,0,0,0,0,0,0,0,0
0.0003089389269075,0.001462106843573,0.0027673333644207,0.0027140724076205,0.0026162105542978,0.0012120587919519,0.001010581403805,0.0010183939509206,0.0009892244822183,0.0009978519918603,0.0010233688851277,0.0010177332151832,0.0008190545684671,0.0008161030015713,0.00081331484005,0.0008310055015631,0.0008116916181632,0.0007846673464554,0.0008143204647182,0.0008362153430192,0.0008209318826661,0.0008630968249572,0.0008662314042324,0.0008921215265961,0.0009392034970717,0.0008935519911986,3.58072226045e-05,3.96380576061e-05,4.40080014123e-05,4.43235258263e-05,4.58292974976e-05,4.92991447182e-05,4.43914187347e-05,4.84448719763e-05,4.4212912058e-05,4.30948242458e-05,4.44998897716e-05,4.46717754756e-05,4.76419352018e-05,4.66322700177e-05,4.6541147487e-05,4.48766234721e-05,4.3648921629e-05,4.49738727422e-05,4.30178901638e-05,4.49065723284e-05,4.50831602206e-05,4.50796369081e-05,4.70742218513e-05,5.36144784861e-05,4.99500961889e-05,3.80699004727e-05,3.96349309341e-05,3.56167110943e-05,3.43400776991e-05,2.9254260331e-05,2.77768713653e-05,2.68700668566e-05,2.27479254214e-05,2.47361217741e-05,1.8473349876e-05,1.49289618089e-05,1.81266273666e-05,1.77909747264e-05,1.53496075349e-05,6.7603616456e-06,8.1154526337e-06,5.6930751004e-06,6.3139105218e-06,5.9585189381e-06,9.815949977e-07,0,0,0,0,0,0,0,0,0,0,0,0,0,0
0.0003270003794865,0.0015574743880234,0.0031038902238701,0.0026301707554739,0.0030289340799369,0.0010757570046712,0.0008947051501305,0.0008760366640239,0.0008454465517782,0.0008855685265722,0.0009133133458688,0.0009826147296216,0.0010115021762895,0.0010006705765493,0.0009547787085209,0.0009750073077898,0.000929815582867,0.0009280666538836,0.0006462019794227,0.0006647317984847,0.0006512041742341,0.0006830844057263,0.0006879065824467,0.0007082650493229,0.000745766423478,0.0007129605421392,4.11188310507e-05,4.05458040033e-05,4.02336064054e-05,3.98940613347e-05,4.69910078422e-05,4.3447701527e-05,4.33974858786e-05,4.5459895028e-05,4.3412664682e-05,4.66360471353e-05,4.74038888256e-05,4.36136446533e-05,3.92813665771e-05,4.50109968978e-05,4.58383868066e-05,4.40060311889e-05,4.24263168201e-05,4.37846126021e-05,4.11333453105e-05,4.22574856272e-05,4.42603150108e-05,5.06306899121e-05,5.29767274033e-05,4.72971627653e-05,4.7892374805e-05,3.73485197783e-05,4.17630687343e-05,3.82776659135e-05,3.26775443801e-05,2.7442675174e-05,2.53763735978e-05,2.4103821433e-05,2.00737760816e-05,2.29703727223e-05,1.73342317399e-05,1.61269063073e-05,1.56303084079e-05,1.92545745704e-05,1.45723042793e-05,6.6222266366e-06,6.6498038584e-06,6.7078424378e-06,9.0820529607e-06,5.581808147e-06,1.173506309e-06,0,0,0,0,0,0,0,0,0,0,0,0,0,0
0.0003824085214934,0.0017490849439404,0.0029013329286491,0.0031752535599565,0.0031335566323046,0.0009575330747983,0.0009516647052498,0.0009429811022856,0.0009501441994368,0.000925828609773,0.000963223313749,0.001001808372045,0.0008721290933569,0.0008787569818311,0.0009702086621703,0.0011519688688581,0.0010961238934577,0.0012440044346085,0.0007490448132994,0.0007714540534565,0.000750635456188,0.0007917623213767,0.0007946381874709,0.0008215607003409,0.0008620096088195,0.0008238037952993,3.96840846161e-05,4.15868012564e-05,3.93053717023e-05,3.84454997013e-05,4.55358197612e-05,4.94449673055e-05,5.3088402725e-05,4.37381806636e-05,4.16611906575e-05,4.40092377335e-05,4.02347131614e-05,4.15796401229e-05,4.66865269487e-05,4.68380051678e-05,4.6345976228e-05,4.67231053761e-05,4.55524001075e-05,4.42907289747e-05,4.12947398421e-05,4.75741017136e-05,4.63888222058e-05,5.09059549871e-05,5.37025228072e-05,5.00891641714e-05,5.12964107022e-05,3.90995604887e-05,3.52119676941e-05,3.49782501878e-05,3.4686227026e-05,3.02560744884e-05,2.80748583711e-05,2.81754972699e-05,2.46924348209e-05,2.81459125243e-05,1.82037034084e-05,1.8112857441e-05,1.92150157875e-05,1.97856145584e-05,1.56665238445e-05,8.9214400416e-06,7.767939184e-06,7.5959217296e-06,7.7594609927e-06,4.4385000346e-06,1.8447590169e-06,0,0,0,0,0,0,0,0,0,0,0,0,0,0
0.0002893168603302,0.001385673535367,0.0023097095324792,0.0025724684078757,0.0021919338704319,0.0008835479691901,0.0008625635314167,0.0008554634631278,0.0008356003582096,0.0008459989729286,0.0008198789464989,0.0008487603176355,0.0007102405196178,0.0007351705182664,0.0007190163948724,0.0007607922204742,0.0007643598902154,0.0008202802861508,0.000593298642701,0.0006099903770635,0.0005943892187208,0.0006262033795074,0.0006299582796775,0.0006468144212889,0.0006832833151946,0.0006513226176806,3.33084411627e-05,3.05088345808e-05,3.08416724807e-05,3.36071916907e-05,3.77219617982e-05,3.46579541547e-05,3.44091409413e-05,3.09247311207e-05,3.25685402506e-05,3.54754519481e-05,3.47256737821e-05,3.60408089476e-05,3.24931660337e-05,3.63861704441e-05,4.14661020937e-05,3.53763082995e-05,3.17507588485e-05,3.04222075955e-05,3.6566493102e-05,3.52825963065e-05,3.42089827219e-05,4.04828440162e-05,3.67118834131e-05,3.39526794963e-05,3.76719292858e-05,2.95588146498e-05,2.86309020769e-05,2.78220451943e-05,2.5832643499e-05,2.3083315278e-05,2.68750009453e-05,2.16158774692e-05,1.9142017414e-05,1.87002316227e-05,1.42079912393e-05,1.33333354565e-05,1.60314911552e-05,1.74202872631e-05,1.18684802486e-05,4.558499737e-06,4.5328621811e-06,5.6148018416e-06,4.7322048776e-06,4.1064685609e-06,9.279805955e-07,0,0,0,0,0,0,0,0,0,0,0,0,0,0
0.0003113023447244,0.0013448363012102,0.0021312688866667,0.002534256168536,0.0022545065875442,0.0008807790664592,0.0008087260900148,0.0008772000364921,0.000828378894595,0.0008416378178436,0.0008475674470888,0.0008587889111102,0.00083530486198,0.0008481763604065,0.0008108925957499,0.0008598532444248,0.0007882870364039,0.0009139336878637,0.0005544079283703,0.0005708072861396,0.0005561317302477,0.0005854987742083,0.0005910364263997,0.0006053725721252,0.0006390136499398,0.0006118283251525,3.36197513457e-05,2.9427519318e-05,3.13172267055e-05,3.76224155033e-05,3.61050527598e-05,3.92750302737e-05,3.82652220675e-05,3.64857731017e-05,3.48196440803e-05,3.55126401346e-05,3.38560387972e-05,3.79774158024e-05,3.27103465197e-05,3.44266750311e-05,3.48878218568e-05,3.62648217188e-05,3.53925872808e-05,4.1709887147e-05,3.58584751626e-05,3.83313100251e-05,4.31557678971e-05,3.83727486227e-05,4.28313983899e-05,3.56954799394e-05,3.9518039483e-05,3.10090741777e-05,2.99541929496e-05,2.97858809246e-05,3.08859694806e-05,2.44606960888e-05,2.43439653837e-05,1.84121444272e-05,1.8770754218e-05,1.96119941679e-05,1.4053560169e-05,1.6596286636e-05,1.52107454927e-05,1.63220603895e-05,1.21488762901e-05,8.057933593e-06,6.9298147864e-06,6.3036395193e-06,3.8488009881e-06,5.5779489224e-06,1.682547322e-06,0,0,0,0,0,0,0,0,0,0,0,0,0,0
0.000275114308782,0.0013196767396589,0.0020526225521346,0.0023988495294595,0.0021824885156536,0.0008602378722006,0.0008379196830631,0.0008276246511163,0.0008171093045041,0.0008104689977074,0.0008450586945892,0.0008275577150231,0.0008148495756479,0.0008055304268535,0.0008167039857539,0.0008436398944144,0.000855594104094,0.0008460470047183,0.0005980290126753,0.0006159364666069,0.0006005844485109,0.0006321859603711,0.0006351521631544,0.000652701323223,0.0006925379598942,0.0006573390253632,3.30316637177e-05,3.06191807799e-05,3.20931955847e-05,3.59833493157e-05,3.880042104e-05,3.94708107275e-05,4.00156318875e-05,3.97098305567e-05,3.7240773617e-05,3.98159224355e-05,3.41625005217e-05,4.08754584773e-05,3.65566870292e-05,4.37190835667e-05,4.19941022279e-05,3.78211601192e-05,3.74256116749e-05,3.94921857968e-05,3.23406472719e-05,3.72542813857e-05,4.1077418938e-05,3.61367864971e-05,4.23907584014e-05,4.3687139111e-05,4.3019073279e-05,3.45770359619e-05,3.24950508498e-05,3.0646933635e-05,2.91868715667e-05,2.80690421271e-05,2.11861791298e-05,2.35023192808e-05,1.91256919608e-05,2.18723013661e-05,1.77639859283e-05,1.59907726546e-05,1.575056422e-05,1.45424676936e-05,1.53655753783e-05,6.5782709395e-06,5.5303313726e-06,6.9656958674e-06,6.2414808736e-06,3.895458136e-06,2.2377330045e-06,0,0,0,0,0,0,0,0,0,0,0,0,0,0
0.0003553467548072,0.0013599742158073,0.0021006852683585,0.0023817813971392,0.0021361510579618,0.0007651002692425,0.0007385256411161,0.0007119963685145,0.0007158965328529,0.0007242175538679,0.0007273100501547,0.0007321048544195,0.0007800972836288,0.0008125742713116,0.0008861745144729,0.000953266577209,0.0009434029308173,0.0010127479407745,0.0005821236595415,0.0006001897238794,0.0005849773301463,0.0006155608642096,0.0006173297485608,0.0006388854769688,0.0006674392743185,0.0006370660159471,3.19944191258e-05,3.83356886661e-05,3.28419010263e-05,2.98138962547e-05,3.79998627449e-05,3.77874917815e-05,4.13549502244e-05,3.99065836379e-05,4.00015695561e-05,3.86930349689e-05,3.73469685849e-05,3.61539714238e-05,3.21016619849e-05,3.70303622979e-05,4.02735964012e-05,3.82230765446e-05,3.79639925846e-05,3.88769770201e-05,3.30798587282e-05,3.66983102825e-05,3.66445000219e-05,3.74308178399e-05,4.51211211182e-05,3.64913700944e-05,3.97111358914e-05,3.14139064339e-05,2.90067192294e-05,3.13374698966e-05,2.72600417454e-05,2.63897579828e-05,2.27408429617e-05,2.34146529448e-05,2.39154085312e-05,2.2861122312e-05,1.95936831304e-05,1.74175953526e-05,1.4761564041e-05,1.43715932311e-05,1.48621310146e-05,6.6883112103e-06,6.5561025755e-06,6.1082461631e-06,3.9035605821e-06,5.4234655818e-06,1.1057963757e-06,0,0,0,0,0,0,0,0,0,0,0,0,0,0
0.0002643974900285,0.0011141356299844,0.0022809013882892,0.0023943427205708,0.0022699203723221,0.0007681495280819,0.0007901069178171,0.0007943886874969,0.0007830207432354,0.0008020691086204,0.000784059223875,0.0008253341011798,0.0007991974667916,0.0008119409667063,0.000857172724925,0.0008987843079689,0.0009076870086623,0.0009554976327626,0.0005916205932759,0.0006086173163313,0.0005957220637613,0.0006238437020651,0.0006290982486176,0.0006474604949131,0.0006848078774292,0.000651687407646,3.79392058993e-05,3.10072762438e-05,2.84716749614e-05,3.408604584e-05,3.80148055275e-05,3.55541989176e-05,4.0639655894e-05,3.69256720337e-05,3.72582237056e-05,3.85912986428e-05,3.39775595886e-05,3.15091111411e-05,4.36268915701e-05,3.96325266938e-05,3.70749240089e-05,3.44100435533e-05,3.69732390659e-05,3.20025880517e-05,3.35647924606e-05,3.97381921594e-05,3.96406213565e-05,3.82240592772e-05,3.84688915711e-05,3.93587979493e-05,4.24612397489e-05,3.873578821e-05,3.06166976453e-05,3.15445392509e-05,2.78677772924e-05,2.22666336354e-05,2.44832024552e-05,2.11693639463e-05,1.8966825961e-05,1.89689459173e-05,1.39887346065e-05,1.35853827178e-05,1.6344274447e-05,1.55741243107e-05,1.24991506979e-05,6.3979232387e-06,5.2298433697e-06,4.1427801559e-06,5.8483013956e-06,5.1902671864e-06,6.106207822e-07,0,0,0,0,0,0,0,0,0,0,0,0,0,0
7.92931043488e-05,0.0007616464055112,0.0010980222094551,0.0010632820170309,0.0009750730546415,0.0005269394427605,0.0004360211320185,0.0004571448852549,0.0004372991194951,0.0004375041553312,0.000470668742476,0.0004767272998959,0.0004001282900084,0.0003923198835358,0.0004497894176196,0.0004902578458232,0.0005049901140758,0.0005105801419661,0.0003133694344363,0.0003220471535839,0.0003142117860885,0.0003300331039418,0.0003331698066807,0.0003439846084468,0.0003613210977458,0.0003460920360164,1.97527672415e-05,1.92469823115e-05,1.84226050533e-05,1.89818318573e-05,2.63704931846e-05,2.34856556987e-05,1.86162778034e-05,2.13576085148e-05,2.18278287376e-05,2.07528976179e-05,2.20903643609e-05,2.2834949345e-05,2.14380819299e-05,2.14446113818e-05,1.89365026796e-05,2.3001881964e-05,1.76817597761e-05,2.170194253e-05,2.09644998509e-05,2.02481424101e-05,1.99174540284e-05,2.3672571938e-05,2.19474383951e-05,2.28234375926e-05,2.29665508969e-05,2.2169505275e-05,1.77188543875e-05,1.74389005931e-05,1.39260612712e-05,1.81783878507e-05,1.32829638588e-05,1.12431525064e-05,1.03938897706e-05,1.30260623956e-05,6.4790732856e-06,1.08659346954e-05,8.4379357539e-06,8.4517504042e-06,7.7151906785e-06,2.5513517723e-06,3.1660359189e-06,5.8559333036e-06,2.6570404429e-06,3.049003596e-06,5.343375304e-07,0,0,0,0,0,0,0,0,0,0,0,0,0,0
0.0002000393337334,0.0007759776744849,0.0012352240824961,0.0015077745408232,0.0014606687737514,0.0005204281430716,0.0004458549233096,0.0004267559749673,0.0004135519044338,0.0004303987265775,0.0004280752072974,0.0004530646450238,0.0004424950312641,0.000435150254826,0.0004476187566034,0.0004609117667939,0.0005111978113507,0.0005442130710814,0.0003311296731844,0.0003410408979807,0.000332345327123,0.0003515471480383,0.0003516502294539,0.00036393636477,0.0003830153755486,0.0003620678018357,1.88386706219e-05,1.83931973297e-05,2.0115273436e-05,2.0763829495e-05,2.30624650534e-05,2.11417312111e-05,2.48894449718e-05,2.17602341079e-05,2.16499616633e-05,2.29022821293e-05,2.23529519787e-05,2.03022083772e-05,2.43204293447e-05,2.59837304934e-05,2.37316471598e-05,2.28657700707e-05,1.94450167303e-05,2.33016921253e-05,2.48497605787e-05,2.47142066511e-05,2.1479941864e-05,2.03580528577e-05,2.25221502756e-05,2.34055813702e-05,2.60941693226e-05,2.33208087784e-05,2.02261065534e-05,2.28497179644e-05,1.44866317621e-05,1.72303313065e-05,1.58578463658e-05,1.42532842992e-05,1.10221655695e-05,1.19775512502e-05,6.8037367417e-06,9.8684526563e-06,7.4913422741e-06,8.749031054e-06,6.6600938495e-06,3.3434887452e-06,3.5796398826e-06,3.2496135773e-06,4.3523725718e-06,1.9248721627e-06,7.826005976e-07,0,0,0,0,0,0,0,0,0,0,0,0,0,0
0.0002188263739704,0.0008183085892541,0.0012706019464763,0.0012651515810408,0.0012593823112449,0.0005919692912429,0.0005337639899777,0.0005013499251185,0.0004966611877613,0.0004154443617448,0.000450677793566,0.0004452889436257,0.0004833112430766,0.00051986148522,0.0005367911241458,0.0005693154616158,0.0005836137694921,0.0006898262588823,0.0003355598049193,0.000345780677239,0.0003364536522165,0.0003559735835401,0.000358218433655,0.0003648684937183,0.0003885303088048,0.0003698536590326,1.68300208762e-05,1.65336235676e-05,2.05658867503e-05,1.68108447522e-05,2.21199135625e-05,2.14471372887e-05,2.32414627914e-05,2.48460525358e-05,1.95077859226e-05,2.20799709724e-05,2.0643139071e-05,1.81769756419e-05,1.97197865087e-05,1.74399322613e-05,2.51493381538e-05,1.78173727485e-05,1.69871477669e-05,2.53648691384e-05,2.20273146988e-05,2.07157144137e-05,1.97449963855e-05,2.09679791397e-05,2.59712624336e-05,2.11767842589e-05,2.65953086203e-05,2.37023913603e-05,2.28538793949e-05,1.94743578611e-05,1.56895622815e-05,1.67491300263e-05,1.52210531678e-05,1.04060620968e-05,1.15711959348e-05,1.21893346899e-05,8.7709517065e-06,9.3423493639e-06,9.8199730058e-06,8.4833629648e-06,5.4906132516e-06,6.4360209555e-06,3.3819643123e-06,6.0437311633e-06,6.0739247151e-06,2.2251633887e-06,1.2587172386e-06,0,0,0,0,0,0,0,0,0,0,0,0,0,0
8.39720602054e-05,0.0006916486575073,0.0012700016782295,0.0014128026493003,0.0013981408610105,0.0005181378361186,0.0004783277114384,0.0004693784363388,0.0004691152554252,0.0005050884206981,0.0005360154163407,0.0005226345299755,0.0005490133285806,0.0005291975351022,0.0005591599442725,0.0003932807831424,0.000392666928437,0.0004811007712083,0.0003499445291705,0.0003576901807579,0.000351005198688,0.0003697029846113,0.0003697231562836,0.0003815751405047,0.000403797577834,0.0003839219142511,1.80687690644e-05,1.98104776594e-05,2.16031000867e-05,2.02264196875e-05,2.38398896848e-05,2.25191420339e-05,2.26948003511e-05,2.5499208513e-05,2.44090096123e-05,2.68441474673e-05,2.26420695308e-05,2.45832069218e-05,2.12174290076e-05,2.55460463379e-05,2.77518526894e-05,2.52194225503e-05,1.95107028646e-05,2.31408719078e-05,2.38994403636e-05,2.15804303725e-05,2.24586188792e-05,2.48980712634e-05,2.33117679185e-05,2.31804384798e-05,2.68535588529e-05,1.80666609026e-05,1.68659106625e-05,2.12542946237e-05,1.40053875033e-05,1.4940139194e-05,1.28568583416e-05,1.20590121654e-05,1.63701717113e-05,1.30108264879e-05,7.7241310751e-06,5.9602434599e-06,9.1940580053e-06,5.6648217903e-06,8.0990209578e-06,3.0513589735e-06,4.7330073036e-06,6.3466305026e-06,5.3654319359e-06,2.9969771994e-06,8.164700644e-07,0,0,0,0,0,0,0,0,0,0,0,0,0,0
0.0001572258576166,0.0009449386205559,0.0013102924546104,0.0015100741989926,0.0015068082821013,0.0003899691587861,0.000434331140751,0.0004183784615503,0.0004484899122941,0.0004756939055534,0.0004875356528314,0.0005019380476016,0.0004508074236815,0.0004702781553173,0.0004126246262568,0.0004024747419074,0.0003965563178092,0.0004282698102663,0.0003910698307751,0.0004027063617689,0.0003916077775306,0.0004137478686917,0.0004148751163913,0.0004267752754743,0.000449175384567,0.0004277908518611,2.05678507377e-05,1.43822906879e-05,1.36045534658e-05,1.92409357852e-05,1.83553331807e-05,1.59760450661e-05,1.84222496711e-05,1.87296690482e-05,1.94998829374e-05,1.64118715917e-05,2.11726439327e-05,2.06888770298e-05,1.96901259742e-05,1.96956119743e-05,2.54962310886e-05,1.91893872853e-05,1.6234452778e-05,1.75695179434e-05,1.7948561287e-05,2.01853187132e-05,2.17261313084e-05,2.2250668247e-05,2.32704905669e-05,1.79805413185e-05,2.15790331245e-05,1.27985796083e-05,1.67950151784e-05,1.52715820793e-05,1.62481492469e-05,1.30612623873e-05,1.06297301587e-05,1.23931009161e-05,1.09565156093e-05,8.1047180364e-06,7.2993291888e-06,9.4067895785e-06,6.2489419256e-06,8.5709817083e-06,7.8274597598e-06,3.8131283705e-06,2.2795092219e-06,2.5320021352e-06,3.2637117175e-06,1.5585407184e-06,9.049464926e-07,0,0,0,0,0,0,0,0,0,0,0,0,0,0
3.27995292771e-05,0.0002641852994498,0.0005440414851097,0.0005024954146921,0.0003918715477667,0.0001837699623556,0.0001113724579764,0.000101159017162,0.0001016438886703,0.0001009589887462,9.48476768523e-05,8.2724318072e-05,0.0001843775487164,0.000189458873833,0.0001714539202194,0.0001022364030305,8.75515456908e-05,9.7418294096e-05,7.94821443282e-05,8.11899024656e-05,8.02331265207e-05,8.39449358952e-05,8.54952032948e-05,8.67859645449e-05,9.16145649617e-05,8.84184061181e-05,5.5284833686e-06,4.0828498205e-06,5.1421381697e-06,4.4537740012e-06,4.8314004756e-06,5.0505575042e-06,6.012379072e-06,6.5000708002e-06,5.0162836306e-06,4.2207202976e-06,6.487185112e-06,4.8732074828e-06,5.2276169477e-06,4.7617310309e-06,4.3144589375e-06,5.787022692e-06,5.4980763731e-06,7.1762733071e-06,4.3558370704e-06,7.7657577024e-06,7.0023124521e-06,6.1763403788e-06,6.1996158625e-06,5.2446992192e-06,5.8380136075e-06,7.125502132e-06,2.6770717161e-06,2.5432057334e-06,3.2912331664e-06,4.5167411855e-06,3.4924691454e-06,2.0503900266e-06,2.3133719608e-06,3.3830140896e-06,1.6565930116e-06,2.8496837507e-06,3.6051114612e-06,1.755057397e-06,9.248369903e-07,6.711222703e-07,9.307694471e-07,1.4384435524e-06,8.929581387e-07,9.088357104e-07,1.87512453e-07,0,0,0,0,0,0,0,0,0,0,0,0,0,0
0,0,0,0,0,0,0,0,0,0,0,0,0,0,0,0,0,0,0,0,0,0,0,0,0,0,0,0,0,0,0,0,0,0,0,0,0,0,0,0,0,0,0,0,0,0,0,0,0,0,0,0,0,0,0,0,0,0,0,0,0,0,0,0,0,0,0,0,0,0,0,0,0,0,0,0,0,0,0,0,0,0,0,0,0
0,0,0,0,0,0,0,0,0,0,0,0,0,0,0,0,0,0,0,0,0,0,0,0,0,0,0,0,0,0,0,0,0,0,0,0,0,0,0,0,0,0,0,0,0,0,0,0,0,0,0,0,0,0,0,0,0,0,0,0,0,0,0,0,0,0,0,0,0,0,0,0,0,0,0,0,0,0,0,0,0,0,0,0,0
0,0,0,0,0,0,0,0,0,0,0,0,0,0,0,0,0,0,0,0,0,0,0,0,0,0,0,0,0,0,0,0,0,0,0,0,0,0,0,0,0,0,0,0,0,0,0,0,0,0,0,0,0,0,0,0,0,0,0,0,0,0,0,0,0,0,0,0,0,0,0,0,0,0,0,0,0,0,0,0,0,0,0,0,0
0,0,0,0,0,0,0,0,0,0,0,0,0,0,0,0,0,0,0,0,0,0,0,0,0,0,0,0,0,0,0,0,0,0,0,0,0,0,0,0,0,0,0,0,0,0,0,0,0,0,0,0,0,0,0,0,0,0,0,0,0,0,0,0,0,0,0,0,0,0,0,0,0,0,0,0,0,0,0,0,0,0,0,0,0
0,0,0,0,0,0,0,0,0,0,0,0,0,0,0,0,0,0,0,0,0,0,0,0,0,0,0,0,0,0,0,0,0,0,0,0,0,0,0,0,0,0,0,0,0,0,0,0,0,0,0,0,0,0,0,0,0,0,0,0,0,0,0,0,0,0,0,0,0,0,0,0,0,0,0,0,0,0,0,0,0,0,0,0,0
0,0,0,0,0,0,0,0,0,0,0,0,0,0,0,0,0,0,0,0,0,0,0,0,0,0,0,0,0,0,0,0,0,0,0,0,0,0,0,0,0,0,0,0,0,0,0,0,0,0,0,0,0,0,0,0,0,0,0,0,0,0,0,0,0,0,0,0,0,0,0,0,0,0,0,0,0,0,0,0,0,0,0,0,0
0,0,0,0,0,0,0,0,0,0,0,0,0,0,0,0,0,0,0,0,0,0,0,0,0,0,0,0,0,0,0,0,0,0,0,0,0,0,0,0,0,0,0,0,0,0,0,0,0,0,0,0,0,0,0,0,0,0,0,0,0,0,0,0,0,0,0,0,0,0,0,0,0,0,0,0,0,0,0,0,0,0,0,0,0
0,0,0,0,0,0,0,0,0,0,0,0,0,0,0,0,0,0,0,0,0,0,0,0,0,0,0,0,0,0,0,0,0,0,0,0,0,0,0,0,0,0,0,0,0,0,0,0,0,0,0,0,0,0,0,0,0,0,0,0,0,0,0,0,0,0,0,0,0,0,0,0,0,0,0,0,0,0,0,0,0,0,0,0,0
0,0,0,0,0,0,0,0,0,0,0,0,0,0,0,0,0,0,0,0,0,0,0,0,0,0,0,0,0,0,0,0,0,0,0,0,0,0,0,0,0,0,0,0,0,0,0,0,0,0,0,0,0,0,0,0,0,0,0,0,0,0,0,0,0,0,0,0,0,0,0,0,0,0,0,0,0,0,0,0,0,0,0,0,0
0,0,0,0,0,0,0,0,0,0,0,0,0,0,0,0,0,0,0,0,0,0,0,0,0,0,0,0,0,0,0,0,0,0,0,0,0,0,0,0,0,0,0,0,0,0,0,0,0,0,0,0,0,0,0,0,0,0,0,0,0,0,0,0,0,0,0,0,0,0,0,0,0,0,0,0,0,0,0,0,0,0,0,0,0
0,0,0,0,0,0,0,0,0,0,0,0,0,0,0,0,0,0,0,0,0,0,0,0,0,0,0,0,0,0,0,0,0,0,0,0,0,0,0,0,0,0,0,0,0,0,0,0,0,0,0,0,0,0,0,0,0,0,0,0,0,0,0,0,0,0,0,0,0,0,0,0,0,0,0,0,0,0,0,0,0,0,0,0,0
0,0,0,0,0,0,0,0,0,0,0,0,0,0,0,0,0,0,0,0,0,0,0,0,0,0,0,0,0,0,0,0,0,0,0,0,0,0,0,0,0,0,0,0,0,0,0,0,0,0,0,0,0,0,0,0,0,0,0,0,0,0,0,0,0,0,0,0,0,0,0,0,0,0,0,0,0,0,0,0,0,0,0,0,0
0,0,0,0,0,0,0,0,0,0,0,0,0,0,0,0,0,0,0,0,0,0,0,0,0,0,0,0,0,0,0,0,0,0,0,0,0,0,0,0,0,0,0,0,0,0,0,0,0,0,0,0,0,0,0,0,0,0,0,0,0,0,0,0,0,0,0,0,0,0,0,0,0,0,0,0,0,0,0,0,0,0,0,0,0
0,0,0,0,0,0,0,0,0,0,0,0,0,0,0,0,0,0,0,0,0,0,0,0,0,0,0,0,0,0,0,0,0,0,0,0,0,0,0,0,0,0,0,0,0,0,0,0,0,0,0,0,0,0,0,0,0,0,0,0,0,0,0,0,0,0,0,0,0,0,0,0,0,0,0,0,0,0,0,0,0,0,0,0,0
