0.0008989642368575,0.0108429418278939,0.0134095498664582,0.0130642954856361,0.0147905673897466,0,0,0,0,0,0,0,0,0,0,0,0,0,0,0,0,0,5.86281024038e-05,0.0004234251840271,0.0008175363168523,0.0011855905152759,0.0006351377760406,0.0003713113152238,0.0005732525568367,5.86281024038e-05,0.0002540551104163,0.0002149697088138,0.0002149697088138,0.0004397107680281,0.0006514233600417,0.0001954270080125,7.8170803205e-05,0.00046902481923,0.0002735978112175,0.0001367989056088,0.0003322259136213,0.0003452543808221,3.90854016025e-05,7.8170803205e-05,7.8170803205e-05,7.8170803205e-05,0.0002475408768158,0.0004201680672269,0.00015634160641,0.0002735978112175,0.0003257116800208,0.0009575923392613,0.000547195622435,0.0007621653312488,1.95427008013e-05,0.0005341671552342,0.0014657025600938,3.90854016025e-05,0.0002540551104163,5.86281024038e-05,0.0001172562048075,1.95427008013e-05,0.0007295941632467,0.0003452543808221,0.0001172562048075,0,0,0,0,0,0,0,0,0,0,0,0,0,0,0,0,0,0,0,0
0.0094359410430839,0.0462074829931973,0.0595833333333333,0.0697987528344671,0.0781179138321995,0,0,0,0,0,0,0,0,0,0,0,0,0,0,0,0,0,0.0015759637188209,0.0009126984126984,0.0004676870748299,0.0031972789115646,0.0011139455782313,0.0017630385487528,0.0054705215419501,0.0026303854875283,0.0024546485260771,0.0014512471655329,0.0009013605442177,0.000765306122449,0.0013151927437642,0.0027154195011338,0.0032482993197279,0.0027551020408163,0.0010884353741497,0.0026020408163265,0.0021003401360544,0.0009863945578231,0.0009467120181406,0.001437074829932,0.0010997732426304,0.0041553287981859,0.0014909297052154,0.0007057823129252,0.0026190476190476,0.0026927437641723,0.0023866213151927,0.0033758503401361,0.002406462585034,0.0010204081632653,0.0008163265306122,0.0013577097505669,0.0002891156462585,0.0007482993197279,0.0019189342403628,0.0011281179138322,0.0011224489795918,0.0005555555555556,0.0005952380952381,0.0017091836734694,0.000858843537415,0,0,0,0,0,0,0,0,0,0,0,0,0,0,0,0,0,0,0,0
0.0160694769711163,0.0820491803278689,0.0973302107728337,0.116690085870414,0.133914910226386,0,0,0,0,0,0,0,0,0,0,0,0,0,0,0,0,0,0.0026502732240437,0.004184231069477,0.0019672131147541,0.0034660421545667,0.0019086651053864,0.0054020296643247,0.0026463700234192,0.0025058548009368,0.0026854020296643,0.0032552693208431,0.0032552693208431,0.0024512099921936,0.0022326307572209,0.003216237314598,0.0017798594847775,0.0025526932084309,0.001943793911007,0.0081108508977361,0.0033567525370804,0.0019047619047619,0.0009211553473849,0.001943793911007,0.0037861046057767,0.0012412177985948,0.0037704918032787,0.0006791569086651,0.0025370804059329,0.0066744730679157,0.0032084309133489,0.0051561280249805,0.0050195160031226,0.0011085089773614,0.0028103044496487,0.005807962529274,0.0007259953161593,0.0011943793911007,0.0025800156128025,0.0017174082747853,0.0034777517564403,0.0026619828259173,0.0018032786885246,0.0037665886026542,0.0020101483216237,0,0,0,0,0,0,0,0,0,0,0,0,0,0,0,0,0,0,0,0
0.0146472392638037,0.0899247735904178,0.109173239848086,0.116023955594508,0.144076833187263,0,0,0,0,0,0,0,0,0,0,0,0,0,0,0,0,0,0.0030528775927549,0.0034180543382997,0.0013511539585159,0.0047546012269939,0.0047619047619048,0.004601226993865,0.0032281624306164,0.0021362839614373,0.0048568507157464,0.003469179082676,0.0023334794040316,0.0039767747589833,0.0025781478235466,0.0031478235465966,0.0022348816827344,0.0015337423312883,0.0037028921998247,0.0062481741162723,0.0032683318726264,0.003469179082676,0.0011174408413672,0.0017966695880806,0.0030528775927549,0.0035203038270523,0.0046560035056968,0.0012708150744961,0.0028264680105171,0.0030820917323985,0.0067813321647677,0.0042141396435875,0.004104586619924,0.0019171779141104,0.0010297984224365,0.0035020449897751,0.0011283961437336,0.0049298860648554,0.0035239555945077,0.0006500146070698,0.0032537248028046,0.0019792579608531,0.0010224948875256,0.0034253578732106,0.0010736196319018,0,0,0,0,0,0,0,0,0,0,0,0,0,0,0,0,0,0,0,0
0.0154455782312925,0.0937414965986394,0.116697278911565,0.134197278911565,0.137918367346939,0,0,0,0,0,0,0,0,0,0,0,0,0,0,0,0,0,0.0026904761904762,0.003469387755102,0.0025510204081633,0.0048231292517007,0.0059829931972789,0.0025850340136054,0.0038503401360544,0.0034251700680272,0.0019659863945578,0.0040068027210884,0.0040918367346939,0.0021700680272109,0.0052312925170068,0.0038639455782313,0.0048367346938776,0.001734693877551,0.0020408163265306,0.0060918367346939,0.006265306122449,0.003156462585034,0.0010612244897959,0.0027857142857143,0.001843537414966,0.0030204081632653,0.0044115646258503,0.0022448979591837,0.0024625850340136,0.0037142857142857,0.0054387755102041,0.0053061224489796,0.0046700680272109,0.0019625850340136,0.0011020408163265,0.0019387755102041,0.0017448979591837,0.0015918367346939,0.0035340136054422,0.0005646258503401,0.0041020408163265,0.0018843537414966,0.0017142857142857,0.0045850340136054,0.0040544217687075,0,0,0,0,0,0,0,0,0,0,0,0,0,0,0,0,0,0,0,0
0,0,0,0,0,0.0977486361937319,0.101109240819179,0.0958921076582022,0.0861601835302311,0.0792344407559682,0.0788414874925517,0.0652143752182785,0.0544818407525055,0.0631005328698043,0.0549083944933902,0.0335918063384631,0.0340717147900757,0.0354341527591689,0,0,0,0,0.0018438764632303,0.0016593653610044,0.0020508892334352,0.0016110679538377,0.0023306367051401,0.0017757823998039,0.0038214836664942,0.0020491284049012,0.0041552774968149,0.003659575034682,0.0033886003406782,0.0029114911031477,0.0035216109701477,0.0049638738779217,0.0015360568322515,0.0021389964977812,0.0035869456617279,0.0030237732952871,0.0037629871475761,0.0038724528931814,0.0035370794875128,0.0033100187772477,0.004513180950673,0.0034941120199454,0.0033272862140809,0.004470892645246,0.0045921527320341,0.0032738236489349,0.0036487371399562,0.0029497837644724,0.0029353615372877,0.0026169676879173,0.0025972854843431,0.0018300234130497,0.0040863754862203,0.002259714309145,0.0014475560060051,0.0012844223107809,0.0014753186962612,0.0024294767989978,0.0010657964194952,0.0010301171687615,0.0003717322910372,0,0,0,0,0,0,0,0,0,0,0,0,0,0,0,0,0,0,0,0
0,0,0,0,0,0.0987612758654679,0.104313027306847,0.0991589992456356,0.0886697015212036,0.0784553453605111,0.0785492000321517,0.0628560081071935,0.0528276209891828,0.0604393006667313,0.0543002770154946,0.0319308001884903,0.0347058327161619,0.0349329588227446,0,0,0,0,0.0019446616626178,0.0016110327472279,0.00196007597752,0.0015275597307984,0.002316875352768,0.0019198350365586,0.0039631998187063,0.0024415335726932,0.0040197675532112,0.0040309926169761,0.0030629884412201,0.0030685534024864,0.00328320146504,0.0049822629609755,0.0015831799064364,0.0018385262000209,0.0036354894787339,0.0032064356646434,0.0044652642356004,0.0038469577434914,0.0031050755377316,0.0032844232204157,0.0052503197577779,0.0029188331779354,0.0030064048839936,0.0039987084874592,0.0049309521403686,0.0037665429325042,0.0034135692541325,0.0025853785534258,0.0031352615510343,0.0027677508573921,0.0026504721375039,0.0017664423443235,0.0040587001658565,0.0019527278624827,0.0013409963964859,0.0012782040778253,0.0015336711143136,0.0022348824438526,0.0011485973235024,0.000946776499386,0.0003165678747549,0,0,0,0,0,0,0,0,0,0,0,0,0,0,0,0,0,0,0,0
0,0,0,0,0,0.100210230518587,0.106087811304725,0.0970774603796057,0.0879637360167605,0.081371528065654,0.0817681068469564,0.0640668551561439,0.0533363946151474,0.0610205050904893,0.0535428267756199,0.0314236826691183,0.0308346574460311,0.031528822129275,0,0,0,0,0.0017557595464497,0.0014976454708921,0.0017547019620386,0.0014006430832672,0.0024501717573795,0.0018828278979164,0.0039397624111253,0.0023553260567007,0.0039573991381534,0.0038560523423527,0.0030131547749771,0.0031616208994722,0.0033603855774652,0.0045920643297149,0.0014961876665181,0.0018737619850995,0.0042491839390844,0.0032880600406279,0.0042234325321953,0.0038596343553503,0.003362709268422,0.0032259896901017,0.0046152814737841,0.003138625877993,0.0029177610904609,0.0040487865171472,0.0047348420999259,0.0036922833562495,0.0034992404726015,0.0027843865190258,0.0034080641692487,0.0028022058156313,0.0026233316713717,0.0016954638553562,0.0040479346771754,0.0021228752187303,0.0014086162479757,0.0013996158531088,0.0017359242346424,0.0020422744049347,0.0012397870755636,0.0009210593958876,0.0003325482337682,0,0,0,0,0,0,0,0,0,0,0,0,0,0,0,0,0,0,0,0
0,0,0,0,0,0.0979489924254147,0.103198351939374,0.0956902803966111,0.0858584056270492,0.0796031412963301,0.0806642438284118,0.0639594598707135,0.0535210407190813,0.0609625419442956,0.0550844768004137,0.0338897374969684,0.0354856997376828,0.033806545084785,0,0,0,0,0.0018900064562022,0.0015164795207461,0.0019894270291152,0.0014890928064626,0.0021325648896014,0.0019703337187995,0.0039353897299109,0.0023807621109722,0.0038722705320826,0.0038227876388876,0.0031997941201319,0.0033539382907415,0.0031853053896523,0.005120814392131,0.0017660039931763,0.001937100523353,0.0035627456491717,0.0029537139704675,0.0042955203453572,0.0040108725157117,0.0034197302618617,0.0030996902968061,0.0050034721079387,0.0031425447736511,0.003352319101066,0.0042368795257054,0.0046456590552906,0.0036986466723803,0.0038101332349751,0.0023904543468431,0.0030957306720929,0.002724959048422,0.0026805856223967,0.0016122263551596,0.0038308946005662,0.0020374244247677,0.0014676476150302,0.0014170731409738,0.0016738134990432,0.002150463165084,0.0012594283597282,0.0009209184614257,0.0002714648689865,0,0,0,0,0,0,0,0,0,0,0,0,0,0,0,0,0,0,0,0
0,0,0,0,0,0.0960806822139939,0.097397717033139,0.0944202956293355,0.0849100173827521,0.0854101331877415,0.086141237586648,0.0692338530978464,0.0554304996183782,0.0624980665742483,0.0552344481622375,0.0314911234389743,0.0310689736941558,0.031107491119784,0,0,0,0,0.0019574552241961,0.0015176243740821,0.0017586068797076,0.0013506488461498,0.0023027946822998,0.0020148171603255,0.0041710881402985,0.0020686415818622,0.0039464839657204,0.0038417582598215,0.0033649582397758,0.0030876873543318,0.0035565559335051,0.0053593225289769,0.0017613120383819,0.0021181254849942,0.0031970278371552,0.0030444871723443,0.0039092810405876,0.0040900013290169,0.0033242823754106,0.0033997444105044,0.0040697448546401,0.0035609370817176,0.0035909688971346,0.0040484243203254,0.0045917979326347,0.0034731053946464,0.0027757391252017,0.0027401556244043,0.0033403991102092,0.002742880239421,0.0028048075992869,0.0015350675000332,0.0040802546901033,0.0019604969119504,0.0013408762302757,0.0012777197118345,0.001587768370769,0.0024410647503516,0.001316577922084,0.0009621586696592,0.0001918114646342,0,0,0,0,0,0,0,0,0,0,0,0,0,0,0,0,0,0,0,0
0,0,0,0,0,0.0884338684708122,0.0902006647035875,0.0877644346823999,0.0795887205773663,0.0796806447676494,0.0930775715253657,0.0728646165931418,0.0687526073344227,0.0680471354905293,0.0542260915875061,0.0314427441302176,0.0333132328095314,0.0327305158668409,0,0,0,0,0.0017349520011294,0.0017047091222563,0.0015239328475211,0.0013349270480827,0.0023465337340844,0.0018499093378412,0.0040196791526452,0.0026761151081818,0.0037810663834453,0.0034800071266567,0.0030719196141533,0.0031578532841384,0.0031009384327632,0.0048193077919813,0.0016103507661101,0.0018930147567735,0.0035955001027804,0.0033888890128413,0.0034249742559042,0.0039113518727865,0.0035705887821715,0.0029151801320331,0.0040220220814723,0.003222303134188,0.0038357690024386,0.003804626975871,0.0047952694635561,0.0035931772774478,0.0028648290827811,0.0028704938772239,0.0041042968927485,0.0025168370177844,0.002813915584959,0.0015752897540793,0.0036872920437872,0.0019502656962765,0.0018746704565303,0.0014439708724758,0.0022383119105296,0.002582346492324,0.0012967632440341,0.0014821985608894,0.0003908013729515,0,0,0,0,0,0,0,0,0,0,0,0,0,0,0,0,0,0,0,0
0,0,0,0,0,0.083281355829035,0.0821779688536174,0.0782904264147185,0.0718481978054314,0.0729123120859672,0.0829578177531026,0.0797819080026517,0.07440774415698,0.0753993758717876,0.062671142786646,0.0372821730610029,0.0406994680736077,0.0380024664471203,0,0,0,0,0.0018597598328355,0.0021787941430232,0.0017124428426779,0.0015521157955601,0.0022510098283745,0.0018871457766128,0.0037267987028173,0.0023054984196614,0.0036284763699473,0.0035185663456675,0.0031063102375039,0.0024364699457245,0.0034877757335637,0.0051195689051689,0.0021651525530476,0.0020534922548147,0.0031924610151375,0.003138451427047,0.003520458575755,0.0041521348472478,0.0035336309009768,0.0035654844596172,0.0043328957220566,0.0029143033381613,0.0035050015661381,0.0041283642291492,0.0052774770621586,0.0030231795354875,0.0030830339812432,0.0023315772003078,0.0040751761524781,0.0021925384623427,0.0028404955153641,0.0020413943561491,0.0034075999453782,0.0026453624106086,0.0018578526804494,0.0013144619325434,0.0019902968176892,0.0020664289388697,0.0011397634620269,0.0015140181129999,0.0005144225239482,0,0,0,0,0,0,0,0,0,0,0,0,0,0,0,0,0,0,0,0
0,0,0,0,0,0.0724630016332731,0.0719332625722272,0.0678826840556421,0.0626175021851702,0.0607982752731224,0.0815248308313312,0.0774958125903724,0.0853745675524678,0.0870195351495916,0.0686275640534347,0.0442865557456709,0.0521911866766533,0.0461473927003816,0,0,0,0,0.0018244757035943,0.0018834910768227,0.0018941183376101,0.0014128724132773,0.0021260796058796,0.0018383593541127,0.003043011949896,0.0032525991961625,0.0038175179919929,0.0030489702485829,0.0032939167825644,0.0026039697749244,0.003550968020959,0.0051699304792392,0.0019776139944956,0.0023560518594909,0.0030317732466692,0.0034378735180445,0.0037051893857256,0.0042171896942934,0.0037454349856869,0.003198954411603,0.0045888107197756,0.0023801595898367,0.0038209306107471,0.0043008865538415,0.005113276546778,0.0024960374513074,0.0028808658166998,0.0027248550714879,0.0045819563445137,0.0022908839814527,0.0031920978203855,0.0021501571636943,0.0037633720352863,0.0028627003888368,0.0018479176904516,0.0012074832074964,0.0021726339692906,0.0013320416317662,0.0012972692795193,0.0016772695858858,0.0005258614899813,0,0,0,0,0,0,0,0,0,0,0,0,0,0,0,0,0,0,0,0
0,0,0,0,0,0.0751622276484571,0.0737038551493413,0.0695525757137613,0.0638757961611026,0.0613919061039076,0.0722624447687037,0.0703282674060745,0.0779325394437051,0.0959842858479278,0.0750200102523563,0.046756363830989,0.0505613451699429,0.0457035872566248,0,0,0,0,0.0018567519464192,0.0014310144048345,0.0021118573784227,0.0015249157269418,0.0024315962560228,0.0017488390608909,0.0027572898093962,0.0034557057705235,0.0042602754050976,0.0030338187823271,0.0030929765206932,0.0023307471330165,0.0037250581763554,0.0052996189577937,0.002138376884209,0.002002731801428,0.0036804905812827,0.0035206030340541,0.0032874514578624,0.0043884090823545,0.0035677727979671,0.0036011810098591,0.0043927868404025,0.0027611509584323,0.0039810143337247,0.0041328013744556,0.0042098676892707,0.0024783902353112,0.0036689832994493,0.0028215125795,0.0044917914465751,0.0025008649244587,0.0029860378835255,0.0024175566713465,0.0033137049760648,0.0031383528330357,0.0013125567311622,0.0013105346657469,0.0015545157649167,0.0016987574797412,0.0015540912552212,0.0011931275841632,0.0005989137428503,0,0,0,0,0,0,0,0,0,0,0,0,0,0,0,0,0,0,0,0
0,0,0,0,0,0.06169173538239,0.0624589162999595,0.0575652428105162,0.0544407516959013,0.0511771598164304,0.0543166192863167,0.0551380504984348,0.057972533240464,0.0707617792864463,0.132457038866955,0.0676089089506201,0.0760769335725653,0.0733059131009851,0,0,0,0,0.0025254959090897,0.0015004955592495,0.0017050288655374,0.0018898319830147,0.002782629168074,0.0033054417666112,0.0028416015540769,0.0028967613717286,0.003378836945224,0.002622580292868,0.0042141183501851,0.0026622183670429,0.0032821131344382,0.0049484209495259,0.0021346924147498,0.0035297962825955,0.0032357663074505,0.0027147683006303,0.0037524622308013,0.0037298067354404,0.0031059165597135,0.00238859551902,0.0044060387005677,0.0033272630332156,0.0031380390086509,0.0049440619992082,0.0044669008654887,0.0036447018146097,0.0040563647775138,0.0021812174497361,0.0035485399424722,0.0026161166783333,0.0033419684251641,0.0018012559484753,0.0030668385912615,0.004621109862721,0.0016028414268042,0.001709442818336,0.0016793358524562,0.0018021998072572,0.0013249605423578,0.0019614725613079,0.0006403685190113,0,0,0,0,0,0,0,0,0,0,0,0,0,0,0,0,0,0,0,0
0,0,0,0,0,0.0393855150971876,0.0383280859405398,0.0352558390921815,0.0349524818784065,0.0304487343355936,0.0328669799270567,0.0342294515734295,0.0390400648210967,0.0460232501123847,0.0705535478421976,0.0934078862093088,0.0727417522792011,0.0692226429096652,0,0,0,0,0.0015741683550471,0.001015753948031,0.0014964927759405,0.0018822629765351,0.0017883965179333,0.0010490444876872,0.0021936473699505,0.0023885796666939,0.0020794138537083,0.0015281590753783,0.0018349998319496,0.001675393097379,0.0024605362370083,0.003271677703086,0.0014900728137069,0.0016267404258024,0.0025539172548455,0.0019762925778873,0.0027736603631845,0.0023988146630589,0.0025847009783485,0.0037620226221574,0.0034067069103861,0.0026556316612433,0.0021793330494296,0.0052313507895605,0.0042066264769166,0.0024540936746661,0.0037937837997908,0.001383065682056,0.0037320738930046,0.0021358422933165,0.0026872168536761,0.001318672927396,0.0021722032178992,0.0025589435289421,0.0010738435819465,0.0012268055764312,0.0010304495281683,0.0017886967766525,0.0011052343484483,0.0014147479477463,0.0005488546631801,0,0,0,0,0,0,0,0,0,0,0,0,0,0,0,0,0,0,0,0
0,0,0,0,0,0.0375905968093786,0.0392005225269435,0.0325533104840066,0.0344385807290299,0.0282676727873057,0.0327671142388833,0.0351616715980185,0.043293017144896,0.0468314098705209,0.0747050544425682,0.0684487964069859,0.0846185267757779,0.0797356924492863,0,0,0,0,0.0014772497657905,0.0009937309800253,0.0013273645180483,0.0018294398690195,0.0018798026138266,0.0013416623446398,0.0021893401170191,0.0024030046768173,0.002474586375591,0.0019647535596728,0.0019825802050208,0.0017962963813246,0.0023155194449118,0.0037930444781561,0.0015692442693611,0.0016536742268059,0.0021422952459876,0.0027117350802494,0.0031083928960234,0.0027510205556285,0.0025111492689662,0.0021306764102315,0.003834668997104,0.0024491495331859,0.0023761501132249,0.0039441123685735,0.0048608071591333,0.0018749295706967,0.0034386102146865,0.0016508010208071,0.0022837140280152,0.002349666406317,0.0030977417550846,0.0013602152919197,0.0027266930305719,0.0024854542928409,0.0013580651666925,0.0015561840459694,0.0012186682217524,0.0012415593360623,0.0007137635444797,0.0017475833126726,0.000620474027098,0,0,0,0,0,0,0,0,0,0,0,0,0,0,0,0,0,0,0,0
0,0,0,0,0,0.0412581052022849,0.041641537420192,0.0351289990506109,0.0346253887373576,0.0298696497776472,0.0339763140486238,0.0346493076429626,0.0403989285577735,0.0446756519031021,0.0759692767257614,0.0687435934777644,0.0841501252492468,0.0823848401887498,0,0,0,0,0.0015458069878323,0.0009652747773547,0.0009870461543538,0.0019630726630587,0.0025508989506293,0.0012474393563303,0.0024373622267665,0.0021941618874522,0.0026140276106848,0.0015999762164526,0.0020842672191718,0.0018294493949837,0.002875528703122,0.0036308073048162,0.0012642485634855,0.0018565669884398,0.001923301474731,0.0023370951285094,0.0032094638918797,0.0025395267906635,0.0024245265241296,0.0024533774171272,0.0039607119414575,0.0026052432319449,0.0028270845719664,0.0038172237277626,0.0047222810127955,0.0024930509893626,0.003422301434106,0.0018025898042098,0.0024617132635268,0.0023479354576266,0.0029673749604184,0.0012932591841075,0.0022704829998131,0.0023246736161115,0.0014968950319554,0.0014605663069433,0.0011261617248544,0.0013828389594674,0.0005074684719558,0.0022585264267616,0.0006612055407734,0,0,0,0,0,0,0,0,0,0,0,0,0,0,0,0,0,0,0,0
0,0,0,0,0,0,0,0,0,0,0,0,0,0,0,0,0,0,0,0,0,0,0,0,0,0,0,0,0,0,0,0,0,0,0,0,0,0,0,0,0,0,0,0,0,0,0,0,0,0,0,0,0,0,0,0,0,0,0,0,0,0,0,0,0,0,0,0,0,0,0,0,0,0,0,0,0,0,0,0,0,0,0,0,0
0,0,0,0,0,0,0,0,0,0,0,0,0,0,0,0,0,0,0,0,0,0,0,0,0,0,0,0,0,0,0,0,0,0,0,0,0,0,0,0,0,0,0,0,0,0,0,0,0,0,0,0,0,0,0,0,0,0,0,0,0,0,0,0,0,0,0,0,0,0,0,0,0,0,0,0,0,0,0,0,0,0,0,0,0
0,0,0,0,0,0,0,0,0,0,0,0,0,0,0,0,0,0,0,0,0,0,0,0,0,0,0,0,0,0,0,0,0,0,0,0,0,0,0,0,0,0,0,0,0,0,0,0,0,0,0,0,0,0,0,0,0,0,0,0,0,0,0,0,0,0,0,0,0,0,0,0,0,0,0,0,0,0,0,0,0,0,0,0,0
0,0,0,0,0,0,0,0,0,0,0,0,0,0,0,0,0,0,0,0,0,0,0,0,0,0,0,0,0,0,0,0,0,0,0,0,0,0,0,0,0,0,0,0,0,0,0,0,0,0,0,0,0,0,0,0,0,0,0,0,0,0,0,0,0,0,0,0,0,0,0,0,0,0,0,0,0,0,0,0,0,0,0,0,0
7.26392251816e-05,0.0022437449556094,0.0027401129943503,0.0033736884584342,0.0031920903954802,0.0021032692538203,0.0022709692975316,0.0019164561829044,0.0018964132577486,0.0018413349990319,0.0017643579672502,0.0016611753083124,0.0015647198407097,0.0017780760164862,0.0025640204229572,0.0015314790437238,0.0015273260290376,0.0015143668457069,0,0,0,0,2.70654855094e-05,7.23934124183e-05,6.15987811993e-05,7.1613822355e-05,7.9851876918e-05,6.99466888506e-05,7.38497575065e-05,7.8379162532e-05,8.38808461114e-05,0.000106805444242,0.0001163722601185,9.21662474713e-05,0.000104063474543,0.0002066231584709,6.38956147431e-05,9.13637987008e-05,7.10718233611e-05,7.22567805354e-05,8.32268049647e-05,0.0001045757158347,4.2838143426e-05,3.98133452801e-05,7.50021527909e-05,9.44743493853e-05,7.46746810682e-05,0.0001236011509901,9.56628276594e-05,8.65424813217e-05,0.0001442425663071,6.27984579761e-05,0.0001100582537851,6.7233506117e-05,6.43371559463e-05,5.95805379179e-05,0.0001071183911272,7.82401747979e-05,8.38416011543e-05,3.63844130362e-05,6.34184919394e-05,8.68367015945e-05,5.89432568345e-05,3.30152151827e-05,7.1515411571e-06,0,0,0,0,0,0,0,0,0,0,0,0,0,0,0,0,0,0,0,0
0.0004505441186664,0.0011159631246967,0.0037152561170028,0.003243917654398,0.0035350384695363,0.0016255500552489,0.0016157227988938,0.0014039063802831,0.0013067771124916,0.0012260284244768,0.0014888289277347,0.0016713602814749,0.0013872583477035,0.0011768895760284,0.0013082923435087,0.0008486794267391,0.0008823521074461,0.000812123466246,0,0,0,0,6.21719262399e-05,0.0001247660636307,7.14817612126e-05,3.32695453446e-05,4.29062458405e-05,8.06624181567e-05,0.0001158671494742,7.23580444452e-05,5.59925612466e-05,0.000125177209937,7.60071724254e-05,3.979065686e-05,0.0001068705784952,0.0001540023687514,5.19300462999e-05,5.54954298368e-05,5.21368537363e-05,0.0001430987832431,4.69451891738e-05,7.05461736903e-05,5.26635639323e-05,4.39376869755e-05,4.72006134395e-05,6.08554900024e-05,7.55299655546e-05,6.38394714539e-05,0.0001892029495936,0.0001076742123082,0.000113255267857,8.29294494245e-05,0.0001100462351726,5.21078261917e-05,5.33338064763e-05,3.50281499553e-05,9.13211892367e-05,4.61717062937e-05,7.03272124013e-05,1.47981247934e-05,8.37123521464e-05,4.70582523831e-05,3.30719421939e-05,0.0001230129683533,3.02463184559e-05,0,0,0,0,0,0,0,0,0,0,0,0,0,0,0,0,0,0,0,0
0.0009561904761905,0.0006285714285714,0.00192,0.0014095238095238,0.0028571428571429,0.002208397526563,0.002160787757618,0.0018080449016846,0.0018843852819779,0.0015616429091803,0.0014629755336203,0.001443931804946,0.0015334782061292,0.0019091190700941,0.001634099664731,0.0013743789654237,0.0012955077696151,0.0009128202835464,0,0,0,0,5.81492494522e-05,7.85727519249e-05,2.87278582931e-05,3.35509633623e-05,3.89654383175e-05,3.59969553735e-05,4.30408217522e-05,0.0001060482593964,7.70631373531e-05,0.000109378346066,7.30862600066e-05,8.02402466987e-05,6.27675160718e-05,0.0001507240491705,5.87562462897e-05,4.35332556965e-05,0.0001018140292428,5.73337110211e-05,8.23362674836e-05,9.35039454133e-05,8.89941639816e-05,9.73072677859e-05,5.24267696128e-05,0.0001100728374092,5.88788976737e-05,0.0001259592988242,0.0001047661156027,4.1982662261e-05,0.0001162038688988,0.0001023583553486,0.0001060753268224,4.77326145553e-05,3.78480008333e-05,7.25392041228e-05,0.0001168899692114,6.14669126714e-05,3.28456165185e-05,1.56742577245e-05,3.53205815174e-05,0.0001048699126744,4.91810697573e-05,4.60187412487e-05,0,0,0,0,0,0,0,0,0,0,0,0,0,0,0,0,0,0,0,0,0
0.0013734812466984,0.0042562825447136,0.0033506905139235,0.0049128367670364,0.0053505395819183,0.0017183022708919,0.0016679693415533,0.00142949943839,0.0013970569594705,0.0011879716475644,0.0012693442612513,0.0012962995630114,0.0011329848512176,0.0013654158252331,0.0017939926431471,0.0017122328819828,0.0017685551824119,0.0017981870035625,0,0,0,0,6.69606262907e-05,3.62221515875e-05,3.32319367693e-05,0.0001405399876473,5.76078138179e-05,0.0002195529586612,0.0001049660654506,8.34080388972e-05,0.0001202879250886,7.00829717116e-05,8.67434555454e-05,5.8448487829e-05,0.0001415352371814,0.0001136167718993,6.36279655805e-05,7.59815478013e-05,0.0001260103029506,0.000119037265124,5.90965921605e-05,8.46370891243e-05,0.0001013591524958,0.0001656473851737,0.0001068743583741,9.0958172089e-05,7.96055937932e-05,0.0001345846539269,0.0002004610841187,0.0001595385377992,0.0001699486998305,0.0001058457510659,9.42485367681e-05,8.97687003846e-05,5.60970908313e-05,0.0001091264306026,7.52613225998e-05,5.22076425726e-05,7.05387645776e-05,6.8309743702e-06,0.0001296688702305,9.57574502963e-05,1.25776670943e-05,1.96115070628e-05,1.94673936794e-05,0,0,0,0,0,0,0,0,0,0,0,0,0,0,0,0,0,0,0,0
0.0007712387280494,0.0015543426672995,0.0019340294257238,0.0051574118019301,0.0069569688340452,0.002605512462723,0.0026517061761747,0.0026211139730106,0.0020971402236612,0.0021230083865056,0.002338737940948,0.0019705684045737,0.001787037010922,0.0022821459877955,0.0027687622453095,0.0017052152845411,0.0019047833794589,0.0024492019824979,0,0,0,0,7.82601451521e-05,4.89644366984e-05,4.04541510772e-05,6.03829410616e-05,6.84152194887e-05,7.3963613906e-05,0.0001087616019961,0.0001114486081226,0.000151083977474,0.000128209972326,8.37219185571e-05,0.0001146346706131,0.0001427143367333,0.0001809252729901,3.7141981044e-05,6.16278756181e-05,8.08986621877e-05,8.25114624378e-05,0.0001117805038178,0.0001171182010036,9.03378753601e-05,0.0001344457815574,0.0001627244921725,0.0001099369325306,0.0001209828958562,0.0001747480547396,0.0001174210916555,0.0001151500509722,0.0001280680982288,0.0001163420619606,0.0001444539805385,0.0001079103812299,9.20711708559e-05,5.64367502756e-05,8.09975614607e-05,8.83865708425e-05,9.38958160125e-05,5.13542185024e-05,9.9157151195e-05,4.3462580944e-05,3.78237784552e-05,7.83390855465e-05,2.74961948222e-05,0,0,0,0,0,0,0,0,0,0,0,0,0,0,0,0,0,0,0,0
0.0003922378199835,0.002140104596752,0.0047619047619048,0.0043352601156069,0.0026149187998899,0.0017270253685954,0.0019115120522961,0.0017522271188702,0.0016856034126146,0.0016159299479489,0.0016039676339663,0.0014371760466401,0.0013442338629783,0.001427881603184,0.0028612133210985,0.0008701611790931,0.0011826792344368,0.0010419363409811,0,0,0,0,5.96366277772e-05,8.00795972162e-05,3.25117010237e-05,0.0002001993019006,6.43440687448e-05,0.0001238645747316,8.17564356481e-05,7.47441140788e-05,0.0001262160223545,0.0001059873635134,0.0001995039782144,0.0001235497886966,7.26232146097e-05,0.0001527081568963,6.08149290324e-05,0.0001696801385913,0.0001430468496027,0.0001415335871881,7.21786931638e-05,0.0001046020994096,7.41676417402e-05,0.0001282615079564,9.57036007558e-05,8.38881146927e-05,6.36673503426e-05,0.0001211547977614,0.0001757201623877,0.0001181268417306,0.0001507643533841,8.48365625528e-05,0.0001050246821729,8.30585204985e-05,6.83637532127e-05,6.46301201088e-05,0.0001361427829577,0.0001052461715366,8.76282019609e-05,6.05931844856e-05,0.0001300040930508,3.16505805505e-05,3.17729008623e-05,2.35936309471e-05,9.77870255793e-05,0,0,0,0,0,0,0,0,0,0,0,0,0,0,0,0,0,0,0,0
0.0006446886446886,0.0070695970695971,0.0024835164835165,0.0032380952380952,0.0041465201465201,0.0039567053962316,0.0042009918078287,0.0039033953734841,0.0035842318770881,0.0035614675659472,0.0037104730639802,0.0030215737175149,0.0023688677640728,0.0023967211420136,0.0026186451244493,0.0019371593697717,0.0020546114944333,0.0021673774878016,0,0,0,0,6.70328568136e-05,0.0001224626641366,4.13854055309e-05,0.0001018978266144,0.0001007299760026,8.70391591823e-05,0.0001762338974237,9.10455530817e-05,0.0002266430025954,0.0001241724720043,0.0001274855903311,0.0001187967884831,0.0002342233211834,0.0002630866226555,0.0001171609960606,8.72142705624e-05,0.0001456318970105,0.000185510283677,0.0002071151961359,0.0001130117530926,0.0001526628962704,0.0001365168391275,0.0002844341162534,0.0001348039700802,0.0001628169060552,0.0001591116878052,0.000298600063381,0.0002685740597051,0.0002077060111348,0.0001386844819802,0.0001562993410014,0.0001470051382869,0.0001189169682949,7.66933950659e-05,0.0001947367857662,8.78278955877e-05,0.0001277431222191,5.51254984753e-05,8.60208160113e-05,8.428306984e-05,3.22428027346e-05,0.0001225706216581,4.10282905762e-05,0,0,0,0,0,0,0,0,0,0,0,0,0,0,0,0,0,0,0,0
6.12244897959e-05,0.003156462585034,0.0021836734693878,0.0019897959183673,0.0034251700680272,0.0019700905949978,0.0024031666165508,0.0021668999721646,0.0020134445281365,0.0016401372541907,0.0022938129498701,0.0017357109530879,0.0023511645617974,0.0027892482290654,0.0024788000880935,0.001958635326689,0.002094046932655,0.0018117508156391,0,0,0,0,6.60624369912e-05,7.10142521912e-05,9.46859458896e-05,7.51863893487e-05,9.58458029855e-05,7.38898956321e-05,8.45422992901e-05,8.36879252335e-05,0.0001496952163892,9.7548857536e-05,5.70213948925e-05,9.41594069602e-05,0.0001125845859068,0.0002296962020277,5.63564667338e-05,3.53703255777e-05,0.0001566742468905,6.0839091895e-05,0.0001151980047999,0.0001371712104036,5.24987768117e-05,0.0001388574654506,0.0001297936806849,0.0001024506784685,0.0001570951609079,0.0001696555118993,0.0001605904836274,0.0001515278257622,0.000173546728155,9.45681704647e-05,0.0001794959871137,7.44085574655e-05,0.0001084259096995,7.28620152802e-05,0.0001000656104113,0.000116304688713,3.93242876504e-05,3.51792402338e-05,8.67821636363e-05,9.48977771313e-05,6.20809310958e-05,7.09617299601e-05,1.53041653946e-05,0,0,0,0,0,0,0,0,0,0,0,0,0,0,0,0,0,0,0,0
0.000268761629109,0.0029839432154917,0.0023706153952174,0.0045827303424988,0.0019915925849356,0.0040470358254073,0.0040081329148517,0.0036882272720272,0.0033174879232893,0.003169751955101,0.0032831256585632,0.0027673039753433,0.0027954618002148,0.0034834379216789,0.0029289773229944,0.0017273278611122,0.0021845118511006,0.0021865527626278,0,0,0,0,7.16204040604e-05,5.56684364348e-05,6.97025482572e-05,0.0001098432427365,0.0001316245360917,0.0001263986794056,0.0002131952991129,0.0001516449370079,0.0003057843619241,0.0002075360096476,0.0002278484740262,0.0001462242495186,0.0002155796873396,0.0002537355513271,3.16259503039e-05,0.0001099022088389,0.0001528880632949,0.0001518804010085,0.0001905783434631,0.0001980345124714,0.0001110131987917,0.0002038458423474,0.0001829458418255,0.0001339818904217,0.0001270996165618,0.0002137157774739,0.0001563786187393,0.0001466597350898,0.0002286341723982,0.0001678982673457,0.0002350250290964,7.22851567528e-05,0.0001911853282237,0.0001418482076249,0.0002011373464092,0.0001241568004652,0.000126601732439,4.22417941503e-05,4.61962011596e-05,5.27862757457e-05,2.29246785549e-05,2.57551296797e-05,2.65093666429e-05,0,0,0,0,0,0,0,0,0,0,0,0,0,0,0,0,0,0,0,0
0.0002432551968156,0.0018870706177208,0.0030738611233967,0.0035014005602241,0.0043417366946779,0.0038125294091966,0.0042993094629977,0.0038441140998067,0.003503235730993,0.0033005817866887,0.0032322047616007,0.0028704093872551,0.0023882027024504,0.0026534173560601,0.0024317733675355,0.001357837940042,0.0018552626492266,0.0014315576673524,0,0,0,0,9.7546767961e-05,0.0001331218935398,0.0001058227032372,6.84556581269e-05,0.0001194774045515,0.0001135344513178,0.0001249413418,0.0001057030964012,0.0002219928524249,8.81322452316e-05,0.0001560748844372,0.0001539778404942,0.0001555062466288,0.0002708007562262,8.68311141466e-05,0.0001028282917069,0.0002166137944159,0.0001872917232866,0.0001941557981408,0.0001983892532215,0.0001169333433922,0.0001712484752819,0.000229768705767,0.0001252671882436,0.0001204097242655,0.0002045893889068,0.0001733057818543,0.0001558665963388,0.0001411862215337,0.0001867778634064,0.0001944500796728,0.0001315551292166,0.0001131337603582,6.00568198234e-05,0.0001749161247305,9.4309359148e-05,0.0001111121903702,6.02600891806e-05,5.49733362557e-05,6.2695129286e-05,2.85059209615e-05,6.51602114344e-05,2.21141088014e-05,0,0,0,0,0,0,0,0,0,0,0,0,0,0,0,0,0,0,0,0
0.0002551020408163,0.0012291280148423,0.0032235621521336,0.0024698515769944,0.004649814471243,0.0037021558916825,0.00342597246104,0.0031501163556579,0.0030751268167501,0.0030317399725252,0.0029921294943052,0.0026575089207217,0.0027057173571064,0.0028369021658955,0.004097819629482,0.0017098862070439,0.001963269358868,0.0019556922933138,0,0,0,0,0.0001114604439447,8.47677393771e-05,7.41540787405e-05,8.88557150148e-05,8.18191476808e-05,0.0002241181053966,0.0001345221326546,6.47970396505e-05,0.0002555897655066,0.0001636759340039,8.90190267793e-05,0.0001589903622122,0.000229675822176,0.0002645783772439,0.0001235534365844,0.0002662222572166,0.0001147139936532,0.0001565921442624,0.000156821768433,0.0001357953701963,0.0002162890565142,0.0001853010554406,0.0001985949057045,0.0001797998395374,0.0001376750091987,0.0002051905506773,0.0001749801055832,0.0001019257317074,0.0001438254772927,0.0001581645211266,0.0001216206164575,0.00011215703515,0.0001798579945446,7.97411255114e-05,0.0002210281784521,0.0001658469654934,0.0001132527056007,4.85743029747e-05,8.26990573476e-05,0.0001199380665139,3.94845338454e-05,3.12367388332e-05,6.64037801489e-05,0,0,0,0,0,0,0,0,0,0,0,0,0,0,0,0,0,0,0,0
0.0005886970172684,0.0011773940345369,0.0027385313099599,0.0047488226059655,0.0027821384964242,0.0035887060667003,0.0038722221507567,0.0037290913173262,0.0036365045203644,0.0031385832997328,0.0034701684441081,0.0023516843615326,0.0024132027584465,0.0024118537182313,0.002920638831243,0.0017613106921164,0.0020068512685128,0.0019366698723453,0,0,0,0,9.95935641174e-05,5.00662660491e-05,9.1850099243e-05,6.75476113922e-05,0.0001263920727272,0.0001565869116813,0.0001414247481942,0.0001207171884105,0.0001850566967351,0.0001821789101818,0.000179373741983,0.0001376722937063,0.0001019833568448,0.0002947102376816,7.88382441354e-05,4.88112984887e-05,0.0001907264852559,9.69437794923e-05,0.000205258601601,0.0002180259537448,0.0001234657824928,0.0001568319140926,0.0001465241963902,0.0001455760865603,0.0001295259297357,0.0001805149529614,0.0001741846141325,0.000175109293633,0.0001986266356185,0.0001457936524618,0.0001561433552842,6.57714406372e-05,0.0002097946398797,7.09615532316e-05,0.0001821731768835,0.0001217215763711,7.29271845165e-05,9.49884131549e-05,9.58475807304e-05,0.0001026097076338,4.36658331395e-05,4.89879690298e-05,5.64806292467e-05,0,0,0,0,0,0,0,0,0,0,0,0,0,0,0,0,0,0,0,0
0.0008368901163277,0.0019415850698803,0.0023935057326973,0.0029542221106369,0.0064356849945602,0.0041652797590675,0.0039756165367532,0.0038033186500661,0.0033140611435399,0.0034690484061429,0.0032698823544076,0.0032303300730897,0.003157802844649,0.0036988714756429,0.0034551595211397,0.0024821578208133,0.0024823670674802,0.0029210115824332,0,0,0,0,0.0001079041300182,0.0001290335455645,6.89449868979e-05,0.0001569573544138,0.0001509912666317,8.83220817397e-05,0.0002675661841287,0.0001385047629785,0.0002618023971032,0.0001765501499511,0.0002486472872766,9.78610067439e-05,0.0001630683001764,0.0003445774796274,0.0001365665289826,0.0002020582843253,0.0001072551701082,0.0001425847823465,0.0002193775997455,0.0001740798139697,0.0001828202868316,0.0002114932922223,0.0003403473437979,0.0001361970150167,0.0002579098100061,0.0002580742352409,0.00029054088582,0.0002330871866556,0.000185658201377,0.0001835655663828,0.0001590931592495,0.0001386957744043,0.0001036586714598,0.0001189473326638,0.0001991822274095,0.0001046179999396,0.0001592641823357,3.31787838496e-05,0.0001362308055508,7.22564994523e-05,2.36076183525e-05,8.88780335228e-05,3.96087550667e-05,0,0,0,0,0,0,0,0,0,0,0,0,0,0,0,0,0,0,0,0
0.000242954324587,0.0038791707159054,0.0033365727243278,0.0034904437965662,0.0045999352121801,0.0056814406800023,0.0058380598301226,0.0050294037896877,0.0051556498641864,0.0050585442237792,0.0049176610122258,0.0045884571650068,0.0044489537797535,0.0050923209373358,0.0050409934502823,0.0031937806149173,0.0039349611082912,0.0035690588812649,0,0,0,0,0.0002073259583297,0.0001799313390004,0.0001602083855978,0.0001219254814089,0.0001852330175851,0.0001797177628779,0.0002908270488539,0.0002734478595568,0.0002981824251139,0.0002975123954457,0.0002771773475888,0.0002736595064186,0.0003334431733129,0.0003116300361455,0.0001643312903115,0.0001328714431416,0.0002393712923376,0.0001852089513217,0.0002785660234004,0.0003041012641978,0.0001520800441179,0.000237599074168,0.0002934491872981,0.0002043341845243,0.0002725273045092,0.0003433464977303,0.000352573124455,0.0002921410192409,0.0003219077725229,0.0001773410032374,0.0002187011808888,0.0002141603061499,0.000244276781069,0.0001560584743477,0.0002828275593655,0.0001785189094709,0.0001259914691047,0.000120561789526,0.0002115137521334,0.0002086606469143,0.0001008382196687,0.0001686778173742,6.35736473652e-05,0,0,0,0,0,0,0,0,0,0,0,0,0,0,0,0,0,0,0,0
9.46073793756e-05,0.0045175023651845,0.0017975402081362,0.0024124881740776,0.0056054872280038,0.0017115335233531,0.0018059784032031,0.0015952729424465,0.0017309178211264,0.0016184241412284,0.0015996861915001,0.0018891314494306,0.0016567428496933,0.0020003028800961,0.0021170211199257,0.0014160625746155,0.0015848327885932,0.0012098272677063,0,0,0,0,6.24145905603e-05,5.90661288212e-05,6.07990959124e-05,6.64722620552e-05,3.70189943518e-05,6.96753822689e-05,0.0001260838533765,6.53137859498e-05,3.6181343808e-05,9.28690393025e-05,0.0001260081406225,7.12676842681e-05,0.0001286529056144,0.0001599781435482,0.0001003411599438,9.38003708883e-05,0.0001154195529436,0.0001155122436276,8.18041944458e-05,6.66132499754e-05,0.0001602918210389,7.45560532856e-05,0.0001534843239465,7.76008805475e-05,5.46945288946e-05,0.000106974646608,0.0001550213386945,0.0001113609887427,8.08944795807e-05,7.57459469519e-05,6.23531402265e-05,4.76362219146e-05,5.77545589975e-05,3.39447773223e-05,0.0001209020246815,6.33066943542e-05,2.55801021182e-05,1.57678965626e-05,2.98995019725e-05,2.30999684642e-05,5.44040212914e-05,2.96723144405e-05,2.15016771308e-05,0,0,0,0,0,0,0,0,0,0,0,0,0,0,0,0,0,0,0,0
0.0006631666206134,0.0044763746891406,0.003011881735286,0.0019342359767892,0.0023487151146726,0.0027844190386978,0.002450182885521,0.0023340478112264,0.0022181112375725,0.0022738097566185,0.0021969223482865,0.0020932116407879,0.002305923096523,0.0021886720847327,0.0040896479173592,0.001806090917622,0.0019511436718599,0.0020756203468438,0,0,0,0,0.0001042642963897,7.37434435162e-05,5.26272433469e-05,9.27356995409e-05,7.17601182245e-05,0.000227115388598,0.0001096504368773,4.78901893701e-05,0.000146890573129,0.0001284856410882,0.0003172009873219,5.15492630074e-05,0.0002223813612787,0.00015111877866,0.000109584959413,0.0001384244333142,0.0001182663445448,8.97918840648e-05,0.0001042020307431,0.0001126170815994,0.0002165810396803,0.0001018198906725,0.0002285549364784,0.000114976457926,0.0001371632415638,0.0002269234813823,0.0002348953693461,6.18648837298e-05,9.66247076286e-05,0.0001561416099173,0.000138817410091,8.01325468726e-05,0.0001114742984933,5.10648573193e-05,0.0001653762822471,0.0001864703831509,0.0001205485276471,8.55518960885e-05,7.03309047082e-05,2.98174990623e-05,1.54124834976e-05,2.52477255194e-05,2.76319425256e-05,0,0,0,0,0,0,0,0,0,0,0,0,0,0,0,0,0,0,0,0
0.0002945508100147,0.0013465179886388,0.0017462655165159,0.0035556490637492,0.0021039343572481,0.0035552495292237,0.003689031297272,0.0040301538391316,0.0031062524658463,0.0026131818109295,0.003177172403046,0.0024778011118961,0.0022593185019361,0.0030625584365607,0.0028545272726993,0.0021589815968797,0.0019245951399889,0.0016372139210523,0,0,0,0,6.17560762637e-05,5.27511318363e-05,9.37168899511e-05,0.0001171023581176,7.17245870942e-05,0.000145785596355,0.0001394119779923,0.0001615198421551,0.000155590061468,0.000206086172596,0.0001040704272318,0.0001533676891749,8.98795166297e-05,0.0002072906036738,0.0001026707068894,9.00496320024e-05,0.0001784893984258,0.0002418486407216,0.0001596072067489,0.0001849125203399,0.0001240474675993,0.0001588783537342,0.0002084977638201,0.0002011742085111,0.0001036481747618,0.0001491691979781,0.0002224195913895,0.0001671432708607,0.0001992478167799,0.0001701956471354,0.0002336358088511,0.000163447670698,0.0001158263367576,9.65352752667e-05,0.0001406358047339,0.0001155747331836,7.25834676798e-05,0.0001615401142031,0.0001173303659445,0.0001359957776509,7.87138490022e-05,6.29510351589e-05,3.66139225807e-05,0,0,0,0,0,0,0,0,0,0,0,0,0,0,0,0,0,0,0,0
0.000169779286927,0.0037108901285472,0.0084000323389118,0.0069164847602878,0.007239873878244,0.0034550075173654,0.0037508220253638,0.0035950945096169,0.0029687583540182,0.0028687442795435,0.0034521789604496,0.0028080881189368,0.0029534193550603,0.0033771489206122,0.0027608594432556,0.0019259625461924,0.0028084183343839,0.0022934481906255,0,0,0,0,7.23794575821e-05,0.0001669080884346,6.08379785877e-05,0.00012752549116,8.43325982811e-05,0.0001662839428424,0.000204722723922,7.23045234745e-05,0.0001781822701136,0.0002054167287659,0.000163770391962,8.9866389818e-05,0.0001377431938118,0.0001848945048848,0.0001184539815808,7.881562659e-05,0.000278803441511,0.0001219334653167,0.0002121411660267,0.0001431837915515,0.0001332128705618,0.0001384647928983,0.0002468350536317,0.0001114592611959,0.0001247942011253,0.0001673090765846,0.0002655656801534,0.0001615771999192,0.0001623453595671,0.0001772795071598,0.0001807964663805,0.0001425511541202,0.0001530600334397,0.0001041582582366,0.0002044958419411,9.71668967146e-05,9.13978206406e-05,3.90116482064e-05,7.8547057858e-05,3.72474966217e-05,3.93920955086e-05,8.49134526323e-05,4.22085796813e-05,0,0,0,0,0,0,0,0,0,0,0,0,0,0,0,0,0,0,0,0
0.0003713411970293,0.0026976845784185,0.0031309159749527,0.0032583369739333,0.0067059851463521,0.0038723094041571,0.0047042309760377,0.0041588540531097,0.0038882997621582,0.0033175091399482,0.0031421782164258,0.0028368221244998,0.0028667061608213,0.0028400765652787,0.0034368881899846,0.002434374691847,0.0028992655452206,0.0028364986689702,0,0,0,0,7.50822858244e-05,4.93139831229e-05,7.86852709133e-05,5.70182716411e-05,0.0001028927573369,7.63725621856e-05,0.0002058484365265,0.0001233006167583,0.0002013602986743,0.0001917808036682,0.0001477098002366,0.0001713626857403,0.0001908652205737,0.0002504538559012,7.55500511395e-05,8.23737765966e-05,0.0001657083996674,0.0001910567993727,0.0002044602810309,0.0001838087591599,0.0001316048800307,0.0001728372334937,0.0003981382041634,0.0001503137190916,0.0001728290538029,0.0002344295087083,0.0002202634653363,0.0002825240278279,0.0001305854001349,0.0001109162271503,0.0001587954220013,0.0001557642796898,0.0001988356852573,6.14285948985e-05,0.0001800031410481,0.0001559269568499,0.0001662383197114,6.17833275601e-05,0.0001387014851398,3.3057638096e-05,2.93860868463e-05,0.0001252861039423,5.63044280102e-05,0,0,0,0,0,0,0,0,0,0,0,0,0,0,0,0,0,0,0,0
0.0003663003663004,0.0012025710138918,0.0016863639505149,0.0032828806413712,0.0032068560370447,0.0037825265560393,0.0038469577434914,0.0036075537370763,0.0034462068640077,0.0032945584000063,0.0034061119356631,0.0031758709208993,0.0030970943183055,0.0035986228324097,0.0032426041139751,0.0019984319544206,0.0024355914933722,0.0021304012844754,0,0,0,0,8.95495970138e-05,7.03413952471e-05,8.48185281325e-05,7.75123414187e-05,0.0001023296908623,0.0001050575512213,0.0001066148614081,0.0001393611716727,0.0001986093586615,0.0001860079210176,0.0001214077620333,0.0001727752840997,0.0001437611235831,0.0002595232849758,5.83953599204e-05,8.4503673711e-05,0.0001822287392029,0.000122402399454,0.0001744715943259,0.0001281746965749,0.0001144695987477,0.000165216328609,0.0001727156117819,0.0001448303292936,0.0001700569303316,0.0001806395016146,0.0002753746786222,0.0001661858686266,0.0001884503889439,0.0001280420102038,0.0002064475314162,0.0001001744364826,0.0001800786565297,7.95778491665e-05,0.0001044138540516,0.0001986217070472,0.0001187101352142,9.41687118424e-05,0.0001192704908564,8.33458970996e-05,8.47695531766e-05,8.22376129409e-05,3.06254045059e-05,0,0,0,0,0,0,0,0,0,0,0,0,0,0,0,0,0,0,0,0
4.96894409938e-05,0.0013830227743271,0.0009772256728778,0.0012670807453416,0.0012919254658385,0.0041399208610367,0.0037206905139079,0.0037662343806326,0.0035208353304732,0.0032086551623529,0.0037258317727007,0.0032386495388083,0.0032959827874045,0.0035057245753937,0.003235554816119,0.0025802058462123,0.0026640018331642,0.0024371762277337,0,0,0,0,4.3955660211e-05,6.29215102982e-05,9.67327869365e-05,0.0001112306525649,9.45798277683e-05,8.92591444943e-05,0.0001725754479579,6.39115543795e-05,0.0001334089049828,0.0001313720692719,0.0002317114066309,0.0001172388125932,0.0001809125968821,0.0001555183755501,0.000168376104187,0.0001947346043734,0.0001464838791302,0.0001364563143668,0.0001496862461566,0.0001371644409342,0.0001858792688881,0.0001641002410582,0.0002413056386491,0.0001805346008257,0.0001538652986326,0.0002281742763461,0.0002511951317796,0.0001336080049145,0.0001701751887391,0.0001792284247469,0.0001057452801043,0.0001327490091264,0.0001470646553782,0.0001102905364446,0.0002730766958971,0.0001331005786502,7.63130604322e-05,8.03191662829e-05,6.21067021121e-05,0.0001268234514129,6.3731854793e-05,5.1697607905e-05,3.53207201534e-05,0,0,0,0,0,0,0,0,0,0,0,0,0,0,0,0,0,0,0,0
0.0001092597650915,0.002308112537558,0.0022671401256487,0.0022398251843759,0.0037284894837476,0.0042593549466304,0.0043268978945821,0.003972346769456,0.0035086360529813,0.0036077593648756,0.0033443749124663,0.0035927539392319,0.0030949731018568,0.0038903771903831,0.002735695441478,0.0041288737765169,0.0024851101534248,0.0027113807783929,0,0,0,0,4.49137164728e-05,5.77154702718e-05,0.0001162849758436,0.0001998537285748,0.0001547540353681,0.0001697073872005,0.0001696671996804,0.0001858512921901,0.0002693259599656,0.0002115229732927,0.0002182513387216,0.0001637289198749,0.0002300949967008,0.0002671285958141,8.61029754962e-05,0.0001006517848522,0.0002062684554216,0.0001559383614094,0.0002161291600475,0.0002176559281292,0.0001804161350066,0.0001347955722585,0.0001898740111684,0.0001253930608786,0.0001788287743684,0.0003384917788879,0.0003300354356101,0.0001267536066973,0.0001981567982036,9.26673800486e-05,0.0002578229926452,0.0001023342329553,0.000162065975214,0.0001318426283802,0.0001855901795771,0.0001204131125219,6.12779669634e-05,8.83033088926e-05,0.0001141014984545,9.80084781804e-05,2.62879556196e-05,5.83157111221e-05,4.2829072664e-05,0,0,0,0,0,0,0,0,0,0,0,0,0,0,0,0,0,0,0,0
0.000109679188374,0.0017731468787131,0.0044328671967827,0.0038204917283612,0.0024769216707796,0.0058298863335949,0.0069433211384049,0.0057048776758482,0.0056853272320532,0.0043353328106051,0.0046318872339412,0.0043827947130976,0.0044566952479971,0.0047637707578262,0.0050656759724377,0.0037532625077958,0.0044897276165709,0.004394033593402,0,0,0,0,8.49352593985e-05,6.22395804854e-05,6.2891998096e-05,0.0001294390021767,0.0001880233095736,0.0001271149553225,0.0003548602218132,0.0001743869030316,0.0002426402623827,0.0002848955545595,0.0002348070286256,0.0001535551079252,0.0003717037209616,0.0003311864148393,0.0001779357613507,0.0002268001960832,0.0002717274119651,0.0002790515289618,0.0004997742524431,0.0002284089376539,0.0002663162038834,0.0001906028941287,0.000431281670594,0.0001850327941552,0.0003300461595361,0.0003650291750661,0.000435011884444,0.0003196726589648,0.0002378977245966,0.0002543071439793,0.0002134041640843,0.0002680669733462,0.0001322995649672,0.0001125376139049,0.0002595277891624,0.0001205785593335,0.0001828828751612,0.0001257866307553,0.0001256186227377,8.44391751958e-05,2.00801544372e-05,0.0001119485903993,6.3914917462e-05,0,0,0,0,0,0,0,0,0,0,0,0,0,0,0,0,0,0,0,0
9.04159132007e-05,0.0055229053646775,0.0011980108499096,0.0036317058468957,0.0033453887884268,0.0037207870085811,0.0031820823727808,0.0031982200402333,0.0029436495348125,0.0031270887347362,0.0030591485451152,0.0024301231949541,0.0019056341019895,0.0024684340055606,0.0031535293621774,0.0024119186290406,0.0023638943279168,0.0023826433355445,0,0,0,0,8.81959907236e-05,6.6151458278e-05,0.0001088536762353,9.08142509306e-05,0.0001047184072523,9.18521762142e-05,0.0001386433236584,0.0001134738527341,0.0001464896934832,0.0001280420943123,0.0001752479448656,0.0001257666823765,0.0001226204138362,0.0001901083868676,7.41628668524e-05,9.40551087781e-05,0.000216134948701,0.0001038757988044,0.0001555461586803,0.0001578925583596,0.0001642522080297,0.0001037667260119,0.0001525349458146,0.0001083152103896,0.0001346296331894,0.0001713960690181,0.0001531661074481,0.0001381197552328,0.0001648702336721,0.0001336319151667,0.0001285296432894,0.0001155940722109,0.0001183304233857,7.95898193752e-05,0.000153660310145,0.0001585855980191,0.0001135201001134,6.76131585639e-05,2.83397589904e-05,0.0001972378010004,6.14983109277e-05,8.51988214563e-05,1.91404654961e-05,0,0,0,0,0,0,0,0,0,0,0,0,0,0,0,0,0,0,0,0
0.0002509741760782,0.0017370054818044,0.0031900138696255,0.0042104220328908,0.0042830724522819,0.0031057747879008,0.0028729722123046,0.0026061555371107,0.0027525283048975,0.0027641993590981,0.0031920407787284,0.0025619082182452,0.0026815407614952,0.003119657556941,0.0026070532124576,0.0017350030102255,0.0020103350472499,0.0022663729300924,0,0,0,0,6.11068818727e-05,7.19682196061e-05,5.10392663607e-05,6.96686958162e-05,0.0001010148450838,6.1106527652e-05,0.0001467836184964,0.000152519573697,0.0001218111443054,0.0001078844408814,0.0001176252505776,9.80875972756e-05,0.0002035377002683,0.0002222552774638,4.58189950795e-05,9.83542245333e-05,9.76104170087e-05,0.000101946996481,0.0001567686562928,0.000162509327321,0.000122708109173,0.0001297190693407,0.0002384938267937,0.0001180109960828,0.0001277138748486,0.0001578747705818,0.0001580252895133,0.0001358244291712,9.02785257568e-05,0.0001195167106572,0.0001582198197063,0.0001399105886786,0.0001227230647553,7.00582317148e-05,0.0001056835842479,8.17577246054e-05,0.0001193009242192,3.42528436879e-05,5.8124719709e-05,7.84055131185e-05,2.05122827043e-05,8.42862068941e-05,3.67284849603e-05,0,0,0,0,0,0,0,0,0,0,0,0,0,0,0,0,0,0,0,0
0.0005076741440378,0.0009799291617473,0.0006847697756789,0.0013695395513577,0.0025974025974026,0.0049734061987613,0.0045539010708419,0.004309782672798,0.0041458391392026,0.0037138437979845,0.0037731837777233,0.0035961123120027,0.0035971051177583,0.0038595583083759,0.0048950299793813,0.0049632981044756,0.0039767083385617,0.0036468682886724,0,0,0,0,0.0001205366596432,7.24920940311e-05,0.000130123242587,0.0001403684572361,0.0001738815354599,0.0001385770579353,0.0001709464414436,0.0001962956336025,0.0002440952103049,0.0002184541243534,0.0002089212879623,0.0001629110153999,0.0002427177518216,0.0003336987449015,0.0001067978290103,0.0001939164295449,0.0001674146866565,0.0001628843737328,0.0002534163614798,0.0002057200274586,0.0002168598494199,0.0002926135543113,0.0003143474383627,0.0001790451497842,0.0001881449745281,0.0001058532633204,0.0003307215390423,0.0002513978153329,0.0002324609249476,0.0001694806689387,0.0002620962130033,0.0001690428790155,0.0002214385812115,8.88412907938e-05,0.0002385621059152,0.0001599135761362,0.0001046146032771,0.0001059285927741,0.0001123681702734,8.88328371938e-05,3.78466375486e-05,8.94497250611e-05,2.06133498015e-05,0,0,0,0,0,0,0,0,0,0,0,0,0,0,0,0,0,0,0,0
0.0001649144506287,0.0031746031746032,0.0022332165189308,0.0026592455163884,0.0024874596303168,0.0044596230716579,0.004902490656153,0.0044000552847796,0.0039685860905224,0.0036774139287334,0.0041517484532953,0.0040133194974857,0.0037335035103458,0.0034322875100114,0.0038610008923921,0.0034842764758299,0.0042786325643165,0.0039386413064874,0,0,0,0,8.14445430289e-05,0.0001875648288179,9.44860349952e-05,0.0001825266148325,0.000102002160428,0.0001754665979398,0.0002800722095205,0.0001622126097247,0.0001559273095943,0.0001615519986694,0.0001555378716295,0.0001372363626498,0.0002385537720514,0.000299152954083,0.000135112393321,0.000175239402528,0.0002179262663109,0.0002257116675474,0.0002078676859018,0.0002737852143877,0.000208423089139,0.0002490743619395,0.0003270435668042,0.0001396839536901,0.0001644101496956,0.0002887251531322,0.0003179937204894,0.0002754868072636,0.0002609032546782,8.54131333522e-05,0.0002202953915859,0.0001236504798723,0.000161649759152,0.0001093615760003,0.0002490261553756,0.0001465815066056,9.45516376753e-05,0.0001319194909174,0.0001146652705393,0.0001146236837783,7.12671138736e-05,0.0001394973706846,4.24270499861e-05,0,0,0,0,0,0,0,0,0,0,0,0,0,0,0,0,0,0,0,0
0.0003012048192771,0.0034064830751578,0.006131669535284,0.0030263912794033,0.0039156626506024,0.0033181977646584,0.0039083555429147,0.0035810700021456,0.0032975885994716,0.0029029721295614,0.0032468469374528,0.0023994211072318,0.0019021008288578,0.0021088712092633,0.0032879162454084,0.002121460495871,0.001722450358622,0.0021701558311018,0,0,0,0,7.68976867166e-05,0.000111403891349,3.95168131222e-05,0.0001516096646857,0.0001043980883814,0.0001231080940927,0.000262911353627,0.0001597431898095,0.0001526233086552,0.0001516412970404,9.45576065237e-05,0.0001439904733789,0.0001997388692877,0.0002587031917374,0.0001012982487961,4.81688929041e-05,0.0001709190977627,0.0001433267631813,0.0002782691478907,0.0001724428666923,0.000115699703051,9.98375546727e-05,0.0002508274929528,0.0001314633814866,0.0001474840563742,0.0002290597564404,0.0002875186105929,0.0001420579543489,0.0001710935244619,0.000135022768829,0.0002036020317978,0.00011414724208,0.0001559225986497,7.33556363298e-05,0.0001000868036778,0.0001019004043628,0.0001004351967925,4.28736535094e-05,9.17438514144e-05,9.52925866236e-05,4.42329903618e-05,0.0001541152070205,5.30797952855e-05,0,0,0,0,0,0,0,0,0,0,0,0,0,0,0,0,0,0,0,0
0.0003815628815629,0.0032127594627595,0.0031364468864469,0.0070856227106227,0.0061011904761905,0.0039352565628053,0.0037691493847713,0.0036113956159541,0.0036147417870276,0.0024688064334727,0.002754643348828,0.0026037803014666,0.0023360867039264,0.0033220762246616,0.0038938501630301,0.0034897947132691,0.0033614619085878,0.0031700163924892,0,0,0,0,0.000136383195707,0.0001246896939387,0.0001163900930477,0.0001718551756298,0.0001235528768168,0.0001671938021503,0.0002163604282655,0.000194683829661,0.0002531830338576,0.0001461639408827,0.0001419815609172,0.0001737983061662,0.0001692940970889,0.0003033361702619,7.83017077993e-05,8.00560478269e-05,0.0002168097237077,0.000153239449976,0.0001368635443722,0.0002080806377922,0.0001568120729567,0.0001660833420841,0.000198629350184,0.0001669839546166,0.000104312206844,0.0002253827878098,0.0002897531338013,0.0001820610580813,0.0002113789331563,9.39037518918e-05,0.000147912426887,0.0001192178544285,0.0001175631600591,0.0001105413382645,0.0001584641352404,0.0001631222807632,0.0001580490216377,4.88225857437e-05,0.0001480888473256,0.0001508513473766,7.39291295057e-05,0.0001042486848331,5.32857330275e-05,0,0,0,0,0,0,0,0,0,0,0,0,0,0,0,0,0,0,0,0
0.0013059701492537,0.0052905117270789,0.0058679815209666,0.0051261549395878,0.0069296375266525,0.0037037396893469,0.0033233690733403,0.0033454196236056,0.0026402033084536,0.0028372880066127,0.0032132394148029,0.0022924275831385,0.0025723445264419,0.0029741690436894,0.0024375918887909,0.0014811188460824,0.0018787101169634,0.0019438375127486,0,0,0,0,6.91251682946e-05,0.0001062920368557,0.0001193544255465,0.0001246057256018,0.0001306677636199,0.0001095278009077,0.0001681808083715,0.0001235032076965,0.0002164509379401,0.0002251091413443,0.0001817711660709,0.0001485136832913,0.0001948671777459,0.0001945457274321,8.53555073861e-05,0.0001506067394165,0.000215602321651,0.0001948090106663,0.0001353343517842,0.0001645913153553,0.0001922692989355,9.04198503086e-05,0.0002471903395769,0.0001575659895249,0.000160767814149,0.0001912981431117,0.0001104315324871,0.0001672670121315,0.0001093207857844,0.0001315219343865,0.0002302158858978,0.0001577027792761,0.0001089308535626,0.0001103133145781,0.0002164495532402,0.0001400600165049,8.99490984781e-05,4.98107398347e-05,0.0001198620390857,0.0001210828631074,2.20913300026e-05,0.0001284478861276,2.30098880602e-05,0,0,0,0,0,0,0,0,0,0,0,0,0,0,0,0,0,0,0,0
0.0007532956685499,0.0038068334678504,0.005766298986638,0.005039906734822,0.0061563985292799,0.0037203358090295,0.0040681642347696,0.0041333207627047,0.0034513607493013,0.0034913776010661,0.0046376236076255,0.0040444780270357,0.0043662333527757,0.0047794014450375,0.0040029669030901,0.0040342945660728,0.0026234756254035,0.0026796050213154,0,0,0,0,0.0001222869486501,0.0001423762025679,0.0001248532566177,0.0001119977903968,0.0001637689195559,0.000136868324037,0.0001913268769321,0.000236623711826,0.0003058423636641,0.0002365626204682,0.000141089076719,0.0001605541845295,0.0001704783570866,0.0002421775788373,7.09252291842e-05,0.0001351574407101,0.0002987546406966,0.0002005444796575,0.0001955785423519,0.0002678763637396,0.0001145076008662,0.000253938653773,0.000209385253273,0.0001529769012409,0.0002148333145164,0.000298621862273,0.0002875041551206,0.0002545983975777,0.0001738179931779,0.0002323836437688,0.0001615217532286,0.000176404916513,0.0001614616156189,0.0001344718508478,0.0001678792039172,0.0001382078633736,0.0001772034217821,5.57053976946e-05,0.0001263184133308,8.39529347445e-05,7.7409367241e-05,0.0002117517006354,2.01749826294e-05,0,0,0,0,0,0,0,0,0,0,0,0,0,0,0,0,0,0,0,0
0.0012778505897772,0.0019659239842726,0.0015508955875928,0.0028669724770642,0.0031509392747925,0.0040394937017623,0.0043738081209705,0.0041390379478591,0.0036999443960225,0.0034915103965107,0.0034635371804373,0.0026501554349876,0.0026586864555392,0.0032407997300898,0.0035941602989029,0.0028118657714764,0.0032873773115903,0.0031126300332756,0,0,0,0,9.0981120663e-05,8.21056802607e-05,6.84240460941e-05,0.0001299175457401,0.0001489955263771,0.0001318268261123,0.0002191590364368,0.0001194632803345,0.0001145620259546,0.0001949188382429,0.0001584603982854,8.23651527245e-05,0.0001810043477891,0.0002888216972848,6.59914633863e-05,9.50195567274e-05,0.0002545435055137,0.0001925748389376,0.0002336464195348,0.0001583031805883,0.0001750703675406,0.0001227541372377,0.0003203277364986,0.000167558379902,0.0002313659046727,0.0002345663802853,0.0001965361985126,0.000173838919131,0.0001706237182647,0.0001938731414954,0.0002148417675881,0.0001167607883705,0.0001713870806628,0.0001079222424323,0.0001722573236133,6.5682218291e-05,9.6192501904e-05,7.5120840586e-05,0.0002053227209486,0.0001197809398989,5.10009419699e-05,0.0001477865320877,9.3615427823e-06,0,0,0,0,0,0,0,0,0,0,0,0,0,0,0,0,0,0,0,0
2.86861732645e-05,0.0013769363166954,0.0034423407917384,0.0013482501434309,0.0015490533562823,0.0035099862067528,0.0036670186802012,0.0033924208762317,0.0031865596153793,0.003125839794386,0.0033902597409145,0.0030059058967809,0.003243376500231,0.0033877739039998,0.0040197572021552,0.0030973142048396,0.0037944226317301,0.0034440617010478,0,0,0,0,7.62227349565e-05,7.3574949898e-05,4.75000010458e-05,7.10788440051e-05,0.0001112988852515,9.49954161109e-05,0.0001552129104251,0.000152405897168,0.0002652792405674,0.0001467558417498,0.0002224749490752,0.0002300158099886,0.0001184373173908,0.0002884231872863,7.00476980613e-05,0.000115727333978,0.0001579238607599,0.0001810288347308,0.0002611215625668,0.0002491449685722,0.0001698035679568,0.0001702018173432,0.0001384097858392,0.0001501703365056,0.0001776773688526,0.0002690167502669,0.000224946351591,0.0002078967981996,0.0001473080559777,0.0001172428464047,0.0001721608793045,0.000150049733271,9.60264373851e-05,7.14417246467e-05,0.0001916263083615,0.000225368848606,4.01190112584e-05,8.07558744188e-05,8.10871692957e-05,8.63268073837e-05,4.74927735549e-05,8.13636685178e-05,3.78048323168e-05,0,0,0,0,0,0,0,0,0,0,0,0,0,0,0,0,0,0,0,0
0.0008118008118008,0.0023710523710524,0.0073656073656074,0.0047470547470547,0.0028215028215028,0.0025605109292775,0.0025303093040309,0.002270018134822,0.0019842785909656,0.0017712317308076,0.0019650184042569,0.0022366212592319,0.0022619116940318,0.0028397495203966,0.0022431441021553,0.0015736346368509,0.0017250131560728,0.0015540619717549,0,0,0,0,7.30821566976e-05,5.00298108509e-05,9.42557226128e-05,0.0001431575420172,7.06339369354e-05,9.29813786181e-05,0.000103639723062,0.0001060361968735,0.0002037777785214,8.06584316131e-05,0.0001021216908836,8.0550952317e-05,0.000140709006831,0.0001907741848575,4.2625042625e-05,5.48867593224e-05,0.0001362732887861,0.0001275451436619,8.35224554337e-05,0.0001139898920492,0.0001318441963735,0.0001433548745174,0.0001218962512359,0.0001045753967674,0.0001050145219675,0.0001117442430982,0.0001575625201002,0.0001012643295696,0.0001434049793701,0.0001229271031473,0.0001484502137218,9.78255669448e-05,7.39666920459e-05,3.32041200414e-05,0.00011273210009,0.0001268605508431,4.16898428129e-05,4.27912280909e-05,4.76224614156e-05,8.08899649329e-05,4.29886955046e-05,7.11816744449e-05,8.4857227714e-06,0,0,0,0,0,0,0,0,0,0,0,0,0,0,0,0,0,0,0,0
0.0018037518037518,0.0004088504088504,0.0007455507455507,0.0012385762385762,0.0020562770562771,0.0046298496670476,0.004707818879251,0.0043886699193619,0.0038179959655474,0.0038123591801471,0.0037245374179669,0.0030232410289803,0.0032058354374661,0.0031519247667957,0.0030926537309186,0.0020990650624143,0.0028001393074896,0.0022093252085723,0,0,0,0,0.00010639705516,0.0001056189511879,0.0001229902874699,7.99493174419e-05,8.20884377093e-05,0.0001586040501796,0.0002130958093401,0.0001179224365116,0.0002339830073548,0.0001902286474342,0.0002292144072836,0.0001674521120849,0.0001907991370303,0.0002799707153315,0.0001229374123024,0.0001439386160298,0.0001607604569265,0.0002027744964702,0.0001981852765075,0.0001211130394639,0.0002643419194291,0.0001634068416142,0.0002276329598546,0.000163490430996,0.0001282792327319,0.0002429799226914,0.0002905305146049,0.0001118815448519,0.0001664673743939,0.0001953147483783,0.0001500738338048,0.0001264380355141,0.0001606563999394,9.12864312176e-05,8.0141589231e-05,9.77510631514e-05,4.70241409726e-05,6.56457676881e-05,6.85075838819e-05,0.0001322183908403,6.30516733653e-05,1.97815729864e-05,3.77097727328e-05,0,0,0,0,0,0,0,0,0,0,0,0,0,0,0,0,0,0,0,0
5.03018108652e-05,0.0011066398390342,0.0012826961770624,0.005658953722334,0.0019617706237425,0.0026774431867158,0.0023687139036102,0.0024069219029266,0.0021235127807438,0.001915626384036,0.0020601398200104,0.0024544119549132,0.0025502225294919,0.003121777025819,0.0048733183235385,0.0025859746225577,0.0026692378849172,0.0023656009685078,0,0,0,0,8.12706041034e-05,5.5845003915e-05,6.76352472176e-05,5.79982789847e-05,9.36773162803e-05,0.0001282224484214,0.0001005072748803,0.0001433332431322,0.0001510428681715,0.0001072602922704,0.000179862202014,0.0001170070082723,0.0001048021865592,0.0001848047865649,6.73190904752e-05,0.0001697274438187,0.0001381606405487,0.0001007593347974,0.0001795356158096,0.0002409337256259,0.0001347409026829,0.0001108733412834,0.0001106011081211,0.0001764543977959,0.0001037804919727,0.000170330481624,0.0001788397607001,0.0001191230079171,0.0001792047591483,0.0001321693113497,0.000129204886358,5.04180408008e-05,0.0001975945186722,0.0001074294453442,0.0001022255836478,9.23144216047e-05,8.35386517646e-05,6.08830934549e-05,8.07511311422e-05,5.89906144665e-05,7.86890532938e-05,9.75870207927e-05,3.70625512606e-05,0,0,0,0,0,0,0,0,0,0,0,0,0,0,0,0,0,0,0,0
0.0003918022905365,0.003400642957605,0.0033202732569821,0.0048472975688166,0.0052190074341973,0.0020552852152772,0.0019492542556515,0.0019138161681357,0.0018330113672951,0.0015700133076014,0.0023730005778864,0.0020655872628625,0.0019726716273597,0.0015645454706891,0.0020255316764889,0.0013003928608382,0.0017477209951106,0.0018253276971946,0,0,0,0,0.0001043597989051,0.0001019299470879,4.33090935107e-05,9.39028701445e-05,0.0001192516481846,0.0001279297800779,0.0001751751676001,5.80738425217e-05,0.0001845607534079,0.0001514313818125,0.0001471807313292,8.40047315317e-05,0.0001911842188798,0.0001562932148388,3.25957419396e-05,0.0001314843645434,0.0001039750518029,0.0001135723973783,0.0002293667955512,0.0001725554497101,9.25738602289e-05,6.76126091178e-05,0.0002010168311371,0.0001513601334845,0.0001814682834642,0.0001335270780225,0.0001382368879937,0.0001406940309499,0.0002080645348142,0.0001017145923719,0.0001985126940218,8.84808667303e-05,4.21503536005e-05,4.2305515597e-05,5.89289867884e-05,0.0001001053886125,6.02772754671e-05,2.86121894186e-05,0.0001878479831381,3.39955500371e-05,1.99672592285e-05,0.0001311964080867,0.000107533826107,0,0,0,0,0,0,0,0,0,0,0,0,0,0,0,0,0,0,0,0
0.0001060820367751,0.0023455917020273,0.0025931164545026,0.001049033474776,0.000978312116926,0.0021396440969196,0.0021799074495585,0.0022310708153516,0.0020765032164765,0.0017552832674955,0.0021445111967462,0.0017146570258672,0.001512342829191,0.0018328021934332,0.0025345451687705,0.0017430356457215,0.0023496838317855,0.002089622092607,0,0,0,0,5.31356527013e-05,2.51641379532e-05,2.42485422719e-05,1.06691703653e-05,7.65228701447e-05,0.000103788325901,8.86920148735e-05,6.09541291179e-05,7.22501974204e-05,9.63564792344e-05,7.40637886941e-05,0.0001283754296598,4.67295247782e-05,0.0001754711194091,2.357378595e-05,0.000109481015539,0.0002714993503562,5.68758930534e-05,0.0001000155847137,0.000160599610048,0.0001143156450809,0.0001143134419575,0.0001622149371869,0.0001057710797336,6.11294561856e-05,0.000158630689674,0.0002262876415984,7.04656087382e-05,7.54091423369e-05,6.60855360183e-05,7.321674796e-05,8.10710061769e-05,9.95456075757e-05,5.09469819597e-05,9.65187772443e-05,8.55980125802e-05,3.35697469911e-05,5.89344648751e-05,0.0001079605936834,3.32826952093e-05,3.86900807114e-05,3.50800106472e-05,4.54637300465e-05,0,0,0,0,0,0,0,0,0,0,0,0,0,0,0,0,0,0,0,0
0.0001904761904762,0.0020952380952381,0.0047142857142857,0.0047142857142857,0.0063809523809524,0.0022064210724084,0.0023482208839157,0.0024843004602438,0.0022019946476302,0.0019582476572818,0.0029844158807061,0.0023308587176049,0.0024430061965801,0.0019517809048398,0.0022353826124917,0.0013143956203746,0.0016519724783755,0.0014464921710352,0,0,0,0,8.31486894317e-05,0.0001278008576102,4.90563632187e-05,0.0001818245713676,0.0001326502333764,0.0001999174053137,0.0001242522897942,0.0001349944767676,7.09368333362e-05,7.89172782693e-05,0.0001132058207247,0.0001162950646196,0.000172256285241,0.0002763779694543,4.01317759808e-05,8.08023949647e-05,0.0001770384855029,0.0001028093712853,0.0002015794917366,0.0001826163737778,7.93585638099e-05,0.0001326112970926,0.0001454384498807,3.98016170709e-05,9.31287175783e-05,0.0001510727622565,0.0001765845166306,0.0001353731496426,0.0002053498682915,0.0001427690065554,0.0001490557277303,0.0001989349029636,8.97364673539e-05,5.09031198686e-05,9.04300107241e-05,0.0001019258721972,0.0001978665422388,9.69246218846e-05,0.0001750020739935,0.0001135751337875,5.59230498834e-05,0.0001081771071361,8.18291020414e-05,0,0,0,0,0,0,0,0,0,0,0,0,0,0,0,0,0,0,0,0
3.37723741979e-05,0.0011032308904649,0.0038387932004953,0.0030507711358775,0.0031183158842733,0.0038653377913133,0.0036402695125636,0.0031092782902551,0.0030096316636637,0.003202815452589,0.0036629028259914,0.0025744871176935,0.0015934115027747,0.0022690259481177,0.0025520512637047,0.002427215011344,0.0017904283569693,0.0018895529989886,0,0,0,0,0.000121119749269,7.64279418137e-05,0.0001549496345663,0.0001428438561158,6.18545478211e-05,5.17782547066e-05,0.00012951299148,0.0001570412387515,8.62300627429e-05,9.57471714391e-05,0.0001746615814953,0.0001324465729742,9.71960950079e-05,0.0002900530978383,3.29843521333e-05,3.6443609965e-05,0.0002183005508864,5.18647175182e-05,5.11103908151e-05,0.0001357572650156,0.000172395944592,0.0001211783311781,0.0001040019155485,0.0002946909934569,0.000133641548365,0.000127054057925,0.0001877877372539,0.000149584580421,0.0002225324840733,0.0001534288761833,0.0001053877265942,0.0001234621508178,0.0001016329789056,9.19812603611e-05,0.0001856683786267,7.92119834917e-05,3.80943042969e-05,3.17877278122e-05,0.0001208246104122,0.000212870744443,0.000126847017343,6.66192714518e-05,2.91567375893e-05,0,0,0,0,0,0,0,0,0,0,0,0,0,0,0,0,0,0,0,0
0.0013998250218723,0.0013123359580052,0.0028871391076115,0.0017497812773403,0.0031496062992126,0.0018826272711819,0.0020771221939453,0.0020955981014775,0.0019569070576355,0.00191784972902,0.0020421468409985,0.0015765232138797,0.0017228825602015,0.0023046235149605,0.0020830744484837,0.00166510371656,0.0011427710292194,0.0007698603065366,0,0,0,0,9.12769594025e-05,5.96336595465e-05,8.06776078696e-05,2.08307294921e-05,5.97635554594e-05,5.77082608837e-05,5.50074062401e-05,0.0001140594534569,4.15773041507e-05,4.83328738613e-05,6.38385114141e-05,6.2576233318e-05,3.52565218965e-05,0.0001556243390162,8.62467949082e-05,2.09140524101e-05,0.0001402800616076,6.08974914818e-05,5.04422593109e-05,0.0001532971709676,9.61832454224e-05,3.60855663755e-05,2.7458688876e-05,0.0001020129462107,3.88172069024e-05,6.00976790469e-05,0.0001296275850772,7.70884661423e-05,0.000121080779033,3.10786164867e-05,0.000107885496076,5.83632826742e-05,6.20771685836e-05,5.42718176842e-05,9.83010340656e-05,0.0001173107146217,2.48411571504e-05,4.10257023816e-05,6.60508463189e-05,0.0001408301531131,2.86849389728e-05,1.51715139654e-05,1.70433241299e-05,0,0,0,0,0,0,0,0,0,0,0,0,0,0,0,0,0,0,0,0
0.0006821106821107,0.0038803088803089,0.0062097812097812,0.006036036036036,0.0086743886743887,0.0018736996069635,0.001763051373181,0.0016031412187881,0.0014734695382811,0.0014432380044888,0.0024035652338747,0.0021564528258134,0.002293779487725,0.0018219380677087,0.0031754650384417,0.0021947711405577,0.0028811508668386,0.0035281845261303,0,0,0,0,5.26458836697e-05,0.0002284051601586,7.77343602174e-05,3.3445570153e-05,0.0001274598094568,4.41264665282e-05,0.0002153267677777,0.0001342519215462,4.80994448882e-05,0.0001137662069909,5.20049489764e-05,7.2290354298e-05,0.0001366800029039,0.0002680609638272,4.8438048438e-05,3.52785786312e-05,0.0001155236564132,0.000135173036758,0.0002214516539953,0.000153139771125,8.03408771497e-05,8.24300457213e-05,0.0001576357178325,0.0001455287977308,0.0001642442031639,0.0001462623882756,0.000261274805093,0.0002765743174639,0.0001758139982051,0.0001860758566605,0.0003038923055065,0.0001741484540277,0.0001095110997889,9.25361767783e-05,3.17574441998e-05,0.0001498092643521,0.0001680732363056,3.83035791931e-05,0.0001315667519223,7.6162031957e-05,1.56225589752e-05,6.21310966139e-05,2.19294343718e-05,0,0,0,0,0,0,0,0,0,0,0,0,0,0,0,0,0,0,0,0
0.0002637362637363,0.0022197802197802,0.0037728937728938,0.0021538461538462,0.0087326007326007,0.0007697717903633,0.0006711238944804,0.0006589571155283,0.0004944836998153,0.000327554962683,0.0007214794577567,0.0008341559080636,0.000818725889017,0.0010411885068013,0.0011802484396546,0.0009693617743551,0.0011645820200916,0.0011759286232832,0,0,0,0,1.29827977929e-05,6.39360639361e-05,0,3.77966935746e-05,5.09314131784e-05,0.000208211143695,8.20565811524e-05,3.29628177729e-05,5.63629918469e-05,4.3956043956e-05,0.0001258607032976,9.48874571344e-05,6.93457896398e-05,0.0001150193989254,3.996003996e-05,4.3956043956e-05,7.64949336378e-05,7.64949336378e-05,0.0001133018335958,6.49258575526e-05,6.24905048868e-05,6.89218615486e-05,0.0001024605292236,3.72208436725e-05,8.14807312503e-05,3.83725434767e-05,9.04675250472e-05,0.0001084461048295,0.0001023086074127,3.79486153855e-05,3.29628177729e-05,1.25588697017e-05,5.79286353655e-05,1.25588697017e-05,6.89218615486e-05,6.47739357417e-05,0.0001568339494607,5.65149136578e-05,0.0001133018335958,3.79486153855e-05,1.998001998e-05,2.49658175925e-05,0,0,0,0,0,0,0,0,0,0,0,0,0,0,0,0,0,0,0,0,0
0,0,0,0,0,0,0,0,0,0,0,0,0,0,0,0,0,0,0,0,0,0,0,0,0,0,0,0,0,0,0,0,0,0,0,0,0,0,0,0,0,0,0,0,0,0,0,0,0,0,0,0,0,0,0,0,0,0,0,0,0,0,0,0,0,0,0,0,0,0,0,0,0,0,0,0,0,0,0,0,0,0,0,0,0
0,0,0,0,0,0,0,0,0,0,0,0,0,0,0,0,0,0,0,0,0,0,0,0,0,0,0,0,0,0,0,0,0,0,0,0,0,0,0,0,0,0,0,0,0,0,0,0,0,0,0,0,0,0,0,0,0,0,0,0,0,0,0,0,0,0,0,0,0,0,0,0,0,0,0,0,0,0,0,0,0,0,0,0,0
0,0,0,0,0,0,0,0,0,0,0,0,0,0,0,0,0,0,0,0,0,0,0,0,0,0,0,0,0,0,0,0,0,0,0,0,0,0,0,0,0,0,0,0,0,0,0,0,0,0,0,0,0,0,0,0,0,0,0,0,0,0,0,0,0,0,0,0,0,0,0,0,0,0,0,0,0,0,0,0,0,0,0,0,0
0,0,0,0,0,0,0,0,0,0,0,0,0,0,0,0,0,0,0,0,0,0,0,0,0,0,0,0,0,0,0,0,0,0,0,0,0,0,0,0,0,0,0,0,0,0,0,0,0,0,0,0,0,0,0,0,0,0,0,0,0,0,0,0,0,0,0,0,0,0,0,0,0,0,0,0,0,0,0,0,0,0,0,0,0
0,0,0,0,0,0,0,0,0,0,0,0,0,0,0,0,0,0,0,0,0,0,0,0,0,0,0,0,0,0,0,0,0,0,0,0,0,0,0,0,0,0,0,0,0,0,0,0,0,0,0,0,0,0,0,0,0,0,0,0,0,0,0,0,0,0,0,0,0,0,0,0,0,0,0,0,0,0,0,0,0,0,0,0,0
0,0,0,0,0,0,0,0,0,0,0,0,0,0,0,0,0,0,0,0,0,0,0,0,0,0,0,0,0,0,0,0,0,0,0,0,0,0,0,0,0,0,0,0,0,0,0,0,0,0,0,0,0,0,0,0,0,0,0,0,0,0,0,0,0,0,0,0,0,0,0,0,0,0,0,0,0,0,0,0,0,0,0,0,0
0,0,0,0,0,0,0,0,0,0,0,0,0,0,0,0,0,0,0,0,0,0,0,0,0,0,0,0,0,0,0,0,0,0,0,0,0,0,0,0,0,0,0,0,0,0,0,0,0,0,0,0,0,0,0,0,0,0,0,0,0,0,0,0,0,0,0,0,0,0,0,0,0,0,0,0,0,0,0,0,0,0,0,0,0
0,0,0,0,0,0,0,0,0,0,0,0,0,0,0,0,0,0,0,0,0,0,0,0,0,0,0,0,0,0,0,0,0,0,0,0,0,0,0,0,0,0,0,0,0,0,0,0,0,0,0,0,0,0,0,0,0,0,0,0,0,0,0,0,0,0,0,0,0,0,0,0,0,0,0,0,0,0,0,0,0,0,0,0,0
0,0,0,0,0,0,0,0,0,0,0,0,0,0,0,0,0,0,0,0,0,0,0,0,0,0,0,0,0,0,0,0,0,0,0,0,0,0,0,0,0,0,0,0,0,0,0,0,0,0,0,0,0,0,0,0,0,0,0,0,0,0,0,0,0,0,0,0,0,0,0,0,0,0,0,0,0,0,0,0,0,0,0,0,0
0,0,0,0,0,0,0,0,0,0,0,0,0,0,0,0,0,0,0,0,0,0,0,0,0,0,0,0,0,0,0,0,0,0,0,0,0,0,0,0,0,0,0,0,0,0,0,0,0,0,0,0,0,0,0,0,0,0,0,0,0,0,0,0,0,0,0,0,0,0,0,0,0,0,0,0,0,0,0,0,0,0,0,0,0
0,0,0,0,0,0,0,0,0,0,0,0,0,0,0,0,0,0,0,0,0,0,0,0,0,0,0,0,0,0,0,0,0,0,0,0,0,0,0,0,0,0,0,0,0,0,0,0,0,0,0,0,0,0,0,0,0,0,0,0,0,0,0,0,0,0,0,0,0,0,0,0,0,0,0,0,0,0,0,0,0,0,0,0,0
0,0,0,0,0,0,0,0,0,0,0,0,0,0,0,0,0,0,0,0,0,0,0,0,0,0,0,0,0,0,0,0,0,0,0,0,0,0,0,0,0,0,0,0,0,0,0,0,0,0,0,0,0,0,0,0,0,0,0,0,0,0,0,0,0,0,0,0,0,0,0,0,0,0,0,0,0,0,0,0,0,0,0,0,0
0,0,0,0,0,0,0,0,0,0,0,0,0,0,0,0,0,0,0,0,0,0,0,0,0,0,0,0,0,0,0,0,0,0,0,0,0,0,0,0,0,0,0,0,0,0,0,0,0,0,0,0,0,0,0,0,0,0,0,0,0,0,0,0,0,0,0,0,0,0,0,0,0,0,0,0,0,0,0,0,0,0,0,0,0
0,0,0,0,0,0,0,0,0,0,0,0,0,0,0,0,0,0,0,0,0,0,0,0,0,0,0,0,0,0,0,0,0,0,0,0,0,0,0,0,0,0,0,0,0,0,0,0,0,0,0,0,0,0,0,0,0,0,0,0,0,0,0,0,0,0,0,0,0,0,0,0,0,0,0,0,0,0,0,0,0,0,0,0,0
0,0,0,0,0,0,0,0,0,0,0,0,0,0,0,0,0,0,0,0,0,0,0,0,0,0,0,0,0,0,0,0,0,0,0,0,0,0,0,0,0,0,0,0,0,0,0,0,0,0,0,0,0,0,0,0,0,0,0,0,0,0,0,0,0,0,0,0,0,0,0,0,0,0,0,0,0,0,0,0,0,0,0,0,0
0,0,0,0,0,0,0,0,0,0,0,0,0,0,0,0,0,0,0,0,0,0,0,0,0,0,0,0,0,0,0,0,0,0,0,0,0,0,0,0,0,0,0,0,0,0,0,0,0,0,0,0,0,0,0,0,0,0,0,0,0,0,0,0,0,0,0,0,0,0,0,0,0,0,0,0,0,0,0,0,0,0,0,0,0
0,0,0,0,0,0,0,0,0,0,0,0,0,0,0,0,0,0,0,0,0,0,0,0,0,0,0,0,0,0,0,0,0,0,0,0,0,0,0,0,0,0,0,0,0,0,0,0,0,0,0,0,0,0,0,0,0,0,0,0,0,0,0,0,0,0,0,0,0,0,0,0,0,0,0,0,0,0,0,0,0,0,0,0,0
0,0,0,0,0,0,0,0,0,0,0,0,0,0,0,0,0,0,0,0,0,0,0,0,0,0,0,0,0,0,0,0,0,0,0,0,0,0,0,0,0,0,0,0,0,0,0,0,0,0,0,0,0,0,0,0,0,0,0,0,0,0,0,0,0,0,0,0,0,0,0,0,0,0,0,0,0,0,0,0,0,0,0,0,0
0,0,0,0,0,0,0,0,0,0,0,0,0,0,0,0,0,0,0,0,0,0,0,0,0,0,0,0,0,0,0,0,0,0,0,0,0,0,0,0,0,0,0,0,0,0,0,0,0,0,0,0,0,0,0,0,0,0,0,0,0,0,0,0,0,0,0,0,0,0,0,0,0,0,0,0,0,0,0,0,0,0,0,0,0
0,0,0,0,0,0,0,0,0,0,0,0,0,0,0,0,0,0,0,0,0,0,0,0,0,0,0,0,0,0,0,0,0,0,0,0,0,0,0,0,0,0,0,0,0,0,0,0,0,0,0,0,0,0,0,0,0,0,0,0,0,0,0,0,0,0,0,0,0,0,0,0,0,0,0,0,0,0,0,0,0,0,0,0,0
