0.0013628754840596,0.0073370316085395,0.013055542206791,0.0137020896155956,0.0146564428479322,0,0,0,0,0,0,0,0,0,0,0,0,0,0,0,0,0,0.0001161342511944,0.0002929886949313,8.94033502729e-05,0.000109226265563,0.0005185494431563,0.0004477175615011,0.0005141944087365,0.0003916026927128,0.0006868439916544,0.0004636359631734,0.0003528579037367,0.0003382410066036,0.0003447485292999,0.000550386246501,0.0003906015353749,0.0004348026318424,0.0005102398372519,0.0003067045504603,0.0006254229889753,0.0005073865388389,0.0003630697085831,0.000427894646211,0.0005567936534634,0.000433100664368,0.0004592809287536,0.0004853610774055,0.0004765508928321,0.0005089883905795,0.0005457308648798,0.0003693769998118,0.0006510025589582,0.0003973092895387,0.0004423613697434,0.0004164814525592,0.0003772861427811,0.0003878483526957,0.00038439435988,0.000504032661757,0.0002885836026447,0.000290335627986,0.0002344710485321,0.0001201889384128,0.0001063229092831,0.0001777554853411,0.0001124800269111,8.48480843855e-05,7.08318816552e-05,3.00347201365e-05,2.80324054607e-05,0,0,0,0,0,0,0,0,0,0,0,0,0,0
0.0071407065728935,0.038623481798909,0.0665297137933951,0.0698571976692243,0.0714160028512179,0,0,0,0,0,0,0,0,0,0,0,0,0,0,0,0,0,0.0007150888721298,0.0007954742542672,0.0006833244665821,0.0006141443195304,0.00215739750133,0.0018484253234415,0.0023133938610902,0.0021115047558915,0.0027908343125734,0.0021763489641491,0.0020223013409256,0.0018991899102217,0.0023091066407095,0.0020801788160646,0.0017739348693275,0.0018942206320532,0.0019631571870378,0.0019777510584346,0.0021861413652458,0.0019108823294417,0.002093673816581,0.0020114858531471,0.0026088710384622,0.0023280093851152,0.0024139973847956,0.0029514589216082,0.002602878673612,0.0025938170487165,0.0020306321896199,0.0023713200546426,0.0024720697335882,0.0024789660956652,0.0025001315397162,0.002135181904812,0.0020905558381224,0.0022748088776642,0.0021508962997174,0.001665487681062,0.0009154677065125,0.0011903153423811,0.0010164122591118,0.0011068336344131,0.0013137407361937,0.0004773917330699,0.0005098869148188,0.0004545427971774,0.0005595309780904,0.0003333801030102,0.0001442065037133,0,0,0,0,0,0,0,0,0,0,0,0,0,0
0.0126543039160031,0.0662579821200508,0.112645360167812,0.121668006342029,0.124613189629565,0,0,0,0,0,0,0,0,0,0,0,0,0,0,0,0,0,0.0012289486324799,0.0012551491244669,0.0010312804762667,0.0009880011450585,0.0034088780852292,0.0040123142312339,0.0031718121521763,0.0040534101881098,0.0036719504325507,0.0038720930796738,0.0038423506693255,0.0026696845751881,0.0032145092502293,0.0037189172404089,0.0027538172661242,0.003540656856038,0.0032921403375982,0.0037771782932698,0.003635997535213,0.0037482229758907,0.0038873281805699,0.0038969350276318,0.0035505063002479,0.0041687893917119,0.0050464573538474,0.0041526324216533,0.0054986584377714,0.0044691731804001,0.0043424404302703,0.0039447266657933,0.0040310912504913,0.0041888171340436,0.0040623862825869,0.0036852932756923,0.0035194053458708,0.003410382187547,0.0037732967389013,0.0029921447043469,0.0019258817193345,0.0024111137527245,0.0017458261160682,0.0019334992697826,0.0019537318719281,0.0009013939632126,0.0010875630146092,0.0008782501952907,0.0006803394419295,0.000419110832933,0.0002539992139852,0,0,0,0,0,0,0,0,0,0,0,0,0,0
0.0130743819969259,0.0684896155910647,0.119775339444875,0.128740060571959,0.131412217414974,0,0,0,0,0,0,0,0,0,0,0,0,0,0,0,0,0,0.001397450704481,0.0014227659751299,0.0013793001330723,0.0010341526883384,0.0039252521257663,0.0039866297159245,0.0036017420727379,0.0039679059685766,0.0037038629192424,0.003575949155473,0.0033463921918152,0.0036754429455894,0.0037399730034133,0.0036138265321232,0.0034356165796872,0.0034628902014618,0.0034782226578359,0.0038808999838768,0.0043291023396087,0.0040596618835135,0.0041520865037127,0.0033693669940457,0.004208783157034,0.0050833541109611,0.005096919274856,0.0047559273556815,0.0051230465447521,0.0047490014797492,0.004034537671511,0.0040599962361447,0.0044689095041168,0.0038978086740838,0.0043061753020398,0.0040035384061315,0.0038318244476733,0.0037219179613278,0.00351210903165,0.0033635397053303,0.0023196907906867,0.002041148512964,0.0024711525326257,0.0018923403633362,0.0024492763176121,0.0007967145555164,0.0008194027697772,0.0009301690200315,0.0008245135885686,0.0004292610138145,0.000140905751725,0,0,0,0,0,0,0,0,0,0,0,0,0,0
0.0142969451931716,0.0715796244210926,0.125410915573959,0.134343312021737,0.133241153083237,0,0,0,0,0,0,0,0,0,0,0,0,0,0,0,0,0,0.0015760381264893,0.0011535118559319,0.0014500566428376,0.0012138169459745,0.0035675709988671,0.0043134497441306,0.0038558635102934,0.0044983202468846,0.0043063205593969,0.0036336868627681,0.0041636880346889,0.0035366615883433,0.0038470252744248,0.0041710613695847,0.0034903707176062,0.0038136255322474,0.0032227333098949,0.0039466819450413,0.0046740107035431,0.0041903980624243,0.0039808683932966,0.0035248447204969,0.0049218231180906,0.0040830696511582,0.0057403121215673,0.0044730751201219,0.0051695378725731,0.0042303898589789,0.0044684850970741,0.004456472909098,0.004445974452127,0.0047232747806989,0.0044632602836048,0.0042189148013594,0.0038298859330443,0.0037544435329505,0.0036417383925587,0.0030292687214344,0.0024134731825462,0.0022533540806716,0.002479344896285,0.0021325051759834,0.0019641880542209,0.0008316731122309,0.0010565354115395,0.0009639048400328,0.0008455408414391,0.0005601781319583,0.0002780870346498,0,0,0,0,0,0,0,0,0,0,0,0,0,0
0,0,0,0,0,0.117861905668744,0.0994044733301352,0.0961735596756916,0.0928015778464511,0.0925552764367271,0.0869471589500423,0.0807015432095428,0.0610394964876961,0.0630425108609791,0.0393483239425769,0.0361573734608783,0.0339757036847744,0.0342758384343841,0,0,0,0,0.000572844764089,0.0006143817246528,0.0006833213895946,0.0005851990503944,0.0015196176142258,0.0014869176572132,0.0015239870116302,0.0016776055701043,0.0016929172482779,0.001679036675967,0.0014720421697043,0.0014601719887774,0.0015463773700696,0.0013788435814557,0.001596497677124,0.0014839973487268,0.0016123999050702,0.0017193974503074,0.0016893146868243,0.0018360169429263,0.0015059918865718,0.0015323585466467,0.0015213548394487,0.0018110721769515,0.0019021959409726,0.0019584804533666,0.0018555098032259,0.0015970360107232,0.0019301344067792,0.0018395440219379,0.0019066084128872,0.0022188432692317,0.0021150360688233,0.0016484970843104,0.0014379213397139,0.001516062538464,0.0016737471775299,0.0015328910415454,0.000941346382871,0.0010258008697452,0.000963814276766,0.0010020965717838,0.0007917606836157,0.0003151615775353,0.0003438821278327,0.0003651276880052,0.000294425380423,0.0002763232536366,6.13463528973e-05,0,0,0,0,0,0,0,0,0,0,0,0,0,0
0,0,0,0,0,0.102207282186693,0.100702474021259,0.0962134402561843,0.0932290410922013,0.0919901875860911,0.0876306667773364,0.0821143160686753,0.0633222054673022,0.0650005644102993,0.0436577055015629,0.0379890822095273,0.0352063506710862,0.0352556356705296,0,0,0,0,0.0005044370626009,0.000625486142356,0.000646980650557,0.0006052158753377,0.0015363716174157,0.0014209007281946,0.0015532909657369,0.0017026493801703,0.0015885086991514,0.0016125055454053,0.0015346567840475,0.0014568713908733,0.0016124318381352,0.0014518481933042,0.0015674196646658,0.0015102474704525,0.0015931840111646,0.0017053453479974,0.0017304439200701,0.0017318500291714,0.0014973329871559,0.0015274298148757,0.0015588734471932,0.0017630105215899,0.001991204226857,0.0019632123643127,0.0018672018584129,0.0016580833666133,0.001887609578638,0.0018205027667053,0.0018503729768353,0.0021487868194296,0.0020243857721778,0.0015683294716657,0.0015002085181685,0.0015590340098701,0.0016920353121968,0.0014254606308412,0.0009595875216461,0.001055594208681,0.0009751514526958,0.0010189043254463,0.0007608378349121,0.0003260954262756,0.0003347859871729,0.0004130699429686,0.0002967769383914,0.0002801912760411,6.63334066753e-05,0,0,0,0,0,0,0,0,0,0,0,0,0,0
0,0,0,0,0,0.0991771268149901,0.0964974115603929,0.0948621024716656,0.0923141343313287,0.091899259856544,0.087483017968714,0.0820815666306917,0.0643116491855894,0.0660530905138224,0.045224244879964,0.0405583924337008,0.0371336344043964,0.0369625288378672,0,0,0,0,0.0005277254473595,0.0006279600699556,0.0006880611765219,0.000583581214271,0.0015441363807642,0.0014569544698606,0.001552535110496,0.0016490229233292,0.0015044108224355,0.0016433305106419,0.0015472907506921,0.0014723856760323,0.0016501174421688,0.0013610174371229,0.0015809919726085,0.0014662934489772,0.0015851598681328,0.0017888019154049,0.0017385746718072,0.0017120856249046,0.00152286646563,0.0015117403141237,0.0015800198986143,0.0017964585524251,0.0019096366897448,0.0019780692335648,0.0019193454522424,0.0016585010277464,0.0018779926816226,0.0018386301271261,0.0019061711084764,0.0021587676316255,0.0020362423043922,0.0016322975668608,0.0015055418237014,0.0015032356816867,0.0016991603137626,0.0014361513259838,0.0009284099630703,0.001042443500766,0.0009130813067729,0.0009995375349649,0.000771534553337,0.0003096224496714,0.0003398602396917,0.0003611350755914,0.0002870291338369,0.0002667822066547,7.11390131592e-05,0,0,0,0,0,0,0,0,0,0,0,0,0,0
0,0,0,0,0,0.098401503674577,0.0961438879553423,0.0949202218274492,0.0920932787529892,0.0917247736899477,0.0872131535051975,0.0816328573315828,0.0650487427155002,0.066930495477685,0.0453834453065674,0.0404877269401278,0.0373483548921973,0.0372040520718193,0,0,0,0,0.000530966113977,0.0006349649052548,0.000698293211534,0.0005898958150429,0.0015297489349735,0.0014211594599532,0.0015928586034615,0.0016634572198169,0.0015561168079882,0.0016435839014357,0.0015126987720351,0.0014476761217526,0.0016129878988641,0.0014285824835722,0.0015739593363282,0.0015141347431179,0.0015716743280055,0.0017702826131421,0.0017036639466417,0.001750861360397,0.0015176861508251,0.0015237651105003,0.0015545717917624,0.0017856415172444,0.0019398614523491,0.0019918666913538,0.0018679500832882,0.0016583832318343,0.001872896654518,0.0018181384776794,0.0018419884055414,0.0021579298783092,0.0020530326083026,0.0016756811323884,0.0014974534843098,0.0015132371154732,0.0016861514925014,0.0014680175033108,0.0009359542859801,0.0010339162436882,0.0009270169943814,0.0010176493161547,0.0007358431264221,0.0003190471935377,0.0003540159883495,0.0003460426810016,0.0002846793420327,0.0002771324277725,6.43889009111e-05,0,0,0,0,0,0,0,0,0,0,0,0,0,0
0,0,0,0,0,0.0966331114096864,0.0934093551777598,0.0930424125677547,0.0903160749418256,0.0928641604038603,0.0887064616617027,0.083432896759442,0.0661727175443577,0.067778899867004,0.0455565578253658,0.0407058366031066,0.0378996537202063,0.0380486081590188,0,0,0,0,0.0005108094983888,0.0006166598405683,0.0006865847645435,0.0005628175169708,0.001547332241475,0.0013995604333414,0.0015974779589868,0.0016640230390782,0.0015540073745301,0.0016268716360139,0.0015315871225779,0.0014780154920872,0.0015814824006344,0.0013619764032856,0.0015078165126964,0.0015033953692783,0.0015522066741439,0.0017759341559313,0.0017293285980167,0.0017010380717455,0.0014975979221668,0.0015431168080981,0.00159321890773,0.0017987289890349,0.0019246228896878,0.0019730145308392,0.001874404221115,0.0016703035313167,0.001949363178412,0.0018725789395397,0.0019166702517265,0.0021702267445982,0.0020162514975454,0.0016074032995589,0.0014944887043052,0.0014651809816155,0.0017113363428176,0.001472102085215,0.0009595158629027,0.001060594207126,0.0009758955886443,0.0010026144722782,0.0007794344036657,0.0003138628188865,0.0003247553618983,0.0003606357871467,0.0002723192439091,0.0002793547311801,6.47359516554e-05,0,0,0,0,0,0,0,0,0,0,0,0,0,0
0,0,0,0,0,0.0890817045871137,0.0873199197320267,0.0869162635560689,0.0842691743054517,0.0870489623098678,0.0954256553291001,0.089826671685396,0.0727077415139632,0.0748063967263384,0.0488762491787382,0.0415931178207442,0.0384252379383902,0.0382222784136774,0,0,0,0,0.0005027633350874,0.0006085660832475,0.0006849451714706,0.000579940003474,0.0015427214347089,0.0015088960381638,0.001536536217227,0.0016953873278381,0.0015686816299588,0.0015889126018828,0.0015552996021748,0.0014994726512842,0.0015752294188038,0.0013380639627762,0.001640315862498,0.0014507749334004,0.0015642167855757,0.0017669399192729,0.0016878055081397,0.0017081939227776,0.0014676804212595,0.0015400264349836,0.0016224964002813,0.0017701484440707,0.0018951333443957,0.0019760371811529,0.0019290959633872,0.0016692449221298,0.0020411099968173,0.0018708946316316,0.0018920823517575,0.0021784120498637,0.0020939615665612,0.0015334772710847,0.0015383841597851,0.0015186214100649,0.001654557769114,0.0013983002043028,0.0009882052427976,0.0010029115521788,0.0009425704160254,0.0009446688301097,0.0007989355066248,0.0002948104008037,0.0003204719972791,0.0003857244300137,0.0002726736545329,0.0002857359905256,5.05919498266e-05,0,0,0,0,0,0,0,0,0,0,0,0,0,0
0,0,0,0,0,0.0802103721341738,0.0793764478959701,0.0791112955968872,0.0765186527871922,0.0794257332871375,0.0871406664193336,0.101794583094536,0.085173082157208,0.0874928869792852,0.0531390272513369,0.0437730343937284,0.0406525826701103,0.0406893558274336,0,0,0,0,0.0005710550908351,0.0005983604821512,0.0006528027698224,0.0005359139076422,0.001561292502803,0.0015388706095855,0.0015974463579104,0.001700254766394,0.0015754577961412,0.0015884764540976,0.0016479904379658,0.0015339108194262,0.0015318978453881,0.0013648955101804,0.0015809959798073,0.0014359197688001,0.0015221223644676,0.0017840983502247,0.0016642618291088,0.0017244023220554,0.0014722389851156,0.0015416001719299,0.0015412830766859,0.0017176331657838,0.0018367982776253,0.0019149430756198,0.0019431171549364,0.0017265676355775,0.002010257035072,0.0018292926341613,0.0019324249280568,0.0020905494928732,0.0020455317335926,0.0015366699800837,0.0015453202192395,0.001462740299989,0.001678465403917,0.0014338979707567,0.0009444036990535,0.0010594495483835,0.0010360682576492,0.0010193584175041,0.0008446001723061,0.0003171535804076,0.0002996739342617,0.0003819746804956,0.0002935437206338,0.0002972228120283,3.90734771211e-05,0,0,0,0,0,0,0,0,0,0,0,0,0,0
0,0,0,0,0,0.0613991293004249,0.061948585048756,0.0627314151703837,0.0617083312490575,0.0637537095248599,0.0713836583798043,0.0861995386909719,0.109498514612752,0.112234217593122,0.0770315594435721,0.0580594724402482,0.0543603875044267,0.0541461101216299,0,0,0,0,0.0005853680236204,0.0005744424179752,0.000654069924082,0.0005200526088053,0.001664443651524,0.0016003453561751,0.0015869370397449,0.0016877385194502,0.0015782771789478,0.0016477232673676,0.0017192513228689,0.0015335777412802,0.0015303902858377,0.0013532875700292,0.0016150447044692,0.0014721994151528,0.0016128820429222,0.0017199809164875,0.0014492921736645,0.0017581335554853,0.0015063032556854,0.0015291093288458,0.0015458915474407,0.0015858619320979,0.0016959922565898,0.0019506356978607,0.0019701234638848,0.0017512908475972,0.0018791379527718,0.0018582612594719,0.0017103482360875,0.0021049235472529,0.0019783835970292,0.001571625660037,0.0016426935788536,0.0016479052404712,0.0017353767816955,0.001447062448583,0.0009987767853557,0.0009671866024518,0.001045598917114,0.001028270302708,0.0008854018003382,0.0003502284124792,0.0002878464769464,0.000298609828783,0.0003781776900911,0.0002698957851967,6.10139703808e-05,0,0,0,0,0,0,0,0,0,0,0,0,0,0
0,0,0,0,0,0.0612725244647012,0.0614431522294794,0.0622543327530003,0.0613493459971095,0.0630960259468357,0.0709639669811765,0.0855571535501925,0.10844418902645,0.113936158850381,0.0780156474211303,0.0584267492583327,0.0549668899651975,0.0547196646893427,0,0,0,0,0.0005655811039751,0.0005672650424962,0.0006502059552179,0.0005281815362407,0.0016405102887941,0.0015937099449299,0.0015602641256653,0.0016545994665646,0.001572504203224,0.0016420203421816,0.0017182737200335,0.0015539300293129,0.0015212632702265,0.001293616993859,0.0016070535442823,0.0014416201444111,0.0016143488726785,0.0017455338915325,0.0014801050700285,0.0017893718300763,0.0014805688669579,0.0015395036472246,0.0016307130446248,0.0015979409208911,0.0017137547008207,0.0019343083595464,0.0019883073293661,0.001749579020915,0.0018816279639208,0.0018486511336256,0.0017385231270285,0.0021118559872988,0.0019348478668669,0.0016331666552197,0.0016415887054076,0.0016459845801895,0.0017126715184076,0.0014354714862781,0.0010303374427885,0.0009833300604381,0.0010110144813209,0.0010205811561024,0.000873590395051,0.0003423405569932,0.000306873791642,0.000298762776371,0.0004055661760232,0.000270572961555,5.22047780648e-05,0,0,0,0,0,0,0,0,0,0,0,0,0,0
0,0,0,0,0,0.0381424104079796,0.0411591969023057,0.0425106151142781,0.041489001648413,0.0422968492875033,0.0462430684532561,0.0518258943113238,0.0742333938866503,0.0778092701358689,0.137160916644015,0.117791246198252,0.112681647920502,0.110729023081294,0,0,0,0,0.0005684899603786,0.0006251819921418,0.0006135795348698,0.0006270166220422,0.0015381085746885,0.0016382119014761,0.001600028492467,0.0016489217038654,0.0016560362520935,0.0018290637456706,0.0014930056386428,0.0016023999282528,0.0015577183366365,0.001543818560357,0.001621154398422,0.0016194624584629,0.0015229587645667,0.0017394833861306,0.0016677609199535,0.0018013641327379,0.0015747116289659,0.0017651108421304,0.0016084634134204,0.0016328172413043,0.0016901640587328,0.0019780884955969,0.0018966633485626,0.0018098245479513,0.0018686793869672,0.001766094416417,0.0016091304551473,0.0019483785846224,0.0018565677794548,0.0016069198957638,0.0016140126851758,0.0017130777459132,0.0015581397388931,0.001355550656743,0.001008522437888,0.0009747073143981,0.0009017918986164,0.0010070633728264,0.0009064425316288,0.0003928383670033,0.0002769065166481,0.000277539117385,0.0004231565998862,0.0003133445013375,7.89931251213e-05,0,0,0,0,0,0,0,0,0,0,0,0,0,0
0,0,0,0,0,0.0339220918493965,0.0346631990287007,0.0368986648786429,0.0358230675043507,0.0365778062144813,0.0380867665619704,0.0413184206254277,0.054151135279602,0.0563981947068382,0.114003155041009,0.13780080682843,0.131406508843034,0.129862458768087,0,0,0,0,0.0005232825610559,0.0005946649609846,0.0005666601299313,0.0006612215998482,0.0015415746203824,0.0015513949186032,0.0015518134714656,0.0015681996575361,0.001437920818463,0.0016618132846156,0.0013955093334813,0.0015029021052128,0.0015482542595019,0.0015334915207676,0.0014877462672129,0.0014733665897339,0.0014477554364746,0.0016173665326569,0.0016985380184868,0.0017355981041528,0.0015315980966859,0.0017618620612449,0.001579452211313,0.0016347432501805,0.0016567500442177,0.0019028059767904,0.0018479414684802,0.0016523282262723,0.0017439227951005,0.0016575039838457,0.0015638574851001,0.0018143344345011,0.0016645605125114,0.0014470939217147,0.0014287853762202,0.0015347412942853,0.0014324206953545,0.0012677331401245,0.000935279781135,0.0009628164995819,0.0007913733842923,0.0009478772185332,0.0008722778091094,0.0003504846456857,0.0002861051057449,0.0002754926615943,0.0003135683887428,0.0002947357501039,7.3370939453e-05,0,0,0,0,0,0,0,0,0,0,0,0,0,0
0,0,0,0,0,0.0313294649334101,0.0315740008596275,0.0332044386937734,0.0324795212954977,0.0334730262710225,0.0345834216613609,0.0377158558670219,0.0498328575318307,0.0521498916763041,0.107190379986489,0.129156314528469,0.155170657439876,0.154908484279201,0,0,0,0,0.0004880075335505,0.0006218684664105,0.0006040111869649,0.0006205010107062,0.0015620664172513,0.0015217250715187,0.0014799714717579,0.0014755314463905,0.0015547339843172,0.0015882313685454,0.0013875300304021,0.001545816926207,0.0015111161369929,0.0016070299464523,0.0014779130152165,0.0014589560778953,0.0016611133052134,0.0017395910752922,0.0016671018014741,0.0017265495166557,0.0015441184285447,0.001695102230135,0.0015283247858102,0.0015274777675934,0.0016432527341646,0.0019534861428207,0.0018655737835595,0.0016706102995674,0.0017181680493722,0.0016812775075977,0.0017092163494424,0.0019346341751878,0.0017231965658199,0.0013699684151553,0.0014431851411031,0.0016608606249684,0.0015245581612832,0.0012432675521549,0.0009660844966709,0.0009872176231663,0.0008029569787826,0.0010519083242333,0.000805430338249,0.0003699651729313,0.0003170147605224,0.0003346823593982,0.0002819198268765,0.000265096487655,5.73349627877e-05,0,0,0,0,0,0,0,0,0,0,0,0,0,0
0,0,0,0,0,0.0316625797244335,0.0316745787271138,0.0331103715346094,0.0324117199831289,0.0336645026689794,0.0344620936213825,0.0378172837363186,0.0497249324137152,0.0520079056055005,0.105520728525392,0.127866294559281,0.155184698374386,0.156572000468617,0,0,0,0,0.0004908376593423,0.0006192187186911,0.0006140561836597,0.0006081048344235,0.0015815745136417,0.0015319863396853,0.0015306325973895,0.0014906425084368,0.0015452477225579,0.0016092894371565,0.0013968488720886,0.0015879884995927,0.0014889868958685,0.0015818931238737,0.0014764037644577,0.0014342993749531,0.0016333533256102,0.0016885087655704,0.0016547795756646,0.0017501502409269,0.0015048280176611,0.0016905074833887,0.0015732751917942,0.0016106774591012,0.0016178167089111,0.0019833236061363,0.0018860515422817,0.0016510538669385,0.0017233657857504,0.0016806741040207,0.0017039853884976,0.001958048041811,0.001740979255459,0.0013454753810029,0.0014172618033177,0.0016111159602697,0.0015286542855022,0.0012762974807379,0.0009147641949525,0.0009320249054714,0.0007629182764676,0.0010638566243811,0.0008097050249618,0.0003824092575477,0.0003035014439146,0.0003142755013926,0.0002796103834413,0.0002766015001622,6.40226568054e-05,0,0,0,0,0,0,0,0,0,0,0,0,0,0
0,0,0,0,0,0,0,0,0,0,0,0,0,0,0,0,0,0,0.0775696459438391,0.0781122052454409,0.076638385269658,0.0775953825780475,0.0760685771407626,0.0755465519883549,0.0726098370094743,0.0676899189296041,0.0010276508004876,0.001013794572908,0.0009416226576629,0.0009022182798985,0.0018344825837605,0.0016145898175457,0.0013579280854927,0.001351146772864,0.0015926182140346,0.00139456902782,0.0014120533640926,0.0015894201766535,0.0013540311797241,0.0015737013307545,0.0013916288845354,0.0013830707198335,0.0015556789460325,0.0011848658669797,0.001390726535926,0.0012591747105343,0.0017764351672402,0.0015393408986803,0.0015555378418984,0.0015270816086009,0.0023648531370168,0.0010343125986617,0.0008174204170025,0.0010455868109012,0.0009878035199699,0.0009172982220831,0.0007923479413463,0.0008919857149442,0.0006920228842311,0.0005122741134961,0.0004856340854877,0.0005369094956426,0.000411010864809,0.000447512044133,0.0003711332232558,0.0002109748447286,0.0001797021531161,0.0002365634820054,0.0001568920673369,0.0001270176444213,3.19882360336e-05,0,0,0,0,0,0,0,0,0,0,0,0,0,0
0,0,0,0,0,0,0,0,0,0,0,0,0,0,0,0,0,0,0.0772167083379714,0.0776029635011647,0.0762303634673486,0.0771937383555412,0.0756497060715816,0.0751967569923601,0.0722128548496604,0.0673481867879837,0.0010254922700282,0.001012253625444,0.0009401187866382,0.0009028836925647,0.001829298333928,0.0016094981687925,0.0013529961984648,0.0013501236965872,0.0015864847972997,0.001387600732813,0.0014035234935631,0.0015826290595238,0.0013477899357943,0.0015721793003293,0.0013897836880207,0.0013797663772973,0.0015479897651668,0.0011796423346043,0.0013841684214991,0.0012544889967682,0.0017660764607103,0.0015343639809769,0.0015507523650958,0.0015205471413861,0.0023525974380858,0.0010284541406658,0.0008151997469487,0.0010370569107595,0.0009803184526276,0.0009129194162107,0.0007908850969261,0.0008899248772248,0.0006869249098472,0.0005104425501006,0.0004829742604021,0.0005356740731677,0.0004085999294612,0.0004461790889799,0.0003691978850475,0.0002096737901922,0.000176954881365,0.0002337053715461,0.0001567618375136,0.0001277019295482,3.1649189162e-05,0,0,0,0,0,0,0,0,0,0,0,0,0,0
0,0,0,0,0,0,0,0,0,0,0,0,0,0,0,0,0,0,0.0750854928525667,0.0755518833986139,0.0741506773134868,0.0750928996570578,0.0736298509563722,0.0732059719948226,0.0703032566550469,0.0654864982872723,0.0009868157661687,0.0009786498048149,0.0009101830469738,0.0008733462997705,0.0017760834535179,0.0015623061162423,0.0013118592889074,0.0013024954366038,0.0015376335740871,0.0013469692010022,0.0013606458348106,0.0015267407060917,0.0013057465207284,0.0015264475289623,0.0013476513254734,0.0013368851641202,0.0015009836602224,0.0011443205296751,0.0013447548999298,0.0012215776167632,0.0017165859418882,0.001484656818802,0.0015035222327327,0.0014739914928438,0.0022816684569225,0.0009965506601671,0.0007942753803809,0.0010113174578247,0.0009590674830914,0.0008928757997757,0.0007655274647642,0.0008623209880372,0.0006691643395721,0.0004949302590017,0.000468392376762,0.0005223307861552,0.0003917391645624,0.0004352469785168,0.0003601715192451,0.000204457386136,0.0001703957664598,0.0002229224446124,0.0001522233099793,0.0001244692373392,3.10922780965e-05,0,0,0,0,0,0,0,0,0,0,0,0,0,0
0,0,0,0,0,0,0,0,0,0,0,0,0,0,0,0,0,0,0.0755983888640936,0.0760792722315204,0.0746733862511524,0.0756274432438087,0.0740698941279483,0.0737000755603032,0.0707870014723898,0.0660259541088877,0.0009844362936856,0.0009781633875094,0.0009103642069318,0.0008751687994097,0.0017844484903665,0.0015708499200539,0.0013156668414142,0.0013038525454838,0.0015389700528768,0.0013523221992943,0.0013655949671687,0.0015290839012247,0.0013098248752902,0.0015405208845629,0.0013583108526804,0.001336716741037,0.0015060814863419,0.0011477080300224,0.001339517514978,0.001227538409553,0.0017266946935983,0.0014840499534284,0.0015013233920534,0.0014776609495498,0.0022853743815832,0.0010021832556282,0.0007984272841361,0.0010131679590088,0.0009641140606018,0.0008979848828905,0.0007729678169485,0.0008739884835129,0.0006635020355768,0.0004965112590757,0.0004783070880857,0.0005242857017179,0.0004001472257218,0.000437223005091,0.0003601451816403,0.0002045329509959,0.0001765014305118,0.000227709703314,0.0001538222784756,0.0001243492632969,3.10926910633e-05,0,0,0,0,0,0,0,0,0,0,0,0,0,0
0.0001067945254917,0.000675659502227,0.0011659476449045,0.0013467618242714,0.0014857328037798,0.0005467170458438,0.0004682273128398,0.0004884024928586,0.0004779099776992,0.0004669386788092,0.0004683344902631,0.000548346382484,0.000555396823834,0.0005553775063681,0.0005597145150494,0.000532324160383,0.0005050887272353,0.0005071136889559,0.0750006597510974,0.0754526765995365,0.0740975796500349,0.0749591845605606,0.073490747877473,0.0730806372050483,0.0702250495190745,0.0654440440023027,0.0010041889917722,0.0009960493378445,0.000928670447011,0.0008897127755246,0.0017915912931707,0.0015777826950485,0.001325413693277,0.0013160532162213,0.0015505911107903,0.0013590112818533,0.0013857512383564,0.001545126692642,0.0013161493981333,0.0015404714227935,0.0013577938500008,0.001351109924605,0.0015092751319059,0.0011580181004058,0.0013639649285106,0.0012311032006022,0.0017276971959694,0.0015059702425295,0.0015333535751258,0.0014955001127317,0.0022963729490492,0.0010207878149575,0.0008021716004517,0.0010269094385198,0.0009773847586437,0.0009026650222929,0.0007849190749532,0.000877576128522,0.0006887923757776,0.0005062119491133,0.0004771333826189,0.0005313616743098,0.0004045262182005,0.000441324508436,0.0003662698387897,0.0002042668228055,0.0001723833630741,0.0002273675419864,0.0001546578630329,0.0001255422558484,3.0891935851e-05,0,0,0,0,0,0,0,0,0,0,0,0,0,0
0.0002743050283163,0.0007652233901158,0.0012123691743573,0.0013959890446705,0.0011071087790731,0.0005969778185993,0.0005911009903056,0.0005916925533038,0.0005818663654478,0.0005739060345219,0.0005771577444535,0.0005849707054842,0.0005549005274142,0.0005671182917415,0.0006266780297636,0.0006158947539263,0.0006552905784003,0.0006513370353636,0.0758348230119814,0.0763590920668119,0.0750051098397348,0.0759355777875559,0.074404048045652,0.0740560971693246,0.0710966155519462,0.0662862909121221,0.0010350236079161,0.0010288941326995,0.0009540651538395,0.0009227741230518,0.0018415046210122,0.0016178895180485,0.0013646463401187,0.0013542124624997,0.0015878744946365,0.0013933907462281,0.0014000974094283,0.0015816166177161,0.00134083801246,0.0015853143684675,0.001396327248972,0.0013885768572177,0.0015580600218179,0.0011868264522512,0.0013910990732797,0.0012672677758773,0.0017726301960803,0.0015441529916679,0.0015676245592195,0.0015331307506281,0.0023561772482778,0.0010318929926129,0.0008262690087156,0.0010434599841874,0.0009875990352952,0.0009231660787116,0.0007961231114655,0.000895487461194,0.0006942311988446,0.000515353392483,0.0004845233690781,0.0005360333411651,0.0004050420200733,0.0004535506029742,0.0003700301935017,0.0002108510375578,0.0001765919808338,0.0002249400050665,0.0001562769448205,0.0001298972606208,3.08554029065e-05,0,0,0,0,0,0,0,0,0,0,0,0,0,0
8.71693203038e-05,0.0006845671257454,0.0010373930028318,0.0014094000349458,0.0014493729763393,0.0006914676740937,0.0006367401674371,0.0006751776979017,0.0006664050996312,0.0006654512535718,0.0006765027274497,0.0006646303407177,0.0006579907311975,0.0006769639425984,0.000640524631976,0.0006112006008433,0.0006628378978392,0.0006726618017809,0.07590606049869,0.0763665409843415,0.0750147633817776,0.0759552583320969,0.0744583235353452,0.0740416157920248,0.0710431056854108,0.0662877485982757,0.0010278898052848,0.0010239340095733,0.0009531189027588,0.000916485398046,0.0018293528758744,0.0016213759066279,0.0013560220031,0.0013459717442588,0.0015844392735571,0.0013924905638307,0.0014025200080528,0.0015809881254452,0.0013513517998982,0.0015860931289004,0.0013905347588582,0.0013849788991291,0.0015442466670483,0.0011836818643357,0.0013885176211171,0.0012595824516746,0.0017729135798219,0.00153769120266,0.0015599256513555,0.0015248987604458,0.0023478168711836,0.0010307670751498,0.0008158991004659,0.0010460516597295,0.0009901991230602,0.0009173479384283,0.0007929521461913,0.0008894315832874,0.0006913247689448,0.0005160678960313,0.0004868281940593,0.0005414471126981,0.000408536663224,0.0004517927934605,0.0003715914436715,0.000206826346287,0.0001770300795211,0.0002278439938309,0.0001583946150467,0.0001278562651991,3.24732090715e-05,0,0,0,0,0,0,0,0,0,0,0,0,0,0
0.0001049349230349,0.0006062372317956,0.000979280402273,0.0010412218233862,0.0011954501910181,0.0005834902132417,0.0005869003431401,0.0005642550246028,0.0005547009426163,0.0005374929698175,0.0005643907758789,0.0005376210929068,0.0005154967988529,0.0005418522821349,0.0006449515944407,0.000702734450489,0.0006709465733631,0.0006563722476151,0.0697249291018307,0.0701774542579063,0.0688503521281502,0.0698075043077177,0.0683713924000696,0.0680195533636336,0.0653155165541943,0.0608914811621236,0.0009408234039811,0.0009237959939606,0.0008635931902801,0.000832562045752,0.0016718107154968,0.001471190923567,0.0012396085889009,0.001227200031432,0.0014428733552896,0.0012645079507059,0.0012834762757631,0.0014415698251551,0.0012289678691493,0.001446867864207,0.0012700430248792,0.0012607629642663,0.0014112290263243,0.0010787072406294,0.0012673609620726,0.0011516977220022,0.0016116793569258,0.0014079614967903,0.0014188580725084,0.0013949088932528,0.0021370284129151,0.0009524096664268,0.0007475547729455,0.0009523961201091,0.0009005966336227,0.0008413265084431,0.0007325605056591,0.0008199571529442,0.000639488457111,0.0004751688078073,0.0004529011881779,0.0004925831740802,0.0003771193734422,0.0004162229649216,0.0003392826672729,0.0001895510759295,0.0001671704755681,0.0002131298047879,0.0001408927072594,0.0001188739667622,2.92480008036e-05,0,0,0,0,0,0,0,0,0,0,0,0,0,0
0.0004787322537711,0.0020465006654836,0.003246912895593,0.0037978316326531,0.0033764511239278,0.0014560417752633,0.001431725897556,0.0014347272277649,0.0013823349910484,0.0014200325864047,0.0014427593825619,0.0015051337673705,0.0015854674986711,0.001617283676287,0.0015203536223914,0.0015744117328318,0.0016231344474666,0.0016404800950171,0.0010172301067837,0.0010268656971755,0.000997011184161,0.0010001948083358,0.0010081596370203,0.0010206336113265,0.000973283159379,0.0009041024905094,7.03727494762e-05,8.72166324381e-05,8.03233108282e-05,8.03237830928e-05,0.0001010655776799,8.83446130636e-05,8.72686229017e-05,7.96666909519e-05,9.13935362994e-05,7.3367196248e-05,7.60082834889e-05,9.20232231834e-05,8.32064926414e-05,9.72996988397e-05,8.13163236026e-05,8.97660036187e-05,8.98349718601e-05,7.02422467196e-05,8.13710824101e-05,8.40004861059e-05,8.67184097896e-05,9.70153638722e-05,0.0001017840030511,9.80839273802e-05,0.0001231714714172,6.8793652031e-05,6.11270186635e-05,6.51776601739e-05,7.01267892546e-05,6.03487271827e-05,5.64028424535e-05,6.45372737855e-05,5.7450435458e-05,5.03714296252e-05,3.40452438888e-05,3.36827613297e-05,3.02285927853e-05,3.30703679084e-05,3.06386542177e-05,9.907276154e-06,9.0943458564e-06,1.74658087989e-05,1.08387661208e-05,1.07132738178e-05,1.8963719629e-06,0,0,0,0,0,0,0,0,0,0,0,0,0,0
0.0004049712209629,0.0017179129130761,0.0037443084880954,0.0037791276818477,0.0039997247065045,0.0013958667134448,0.0012973132617083,0.0013263165253311,0.0012582109715119,0.0012584150609712,0.0013825575795822,0.0014534846372466,0.0014935490027387,0.0015393381859989,0.0015865187616207,0.0015523642980825,0.0015492043608007,0.0015568748955662,0.000983198298307,0.0009930888636026,0.0009687434521293,0.0009737016324927,0.0009797431064951,0.0009940490552236,0.0009499092876865,0.0008697674354535,8.5450937055e-05,8.9349986322e-05,7.31202837127e-05,7.81453299762e-05,8.71680429731e-05,8.39904572759e-05,8.40350711655e-05,7.61626913622e-05,8.16365578233e-05,7.51912483077e-05,7.44301543866e-05,9.64190604768e-05,7.33776641223e-05,9.54693360242e-05,8.44528256546e-05,8.18444477394e-05,8.5731099689e-05,7.08849133999e-05,8.39244903629e-05,7.06981891707e-05,9.43354057788e-05,9.42821705941e-05,9.36599732325e-05,8.80809214873e-05,0.0001169617636381,6.9428793596e-05,6.01552080411e-05,7.2062299447e-05,4.87545721965e-05,6.21283569021e-05,5.29233199533e-05,5.92401479199e-05,5.13641121312e-05,5.07967336186e-05,2.75021707044e-05,3.44209194639e-05,2.53077797032e-05,4.09149727536e-05,3.09998997976e-05,9.6920244125e-06,1.02636142415e-05,1.41018393897e-05,7.947589064e-06,8.827890269e-06,3.882672015e-07,0,0,0,0,0,0,0,0,0,0,0,0,0,0
0.0004800385825403,0.0022191035915036,0.0030550118981526,0.0035239280914167,0.0036902498705503,0.0014766142694913,0.0014637358178349,0.0014587181752107,0.0014555148685958,0.0014825040519683,0.0014530999025807,0.0015572680991986,0.0015286012914762,0.0015554342096307,0.0015993061785597,0.0016026532266252,0.001555086752828,0.0016054565048332,0.0009425335527915,0.0009519415109639,0.0009299058319463,0.0009353161473385,0.0009428047321583,0.0009513578878284,0.0009126116567303,0.0008391991610435,8.12246558613e-05,7.54686586185e-05,6.19453586715e-05,7.93757272411e-05,9.34236724281e-05,9.14659731373e-05,7.82538478871e-05,6.66786543763e-05,8.55514879254e-05,7.24311638287e-05,7.20217029549e-05,9.24861117955e-05,6.71567151398e-05,7.89968952051e-05,8.23879424151e-05,8.73305281757e-05,8.86905276785e-05,6.82153999497e-05,7.39427680347e-05,6.66871613036e-05,0.0001001243559858,9.74938464326e-05,0.0001026328727054,9.15396667225e-05,0.0001226917150192,6.30636895894e-05,5.36099724549e-05,6.32912977958e-05,7.43596564832e-05,5.5428627815e-05,5.42341476572e-05,5.27081640295e-05,5.53404189232e-05,4.19072653947e-05,3.01168030644e-05,3.41879857375e-05,2.78914882674e-05,2.93982743545e-05,2.7734581844e-05,1.09664978447e-05,8.3464144544e-06,8.6881138718e-06,6.6526059647e-06,6.5237540689e-06,4.526642434e-07,0,0,0,0,0,0,0,0,0,0,0,0,0,0
0.0003566205699365,0.001975749983589,0.0038083594086198,0.0037869339110012,0.0041994887055717,0.0015855778865907,0.0015651178122199,0.0015113622905123,0.00148273309937,0.0015063721396789,0.0015639884106327,0.0016168250533978,0.0015858116838518,0.001609008464655,0.0016077401540142,0.0015798407974197,0.0015123826029215,0.0015251515951948,0.0008809341923946,0.0008918078042878,0.0008703794716258,0.0008770957563787,0.0008810932632303,0.0008975801139046,0.0008560052028679,0.0007891950745717,7.92323174946e-05,7.86762620118e-05,7.74282855184e-05,6.96176831164e-05,8.90737807102e-05,8.64993434717e-05,8.17563503997e-05,7.65721630245e-05,7.89297047678e-05,7.81261811368e-05,7.15879650282e-05,8.18199065988e-05,7.9167412403e-05,8.89333479174e-05,8.31473192697e-05,8.3663194338e-05,7.79276941798e-05,7.00179960522e-05,8.56233861221e-05,7.8243620734e-05,9.54425909318e-05,8.49090443591e-05,9.36293067638e-05,8.44336675855e-05,0.0001088057905361,6.33773441256e-05,6.4686534117e-05,6.25943400144e-05,6.63191368309e-05,4.65005797725e-05,5.18963002854e-05,4.57223264799e-05,5.50563933831e-05,4.53676762551e-05,3.1674442491e-05,2.87570795606e-05,2.83143662906e-05,3.27900622054e-05,3.52395987772e-05,1.01580386003e-05,1.00169727449e-05,1.24386697845e-05,1.25460908441e-05,8.2802022702e-06,9.885211098e-07,0,0,0,0,0,0,0,0,0,0,0,0,0,0
0.0006403525229077,0.0026734636159733,0.003531949488642,0.0036189414792185,0.0041157852193888,0.0016380748849183,0.0014948985066014,0.001411590215242,0.0014200179720735,0.0014402116390474,0.0014814933613523,0.001533755396823,0.0015182036417057,0.0015655161958805,0.0016530499047593,0.0014830208016273,0.0016314343277182,0.001618593994956,0.0018337736963063,0.0018497979739166,0.0018121152876042,0.0018308783989199,0.0018163991844589,0.0018337956108772,0.0017492369516396,0.0016223896349008,0.0001020614579778,8.98459045367e-05,9.32973185206e-05,9.11906239563e-05,0.000133555365253,0.0001147445332827,0.0001079287096519,9.27166529274e-05,9.8851441894e-05,0.0001012026375284,9.7729161463e-05,0.0001197611318438,9.61250432205e-05,0.0001099411415498,9.01240711114e-05,0.0001080491473688,0.0001203029140752,8.10489472392e-05,9.58339074518e-05,8.62763841152e-05,0.0001129180378035,0.0001191837503407,0.0001200598476115,0.0001088694575341,0.0001574893949214,7.96147008336e-05,6.93164928978e-05,7.38883393157e-05,6.79307513908e-05,6.72562766093e-05,6.77448768233e-05,7.48620614184e-05,6.29189458897e-05,5.12933389702e-05,4.19749125354e-05,4.83091808129e-05,3.3783031093e-05,4.48873377478e-05,3.87424175673e-05,1.35911360678e-05,9.2705715156e-06,1.52385332325e-05,1.48396221271e-05,1.33675317499e-05,3.727507517e-06,0,0,0,0,0,0,0,0,0,0,0,0,0,0
0.0004344073917734,0.0020952112940294,0.0037430233103513,0.0035113737629567,0.003490220908963,0.0016327409074258,0.0015250440795769,0.0015496234439833,0.0015073100517439,0.0015152545528958,0.001508078601554,0.0015541365747663,0.0015929058072106,0.001642870579252,0.0018348646598155,0.0017224775365589,0.0016748902063243,0.001694076595852,0.0016220096154127,0.0016356460031204,0.001601945209936,0.0016197546975002,0.0016076022773756,0.0016191461312664,0.0015580950217284,0.0014348158470102,8.96597755882e-05,8.70021539317e-05,9.17975002891e-05,8.89963471732e-05,0.0001153163992414,0.0001126111437144,9.61370277469e-05,8.93794907959e-05,9.76687359785e-05,9.92364246451e-05,9.35398839003e-05,0.0001080180447105,8.56221816082e-05,0.0001127749585459,9.3772929479e-05,0.0001001071364386,9.32358579581e-05,8.56473918594e-05,9.62015863678e-05,9.56598143573e-05,0.0001105432497615,0.0001095012127506,0.0001252769703172,0.0001045358186885,0.0001450702759807,8.13265240204e-05,6.70149928538e-05,7.99891012979e-05,7.20631437362e-05,6.05337466455e-05,5.82525588409e-05,6.40774356945e-05,6.13982340885e-05,4.67470053493e-05,2.95612351661e-05,4.12995470513e-05,3.775181449e-05,4.22362476549e-05,3.2791480348e-05,1.69382021378e-05,1.15045515987e-05,1.11296953473e-05,1.0055121864e-05,1.01234403765e-05,1.6306771498e-06,0,0,0,0,0,0,0,0,0,0,0,0,0,0
0.0003293977567868,0.0019397504446332,0.0037006195425535,0.003273883790677,0.0039845960169461,0.0014261921427508,0.0014460827322178,0.0014536969721308,0.0013821776553147,0.0014212638610883,0.0014707495560902,0.0016064373160696,0.001655944912515,0.0017128442099876,0.0014922354029357,0.0014411353883001,0.0014578594689715,0.0014650383733571,0.0013591540475225,0.0013699228291801,0.0013401995779243,0.0013516404495112,0.0013454996040218,0.0013606862520743,0.0012983077758449,0.0012045155231547,8.82422136518e-05,8.67283987188e-05,7.82488015308e-05,8.38072448542e-05,0.0001080679096385,9.57836511698e-05,8.64198557494e-05,8.92015181073e-05,9.42696973495e-05,9.07034158553e-05,8.5131491873e-05,0.0001039490537993,7.75687286708e-05,0.0001019506572559,8.78910143682e-05,9.2068806071e-05,9.0048088201e-05,7.33021123422e-05,8.87880827292e-05,8.55182496179e-05,0.0001037085197689,0.0001008632177577,0.0001029312281307,8.67159586544e-05,0.0001249512902292,7.23937185529e-05,7.17810899139e-05,8.50871761892e-05,6.46809373912e-05,5.6873807474e-05,6.34169324575e-05,6.09821730016e-05,6.34796286994e-05,4.58339671311e-05,3.40955991529e-05,3.80531963139e-05,3.54194514222e-05,3.42857054816e-05,3.83721175259e-05,1.32954040764e-05,1.27612821129e-05,1.64156002668e-05,1.18011856437e-05,1.1883157883e-05,3.0412858442e-06,0,0,0,0,0,0,0,0,0,0,0,0,0,0
0.0003211581274822,0.0018528499753796,0.002615226231827,0.0036573622542002,0.0034424805175793,0.0014389101377012,0.0013962878632718,0.0014070042577801,0.0013454101383388,0.0013950310200141,0.001442231861369,0.0015208314276825,0.0015023951950519,0.0015755378717774,0.0016289909804532,0.0015786090983128,0.0016519739721036,0.0016940210519071,0.0013755181071509,0.0013904166443733,0.0013534128759463,0.0013624344026041,0.0013588685379611,0.0013733984714135,0.0013107465884173,0.0012128722336099,8.19345214565e-05,7.99493449142e-05,6.78157690384e-05,7.98367508486e-05,9.44255194807e-05,9.05754383312e-05,9.07285806959e-05,7.64834054355e-05,9.53323534254e-05,7.82527806698e-05,7.67902276142e-05,9.33809844764e-05,7.89002254555e-05,8.29806834355e-05,8.07257386373e-05,9.00824520227e-05,8.68284370106e-05,7.80516504249e-05,8.53948368347e-05,8.08283736438e-05,0.0001008038890908,9.60794722478e-05,9.61152083762e-05,8.18646485322e-05,0.0001203319883711,6.10587650506e-05,7.0781716794e-05,7.45820914708e-05,6.63507404994e-05,5.05935913073e-05,5.26056603469e-05,5.68201376361e-05,5.82889838005e-05,4.69937939652e-05,3.70157973722e-05,3.10329402751e-05,3.05409515261e-05,3.23683367212e-05,3.01130427548e-05,1.0666285614e-05,7.3479301239e-06,1.50892323683e-05,1.48353413371e-05,9.6805713146e-06,1.3515466799e-06,0,0,0,0,0,0,0,0,0,0,0,0,0,0
0.00031774988604,0.0021867854433919,0.0030567105343292,0.0036125767499543,0.0036349073648583,0.0014792291868029,0.0015001180452586,0.0015306609585481,0.0014551397898259,0.0014489705682624,0.0014707222843078,0.0014743517019538,0.0014553616012525,0.0014972423042889,0.0015371881127931,0.0015786160519332,0.0015675929721142,0.0015418873598883,0.0015738588628569,0.0015859797403797,0.0015509481141403,0.001561016930624,0.0015541452480619,0.0015632061273443,0.001497782369445,0.0013842617927864,9.12422417659e-05,8.31855005351e-05,8.44620763893e-05,7.98845401113e-05,9.77248400795e-05,9.60767840868e-05,9.30752703934e-05,9.25402432398e-05,9.38227505919e-05,7.96834608589e-05,9.035016169e-05,0.0001050445974369,8.32406341582e-05,9.88779946209e-05,8.58338450539e-05,9.45701748685e-05,0.0001025033228191,7.8376068654e-05,9.19438618554e-05,9.77306143696e-05,0.0001087733108425,0.0001020799921419,0.0001118373811493,9.43914538557e-05,0.0001317381003589,7.14204936342e-05,6.45996654621e-05,7.53866815243e-05,6.93439466557e-05,6.7285138288e-05,6.91866719062e-05,6.18630695139e-05,5.65337802907e-05,5.90436905535e-05,3.60436525016e-05,3.89981152136e-05,3.2327813041e-05,3.49071051602e-05,3.13643086315e-05,1.18847114642e-05,1.39123203186e-05,1.57797577517e-05,1.04437411512e-05,7.9282462269e-06,1.8689948985e-06,0,0,0,0,0,0,0,0,0,0,0,0,0,0
0.0005251378397276,0.0020393210987441,0.0036608244783488,0.0036135883416056,0.0040797884738095,0.0013653932222377,0.0013982603348643,0.0013069247984079,0.0013341408653925,0.0012917769867704,0.0012932619265852,0.001359857667538,0.0013322372229077,0.0013180023392481,0.0015770922664759,0.0016185956507759,0.0017257671313965,0.0016957493914238,0.0014266481598204,0.0014359820133072,0.0014064517586526,0.001419973962362,0.0014100682572459,0.0014200242366318,0.001362661969496,0.0012558400870839,7.58237303697e-05,7.93145753965e-05,7.40256806174e-05,8.18543221296e-05,0.0001035706138218,0.0001010547561803,9.27061606688e-05,7.86344512319e-05,8.24880329719e-05,7.65085182295e-05,7.69979386221e-05,8.9395832387e-05,7.95280410416e-05,9.82086953533e-05,8.32586089562e-05,8.89122933261e-05,8.43493581512e-05,6.94804321319e-05,8.38254461506e-05,8.00292764935e-05,0.0001082796144022,9.36193009662e-05,0.000106825440832,9.41737786622e-05,0.0001094391882752,7.44059743646e-05,6.02381511659e-05,7.8170525261e-05,6.76089176481e-05,6.82240482837e-05,5.70352471077e-05,6.2887315689e-05,5.56948571143e-05,5.1517100036e-05,3.44305121169e-05,3.35118317399e-05,3.25447684225e-05,3.73076471287e-05,3.03715343673e-05,1.7851551103e-05,1.02409926358e-05,1.22974189701e-05,6.36881789e-06,6.9872865773e-06,1.539977124e-06,0,0,0,0,0,0,0,0,0,0,0,0,0,0
0.0003819215012555,0.0017822024482524,0.0027779980323921,0.0035205497555174,0.0034986221850237,0.0016201135495516,0.0015469865680578,0.0015557900742272,0.0015063444671688,0.0014655508016008,0.0016246938066647,0.0016142070402409,0.0016293352047248,0.0016779354061138,0.0016971477217928,0.0016092380089934,0.0016264530062088,0.0016219000895062,0.0014803431451591,0.0014884648681144,0.0014559507811597,0.0014694558204636,0.0014734546433101,0.0014622293917312,0.0014064987882175,0.0013062762933602,8.05004988251e-05,8.04579662819e-05,7.54318491063e-05,7.6863376703e-05,0.000102495149614,9.76150764107e-05,8.91681218828e-05,7.90775960963e-05,9.58486754139e-05,7.89066345676e-05,7.83467867812e-05,9.832171669e-05,7.91880493494e-05,9.12281597929e-05,8.86636805224e-05,8.74956530371e-05,8.57311150478e-05,7.43361418697e-05,8.01934401968e-05,8.81180342139e-05,9.73242908814e-05,9.7094762534e-05,9.72715735055e-05,8.8019079772e-05,0.0001216631503126,7.5343787791e-05,7.68051298034e-05,7.50999709096e-05,7.32242266833e-05,6.04297945277e-05,6.25282179644e-05,6.12525540169e-05,6.32843054426e-05,4.58922712802e-05,3.46073414551e-05,3.70523087428e-05,3.52799999371e-05,4.42672604386e-05,3.04072188645e-05,1.20223287117e-05,1.25807125942e-05,1.88492183927e-05,8.5213906047e-06,9.6754898217e-06,2.7211192654e-06,0,0,0,0,0,0,0,0,0,0,0,0,0,0
0.0004315531641104,0.00193175438335,0.0036256229101767,0.0036020231228232,0.0038803018785431,0.0015286648040639,0.0015130432662497,0.0014646848994274,0.0014709479036844,0.0014832951226544,0.0014586330903931,0.0014881976842772,0.0015076291028263,0.0015279097834972,0.0017209495127677,0.0016177231791565,0.0016298094876344,0.0015994134408116,0.001691422047435,0.0017037270389841,0.0016583219928628,0.0016701978491883,0.0016676986215681,0.0016767196532826,0.0016093884606435,0.00148930916184,9.89320630453e-05,0.0001057998384553,9.83263386699e-05,8.91744419125e-05,0.0001274961326115,0.0001144243257303,0.0001105202589829,9.76130606326e-05,0.0001131183028689,9.29937311605e-05,9.98048005208e-05,0.0001255276208188,0.0001009668988246,0.0001104969331898,0.0001061310690844,0.0001076510137896,0.000113754214449,8.89335314099e-05,9.55836381513e-05,8.49426598533e-05,0.0001221063686995,0.0001284150626856,0.0001218810434187,0.0001153064798225,0.0001418307322622,8.11270423274e-05,6.51358724076e-05,8.00258216165e-05,7.21135332727e-05,6.73183593318e-05,6.62543068886e-05,7.4980620021e-05,6.28907222387e-05,6.02054943721e-05,4.34684491577e-05,4.06547102864e-05,3.61236548064e-05,4.07611878031e-05,3.46248446029e-05,1.35817435813e-05,1.0919729014e-05,1.55694160611e-05,1.4107042612e-05,1.35207016037e-05,3.0580974396e-06,0,0,0,0,0,0,0,0,0,0,0,0,0,0
0.0004975903990877,0.0019671247642145,0.0033123225506622,0.0035548447818667,0.0032218648827028,0.0016319520461988,0.00156828380296,0.0015557931904357,0.0015002057096139,0.0015047328240994,0.0015452489183294,0.001550013585374,0.0016228783476883,0.0016811240146769,0.0015901601921328,0.0015618671220496,0.0018232632095016,0.001789602431132,0.0014157853638169,0.0014256029225213,0.001393535191416,0.001405741046096,0.0013957709394648,0.0013966610986699,0.0013516249106096,0.0012475133287754,8.7892603383e-05,7.91118388988e-05,7.01517128104e-05,8.47780374264e-05,0.000100547934929,8.91176708331e-05,8.10332979991e-05,8.10369736792e-05,8.80744678044e-05,8.1285330011e-05,7.89799966732e-05,9.9205215532e-05,8.41873232938e-05,0.0001044014029256,9.06458548074e-05,9.42079698361e-05,9.45733869407e-05,7.14780854211e-05,7.87059686378e-05,8.20979188666e-05,0.0001048592829477,9.28596510066e-05,0.000100029039019,9.42908538292e-05,0.0001171690033285,7.50579344303e-05,5.80372741803e-05,8.08024625089e-05,7.23402586617e-05,6.4055476981e-05,5.43310167648e-05,6.46580665429e-05,5.71671083662e-05,4.78215313955e-05,3.46619968669e-05,4.23316781723e-05,3.25491264085e-05,3.83337278111e-05,3.59263269343e-05,1.13242799037e-05,1.12142459401e-05,1.81639530161e-05,8.9179253589e-06,9.6694834773e-06,2.111962009e-06,0,0,0,0,0,0,0,0,0,0,0,0,0,0
0.0002783433685953,0.0018442147353242,0.0035365906720572,0.0036911249235405,0.0036717923681532,0.0016194738444873,0.0015621908485322,0.0016338195163647,0.0015725117137239,0.0016021373270548,0.0016243750847105,0.001690704699517,0.0016105344472859,0.001691584408207,0.001690192025681,0.0016237544764571,0.0017768890596035,0.0017216416878714,0.0015312781866115,0.0015475385364221,0.001516016660637,0.0015385893180347,0.0015202872006529,0.001536714360557,0.0014763165121174,0.0013667735551296,9.56466226447e-05,9.57865496666e-05,7.67930447652e-05,8.8626700426e-05,0.0001070187514791,0.0001092328449335,9.91128356885e-05,7.93131151437e-05,9.73592742471e-05,9.34124710614e-05,8.46738703363e-05,0.0001010342781376,9.71559416355e-05,0.000101862013037,0.000101217276291,0.0001017585074236,0.0001045051334474,8.06830181569e-05,9.60197107887e-05,9.666620444e-05,0.0001076999489237,0.0001151137432949,0.0001145194425683,0.0001094840107317,0.0001272896227588,7.62105205561e-05,7.07908616713e-05,7.90089499501e-05,6.69945011049e-05,7.87630542741e-05,6.50852043339e-05,7.15360719031e-05,6.92804219776e-05,5.14228976831e-05,3.75183008947e-05,3.89188578353e-05,3.00803184904e-05,4.37822203112e-05,3.60124803852e-05,1.30975351065e-05,1.19133359991e-05,1.94881578728e-05,1.27084641042e-05,8.3782127925e-06,1.7705781049e-06,0,0,0,0,0,0,0,0,0,0,0,0,0,0
0.0005687663769573,0.0020427608158479,0.0034114601827118,0.0041259461989071,0.0043574769971466,0.0015944379856042,0.001588468812669,0.0015912359840155,0.0015164728269862,0.0015633269585036,0.0015548423150748,0.0015804109692681,0.0013598836478108,0.0014373328415944,0.0016238614460585,0.0017087817456997,0.0017063757790814,0.001690748524853,0.0013569212160368,0.0013708376482983,0.001341217005789,0.0013594201654763,0.0013427811777053,0.0013563269206939,0.0012969763516,0.0012022244188265,8.01005122558e-05,8.49090979882e-05,8.02555242548e-05,8.30324027586e-05,8.79103186422e-05,9.10159417295e-05,8.56216836165e-05,7.73177918874e-05,8.46906879267e-05,7.93566789222e-05,8.24642411191e-05,9.72434754741e-05,8.45299075739e-05,0.0001014271123331,8.96033764198e-05,8.41077478593e-05,8.23862541166e-05,7.38425771919e-05,8.87143753505e-05,7.57630499021e-05,9.75259920984e-05,0.0001066950797531,0.0001038518387262,9.2548549535e-05,0.0001186137393827,7.14146285255e-05,7.20331425998e-05,8.07881618015e-05,6.53740394715e-05,6.30059269113e-05,6.3677825303e-05,5.89971385059e-05,5.3568376425e-05,4.57093970007e-05,3.4961069171e-05,3.61495020164e-05,3.56694176768e-05,3.83113944594e-05,3.58723989274e-05,1.13771748294e-05,1.04733073184e-05,2.1042009443e-05,1.1218245969e-05,9.2764919509e-06,5.2780641959e-06,0,0,0,0,0,0,0,0,0,0,0,0,0,0
0.0004607570124981,0.0017829787195355,0.0035116812085144,0.0038635675575424,0.0039009790631941,0.0017304007622185,0.0015874658193496,0.0015647309120654,0.0015562357829161,0.0015355333951708,0.0015713540984638,0.0016351587416216,0.0016472920635298,0.0017351552442958,0.0017514172695129,0.001743546078659,0.0017646741907579,0.0017856121647598,0.001346630741016,0.0013589932808447,0.0013285825713564,0.0013358782009573,0.0013342432992367,0.0013468524789097,0.0012899304758402,0.0011917179816551,8.82962760643e-05,8.21679029936e-05,8.49474418099e-05,8.34270207136e-05,0.0001052430281159,9.70237286229e-05,8.95621965838e-05,8.61550130818e-05,9.31760345326e-05,8.46231299381e-05,8.12604694319e-05,9.84938232307e-05,8.77249296937e-05,0.0001018223418803,8.39863954849e-05,8.6291156498e-05,9.61984762571e-05,8.5628748351e-05,9.75085298752e-05,8.6024088093e-05,9.81347605541e-05,9.27446659111e-05,9.77733977343e-05,9.45071063877e-05,0.0001221888191162,7.427353487e-05,6.83823667952e-05,7.28894136014e-05,7.54603947563e-05,7.29473008671e-05,5.80806610039e-05,7.40180620284e-05,5.58307919617e-05,5.0076338474e-05,3.09201958542e-05,3.73539679062e-05,2.86670034877e-05,4.26478449378e-05,3.2848999223e-05,1.39616066706e-05,9.4455058413e-06,1.74797462715e-05,1.15216816617e-05,9.3120033126e-06,2.5723057806e-06,0,0,0,0,0,0,0,0,0,0,0,0,0,0
0.0003430229148577,0.0020324568821189,0.0037891428257937,0.004111167233248,0.0038556380992378,0.0014767016123127,0.0014279486756509,0.0014480251623654,0.001403478336447,0.0014065026824161,0.0014046512007146,0.0014524451441722,0.001468355660287,0.0014937105825242,0.001592902724014,0.0016007709124349,0.0016419737342565,0.0015973451820415,0.0015758838873105,0.0015862803356536,0.0015519242360817,0.0015659433598037,0.0015506467253924,0.0015722963097082,0.0014963732062176,0.0013878344190481,9.19339745965e-05,8.95470904204e-05,8.9755601239e-05,8.08470582614e-05,0.0001219125014258,9.40147503885e-05,9.11353415828e-05,8.63977516423e-05,0.0001050722613365,8.35235910371e-05,8.28383473621e-05,0.000108282549128,9.16229836672e-05,0.0001087952867524,8.55909406754e-05,0.0001000848394475,0.0001032306050879,8.57539148783e-05,8.5008128343e-05,8.94022048701e-05,0.000117754385998,0.0001056646549446,0.0001161444849516,8.87607734481e-05,0.0001339519084553,7.49430120948e-05,6.42770258532e-05,7.74875686561e-05,6.66957643761e-05,6.46642747295e-05,5.61691705848e-05,5.80843920749e-05,5.56331412302e-05,5.48067688307e-05,3.01040419251e-05,3.96756615307e-05,3.16892273791e-05,3.94270430307e-05,3.56235073053e-05,1.25106448905e-05,1.38570435432e-05,1.0228786682e-05,8.3077149918e-06,1.30796092643e-05,2.0422282054e-06,0,0,0,0,0,0,0,0,0,0,0,0,0,0
0.0004098592535268,0.0019796758141805,0.0038510371625542,0.0033822978010102,0.0034611722128084,0.0015233345335023,0.0014767951071901,0.0014573244647964,0.0014285865050406,0.0014692947044618,0.0014942729863428,0.0015419061866534,0.0015112007500589,0.0015746474808971,0.0018101934058214,0.0018668999569097,0.0018274532280547,0.0018192558532279,0.0012168532469656,0.0012255385625371,0.0011995186813414,0.0012098284011306,0.0012062145792753,0.0012142334814205,0.0011628481863159,0.0010754953154108,7.28775510199e-05,7.50639948424e-05,6.99892801972e-05,7.36456074404e-05,8.32691724861e-05,8.75572159219e-05,7.52131182485e-05,7.87385338701e-05,8.14513686416e-05,6.97516784427e-05,7.28211857593e-05,8.58264775765e-05,7.02058294178e-05,8.51568068961e-05,7.77758316509e-05,9.03201136415e-05,8.69398189482e-05,6.87913415967e-05,7.56023384243e-05,7.82723118443e-05,8.92951445427e-05,9.72681796365e-05,9.41886283228e-05,7.94475421947e-05,0.0001199954049808,5.90402390912e-05,6.83308213293e-05,7.28560394392e-05,6.56532575796e-05,5.74214482866e-05,4.74850090957e-05,5.53672955249e-05,5.77877455226e-05,4.60888311186e-05,3.54833074796e-05,3.37060779771e-05,2.86298457916e-05,2.92334812609e-05,3.39196869725e-05,9.0277250435e-06,1.08477666316e-05,1.44115634833e-05,1.057445761e-05,1.17503391638e-05,2.5860187966e-06,0,0,0,0,0,0,0,0,0,0,0,0,0,0
0.0005149923281283,0.002479352618113,0.0033880781799376,0.0040797041259576,0.0046667851940747,0.0014604073291085,0.0014553868002292,0.0014707884418191,0.0014073687123814,0.0014648533692566,0.0015201768074708,0.0014885972134166,0.0014752690660388,0.0016106039386499,0.0015928422749091,0.0016160850879794,0.0015910162759699,0.001634895388112,0.0013791749130475,0.0013885904022719,0.0013611658759625,0.001363481792289,0.0013718954638434,0.0013743002920612,0.001317188749647,0.0012201517459913,8.15218562513e-05,8.58173627096e-05,7.32577190688e-05,8.69637304835e-05,9.5074632995e-05,9.49661050018e-05,8.79711710997e-05,8.31850796998e-05,9.22669666029e-05,8.12599622386e-05,7.58586596457e-05,8.90733731031e-05,7.46477157025e-05,9.78602266175e-05,9.02278082442e-05,9.93152817546e-05,8.32211706901e-05,7.30035231363e-05,9.76899206867e-05,7.9987913542e-05,9.65514605482e-05,9.23973302967e-05,9.90169195348e-05,8.38992760269e-05,0.0001175931888151,6.8042445193e-05,6.79008746986e-05,7.77634451683e-05,6.06392583498e-05,5.65244129712e-05,5.68628676784e-05,5.92132647881e-05,4.72188309772e-05,4.92240212212e-05,3.21992283784e-05,4.01952914596e-05,2.79531682613e-05,3.93860704852e-05,3.42983967513e-05,1.34154600529e-05,1.38653034226e-05,1.32962630508e-05,9.8715415146e-06,9.6177112829e-06,3.7162603304e-06,0,0,0,0,0,0,0,0,0,0,0,0,0,0
0.0003665769290412,0.0020246045485706,0.0036403478667612,0.0045091250200194,0.0035428143380219,0.001590922550811,0.0015062333942275,0.0015302932029633,0.0014793167665226,0.0015134017512841,0.0015177136633253,0.0015180812099625,0.0013849285983637,0.0014442478369371,0.0014796839398337,0.0015306541781202,0.001455136249044,0.0015316645146946,0.0011427030744433,0.0011516536127146,0.001131510998349,0.0011434201252756,0.0011331360921405,0.0011456758668429,0.0010934351084612,0.001014662999189,7.70114963539e-05,6.61552838384e-05,6.04602188607e-05,7.27217795234e-05,7.83262244143e-05,8.64143209858e-05,7.75379463735e-05,7.20522355477e-05,8.97478237321e-05,7.09936375466e-05,7.6278284309e-05,7.24369229937e-05,7.12542540874e-05,9.01550971773e-05,7.05137243958e-05,8.01794999877e-05,8.00924155423e-05,6.91650265393e-05,7.31971487368e-05,7.16721680638e-05,8.11408512454e-05,8.88476963096e-05,9.77153648181e-05,8.07580749467e-05,0.0001056450447078,7.33105592573e-05,6.49674425745e-05,6.68460920839e-05,6.86822836284e-05,5.39253797757e-05,5.85188887966e-05,5.44712392462e-05,5.96477609773e-05,4.78502070867e-05,3.91342222184e-05,3.60036631007e-05,2.79648511858e-05,3.20997383559e-05,2.69767889204e-05,1.20565802468e-05,1.43990740152e-05,1.26905249508e-05,1.20412765691e-05,8.8583736839e-06,2.3564591094e-06,0,0,0,0,0,0,0,0,0,0,0,0,0,0
0.0003650843295062,0.0019716543353714,0.0041386437087315,0.0042460799691857,0.0046777349889659,0.0015693038173177,0.001597686901479,0.0015277303241388,0.0015093019009573,0.0015208018989955,0.0015260136929448,0.0015246303203879,0.0013909911781026,0.0014546823439287,0.0014384631676624,0.0014568774481413,0.0014701837789108,0.0014448504175351,0.0015140327401425,0.001522660288266,0.0014932817797701,0.0015105141487955,0.0014934605051315,0.0015050468448626,0.0014454147449133,0.0013335228460907,7.4666117484e-05,8.29028517975e-05,8.52522246948e-05,8.33098361129e-05,9.62757878741e-05,9.37836038008e-05,8.83097038085e-05,8.43916365426e-05,9.3811082318e-05,9.02102196316e-05,7.91217465542e-05,9.77937173951e-05,8.54720331709e-05,9.43342971436e-05,8.52462106541e-05,8.59022688481e-05,9.90737851991e-05,7.41045258071e-05,8.29787990247e-05,7.62040513344e-05,0.000101755468014,0.0001053936360222,0.0001037308015899,8.67839441639e-05,0.0001329978013575,6.54522941521e-05,6.71941514993e-05,7.252388362e-05,6.70952935197e-05,6.06887692403e-05,5.29412634225e-05,6.2785353131e-05,5.96667732394e-05,4.6200570395e-05,3.09774955692e-05,3.64610026434e-05,3.03639849387e-05,3.80382598367e-05,3.51404956954e-05,1.35378308062e-05,1.29343319619e-05,1.10036860208e-05,8.9647568001e-06,9.3880001632e-06,1.4263739448e-06,0,0,0,0,0,0,0,0,0,0,0,0,0,0
0.0003841911065465,0.0024004811898513,0.0033912710639431,0.003945328844764,0.003629726311385,0.0016089353855741,0.001568594655913,0.0015758142313979,0.0015432392360997,0.0015524758912279,0.0015844602594284,0.0015828018116289,0.0015931044828985,0.0016349813332168,0.0016764213469629,0.0016662037900438,0.0017403843900359,0.0017638219121938,0.0013064364659021,0.0013173145705008,0.0012860855929277,0.001292782141736,0.0012963136241196,0.0013055387990578,0.0012483651184325,0.0011600592647439,8.31802769858e-05,8.25072100934e-05,8.26629255678e-05,7.38032682159e-05,0.0001011901843581,9.25084064412e-05,8.55252579707e-05,8.00977490097e-05,8.76677797781e-05,7.7667980876e-05,7.86027974254e-05,0.0001024132594745,7.5372302031e-05,0.0001004035060858,9.286812552e-05,8.08422309323e-05,8.85276598349e-05,8.03813428941e-05,7.90742900522e-05,8.30906687436e-05,0.0001049498854768,9.90991691744e-05,0.0001049015694921,9.31682114474e-05,0.0001228978808938,7.48005286819e-05,6.47296008886e-05,7.98370110984e-05,7.11889657079e-05,6.08536903428e-05,6.14493290988e-05,6.84742297724e-05,5.93728369155e-05,5.62970477615e-05,3.26863619894e-05,3.6315450613e-05,2.74977363135e-05,4.3413037103e-05,3.3314653931e-05,1.04184104027e-05,1.23586697675e-05,1.30630504693e-05,1.17489896378e-05,1.04451003786e-05,2.1836666788e-06,0,0,0,0,0,0,0,0,0,0,0,0,0,0
0.0003767641029294,0.0021144302234464,0.0044851154433706,0.0042447700235082,0.0041898384505181,0.0015225111569451,0.0014900903088547,0.0015271951880786,0.0014454934314643,0.0014731117827332,0.0015449624908307,0.0016041594163855,0.0016070870593437,0.0016786048442022,0.0016054825362846,0.0016162170768018,0.0016600651914546,0.0016752999608776,0.0013185965507431,0.0013297849745696,0.0013008628733452,0.0013062579442274,0.0013182988519732,0.001323790875732,0.0012648943826147,0.0011676326289763,8.7164017905e-05,8.18642387555e-05,8.69156375844e-05,8.12851698699e-05,0.0001018115376223,0.0001057088580776,8.71739243377e-05,8.00312652596e-05,9.59321632076e-05,8.85175089188e-05,7.86513187192e-05,9.70854734168e-05,8.10939953685e-05,9.97651353581e-05,9.02847388773e-05,8.51231967932e-05,9.71909229071e-05,7.77429131536e-05,8.46375645898e-05,9.12739423531e-05,0.0001031699414394,0.0001047755271913,0.0001027461527897,9.46624843921e-05,0.0001171180522938,7.34580173914e-05,6.4086585312e-05,7.95620732522e-05,7.23130143397e-05,6.61662971718e-05,5.73154404733e-05,6.21565504275e-05,5.64636898907e-05,4.97513571809e-05,3.35883028824e-05,4.08113720652e-05,3.28045419785e-05,3.99116508374e-05,3.56280467781e-05,1.32871878447e-05,9.3772173954e-06,1.50346638835e-05,1.1221980269e-05,8.7471602581e-06,2.5843427226e-06,0,0,0,0,0,0,0,0,0,0,0,0,0,0
0.0004163953626465,0.0021803014853127,0.0037720882424004,0.0040716078807163,0.0035478375533906,0.0013559688626791,0.0013691954875927,0.0013655101143395,0.0013279249512213,0.0013583310435517,0.0013833177472795,0.0014749249154784,0.001478230014112,0.0015283974289519,0.0015852201564678,0.0014953593792328,0.0015382454710852,0.0015175326415308,0.0013394650266796,0.0013492009418991,0.0013196368030309,0.0013303541445198,0.0013304415244206,0.0013396590938802,0.0012794671882645,0.0011878206953113,8.69147206172e-05,7.96635810954e-05,8.02155451935e-05,7.58495382842e-05,9.5530718685e-05,9.12731505362e-05,7.59934654339e-05,7.05345256582e-05,8.3781417025e-05,8.07462316961e-05,7.36435420189e-05,9.50406899243e-05,7.90988095078e-05,9.86933854299e-05,8.32544680135e-05,8.51391795946e-05,7.68574496056e-05,6.78548010844e-05,7.42078309747e-05,7.80562506817e-05,8.93146316569e-05,9.6290491718e-05,9.7952534005e-05,9.48210135082e-05,0.0001097448031028,6.94717727541e-05,5.95833763188e-05,6.37612473865e-05,6.64899154057e-05,5.83842588519e-05,6.0980460529e-05,6.15955674989e-05,5.07126446647e-05,4.30455217232e-05,3.52235627253e-05,4.04193499668e-05,2.39155714596e-05,3.74497490871e-05,2.57579539238e-05,1.17530661186e-05,1.19696875122e-05,1.08952952009e-05,1.05315791533e-05,8.4516463268e-06,1.4225151356e-06,0,0,0,0,0,0,0,0,0,0,0,0,0,0
0.000433899049816,0.0016589016965126,0.0035620556833134,0.00336178233726,0.0036421331817751,0.0015927027696738,0.0015148981799889,0.0015027448442115,0.0014575203327218,0.0015406896324133,0.001643919206532,0.0016689759621107,0.0015415392136321,0.0015975287013944,0.0015907432206626,0.0015338704696402,0.0015375466594398,0.0015394530202364,0.0020159765771208,0.0020287874100832,0.0019852909152834,0.0019996868936673,0.0019854727832115,0.0020009453843506,0.0019145404012996,0.0017685914277918,0.0001060761614665,0.0001028096921659,0.0001044904560382,9.49951582557e-05,0.0001343075649445,0.000123102969402,0.0001064216871305,0.0001007624262485,0.0001136419291611,9.11963181475e-05,9.89302433338e-05,0.0001136157098942,9.55268130614e-05,0.0001115173709356,0.0001037015160924,0.0001069814887423,0.0001127264865904,9.9604028971e-05,0.0001010848024466,9.92391497577e-05,0.0001330270204054,0.0001234446337005,0.0001177806084199,0.0001066586637504,0.0001592264362971,8.18372960173e-05,7.88767374321e-05,8.42668309336e-05,6.93586424374e-05,6.94932635549e-05,6.41743960174e-05,7.0267923179e-05,6.93821365965e-05,5.37666717259e-05,4.13456514693e-05,3.69115444709e-05,3.59555215428e-05,3.86095682593e-05,4.25011733651e-05,1.3610059409e-05,1.36815535215e-05,1.69558630483e-05,1.1518130713e-05,1.15510074827e-05,2.4524386682e-06,0,0,0,0,0,0,0,0,0,0,0,0,0,0
0.0002990047223215,0.0019723208909441,0.0032944412432826,0.0034442880332467,0.0036981523218148,0.0015454515118042,0.0014875125217859,0.0014979031662528,0.0014405415249253,0.0015068171414179,0.0015341273208212,0.0015462499277516,0.0015520321071113,0.0015979672998706,0.0015306546642088,0.0014842738241517,0.001531793011871,0.0015285177893974,0.000897699817918,0.0009029669777215,0.0008828135971798,0.0008927909995757,0.0008985764012224,0.0008921953504323,0.0008557735706956,0.0008024888918928,6.03189880806e-05,6.21337813963e-05,5.46812934504e-05,5.63354170005e-05,6.91258435298e-05,7.0261969251e-05,6.27752275122e-05,5.20551323582e-05,6.27260679427e-05,6.31262899435e-05,6.23757075572e-05,6.6165515425e-05,6.23027444323e-05,6.79770739468e-05,6.35675254079e-05,6.62078185631e-05,6.42105257125e-05,4.98951592789e-05,5.95499809716e-05,7.01129841177e-05,6.66527835824e-05,7.64945517271e-05,7.52120057281e-05,6.87414314647e-05,8.33200049537e-05,6.07936286425e-05,5.1628634339e-05,6.568885258e-05,5.30578169023e-05,5.08257576281e-05,4.77918180702e-05,5.10545998242e-05,5.14561580221e-05,3.92865692081e-05,3.23132866154e-05,3.82445032101e-05,3.13925407084e-05,3.69342176924e-05,2.2982706754e-05,1.2630268119e-05,1.24423056128e-05,1.31939193143e-05,1.45771667771e-05,6.4991612793e-06,9.595114967e-07,0,0,0,0,0,0,0,0,0,0,0,0,0,0
0.0005365470874219,0.0020934619231036,0.003427712811779,0.0038600447555771,0.0037564484667254,0.0016308861759974,0.0015393788395307,0.0015811322522998,0.0014859447573512,0.0015703077273027,0.0015796797771676,0.0016630912783253,0.0014544386958667,0.0015300666418588,0.0014199449398957,0.0014258491099062,0.0015855307436498,0.0015778648575795,0.0007223401441753,0.0007287321354385,0.0007164034716462,0.0007241940938039,0.0007189583998127,0.0007273839337714,0.0006896865147242,0.0006413206170999,5.4570237568e-05,5.4812340554e-05,4.73284122573e-05,5.85434494605e-05,6.12774530417e-05,5.8949079913e-05,6.33744796911e-05,6.14403355865e-05,5.77660183186e-05,5.20344585225e-05,6.47403750136e-05,5.40882884915e-05,4.9049493164e-05,6.42897423434e-05,6.52825987192e-05,6.206349972e-05,5.60722267207e-05,5.87954738527e-05,6.05053854423e-05,6.32622506463e-05,6.96693630696e-05,6.73977989667e-05,6.68085502769e-05,6.00277752198e-05,8.17643337751e-05,5.25663213326e-05,5.75822588759e-05,7.37780807333e-05,5.34122625719e-05,4.58737066991e-05,3.94694222644e-05,5.46560566844e-05,4.65681732025e-05,3.89957080586e-05,2.63036461511e-05,2.76392212649e-05,2.43818520333e-05,3.29438647327e-05,2.77821431457e-05,1.45729608416e-05,1.13238308135e-05,1.48270527248e-05,9.7840433486e-06,7.2436966361e-06,1.3186208433e-06,0,0,0,0,0,0,0,0,0,0,0,0,0,0
0.0003132085865797,0.0020079584875524,0.0034068498555215,0.003220261144395,0.0038170994796913,0.0018153842660207,0.0017098553071669,0.0017127422330312,0.0016650715267529,0.0017006786938283,0.0017395977944345,0.0017208923451654,0.0017120916027757,0.0017777634292689,0.0016444981584197,0.0015822442756685,0.0017165492902214,0.0017342315172909,0.000883763703752,0.0008867195205487,0.0008724767830343,0.0008789837583711,0.000880335913586,0.0008786134223986,0.0008457620754781,0.0007815011020968,5.56546158867e-05,6.2804827117e-05,5.34441465785e-05,5.41850258056e-05,6.24769506374e-05,6.73000933972e-05,7.18535555827e-05,6.19222657825e-05,6.44787463933e-05,6.4586571326e-05,6.05486614015e-05,6.3561324853e-05,6.53178540261e-05,6.86310385369e-05,7.00313652212e-05,6.32756163057e-05,6.4655259323e-05,5.99615163124e-05,6.62786952203e-05,6.22593646414e-05,7.19235661168e-05,7.95109327979e-05,7.93324381228e-05,6.14417727225e-05,8.35509552256e-05,6.39717775248e-05,7.05678925012e-05,7.55025477674e-05,6.54518941061e-05,6.23620159638e-05,5.55555550988e-05,5.37273463953e-05,6.188874672e-05,4.69468708774e-05,3.68277501046e-05,3.61406583806e-05,3.06217563518e-05,3.88647809746e-05,2.89514996665e-05,1.36040511725e-05,1.32760797514e-05,1.04253692567e-05,1.04207250281e-05,5.9335416194e-06,3.1065097486e-06,0,0,0,0,0,0,0,0,0,0,0,0,0,0
0.000349066404383,0.0020270894806072,0.0033072629670447,0.0035611330339191,0.0036105087276476,0.0017321505531753,0.0016124461653345,0.0016171171508689,0.0015856865100594,0.0015815676778238,0.0016737995318645,0.0016854869274999,0.0016107461109418,0.0016303558640517,0.0015685442362371,0.0014530538047074,0.0015304465329465,0.0015434879591597,0.0008357426237914,0.0008390286194988,0.0008282118870065,0.000837247266255,0.0008387021461199,0.0008323933651531,0.0008013892820973,0.000739721454098,5.99393870543e-05,4.25330157227e-05,6.28520487015e-05,5.74657399326e-05,5.7495817762e-05,6.06909550681e-05,5.46746958913e-05,5.51421853177e-05,5.93685487149e-05,5.59150994035e-05,5.9094285966e-05,5.73331089007e-05,5.85346851772e-05,5.8251800879e-05,5.67252090655e-05,6.55717717531e-05,5.57052331301e-05,5.40865457509e-05,5.17342617843e-05,6.40323301661e-05,6.66051997976e-05,7.09677735004e-05,7.21750500169e-05,6.4134044868e-05,6.88368930421e-05,5.17216102297e-05,5.11383472234e-05,6.55161150978e-05,6.43648248544e-05,5.25952896141e-05,4.8504307749e-05,5.16980045451e-05,5.11552578409e-05,4.53578450709e-05,3.59123929605e-05,3.58644257968e-05,2.70300045806e-05,3.03723271888e-05,2.40669424482e-05,1.00206091207e-05,1.09924627815e-05,1.21949788371e-05,8.6858280221e-06,8.9539634381e-06,9.783446722e-07,0,0,0,0,0,0,0,0,0,0,0,0,0,0
0.000337323645009,0.0017769090612753,0.003079497290464,0.003398292461222,0.0035029763135553,0.001385722609225,0.0012821815162524,0.0013305512925416,0.0013284130232647,0.0012941606602502,0.0012581497623894,0.0012996309192047,0.0013133665785437,0.0014124931548361,0.0013934790725923,0.001296579313061,0.0012488611530311,0.0012243502264103,0.0007965862309043,0.0008019777180062,0.0007914137760894,0.0008004138739623,0.0007950401600702,0.0007986344714955,0.0007620357434032,0.0007092881905232,5.29439960961e-05,5.56315237432e-05,4.80879708442e-05,4.13569751057e-05,5.84282552964e-05,5.23273309278e-05,4.93449411123e-05,4.31572703559e-05,5.91271964388e-05,5.79139070419e-05,5.00566837119e-05,5.49341616323e-05,5.31997706209e-05,7.0293150491e-05,5.61141579239e-05,6.50619886489e-05,5.54347908804e-05,4.85542632997e-05,4.94972073749e-05,5.16021804008e-05,6.18364671088e-05,6.22666753756e-05,6.77840822031e-05,5.78028008943e-05,7.07919123563e-05,5.08541948002e-05,4.50806123461e-05,6.40717114722e-05,5.3984254908e-05,5.57900657842e-05,4.35559278435e-05,4.71790864783e-05,4.64886007279e-05,3.85657496517e-05,2.4219791902e-05,2.82035919992e-05,2.13254500598e-05,2.80656716942e-05,2.77812089583e-05,1.00986439815e-05,1.02567219396e-05,1.08824485153e-05,6.1401068966e-06,4.2777937703e-06,2.0619726055e-06,0,0,0,0,0,0,0,0,0,0,0,0,0,0
0.0003144449423052,0.0017902543345174,0.0030262144533698,0.0033469174215932,0.0032722383123022,0.0012437866433221,0.001262078810955,0.0012628383228457,0.0012215682203458,0.0012381652631097,0.0012988004674471,0.0013448707717211,0.0014125897457399,0.001460975197662,0.0014402431117243,0.0013173221840515,0.0013537806151184,0.0013270968949944,0.0007080449304874,0.0007149338998697,0.0006982259253149,0.0007089728995225,0.0007113936368193,0.0007087141199539,0.0006778145267144,0.0006355127928649,5.0918105226e-05,4.87641667645e-05,4.84169896696e-05,4.7495168941e-05,6.05604641853e-05,5.18165717135e-05,5.66184795681e-05,4.61757094622e-05,6.25623737094e-05,4.98208744959e-05,5.32978448364e-05,5.56346977932e-05,4.64327026805e-05,5.97716675877e-05,5.83582027275e-05,5.33055338283e-05,4.95494289654e-05,4.13173436849e-05,5.12384559868e-05,5.76226930214e-05,5.55077061539e-05,6.47006350717e-05,6.04206180589e-05,6.21250071426e-05,6.72706101842e-05,4.92061190944e-05,3.99125414619e-05,5.87349103736e-05,5.12298650271e-05,4.48197995479e-05,4.90636229202e-05,4.31682668519e-05,4.20729040604e-05,3.37236262261e-05,2.83667696934e-05,3.49187206834e-05,2.18830388518e-05,2.21315663294e-05,2.02240469767e-05,7.2827330434e-06,7.2051812101e-06,1.14561296648e-05,1.15717466239e-05,8.5819519223e-06,1.1857007703e-06,0,0,0,0,0,0,0,0,0,0,0,0,0,0
0.0003435201146368,0.0020702096944675,0.0031163765278399,0.0034547979314308,0.0034089538686359,0.0013936198958568,0.0013938206652118,0.001339980460505,0.0013118610309067,0.0012900118897117,0.0013625222930245,0.0013528378839106,0.0015059417934213,0.0015567565859379,0.0016245100332788,0.0015037534928221,0.001655678056939,0.0016032299301167,0.0008470698899687,0.0008549137602366,0.0008358351133434,0.000851903483287,0.0008452522892311,0.000847162697319,0.0008079656581662,0.0007559418979787,6.19153483209e-05,5.80077904619e-05,5.00056774009e-05,4.44690468505e-05,7.11198744275e-05,6.05724658272e-05,5.78591872696e-05,5.30029257465e-05,5.94481993261e-05,5.83777749409e-05,5.54848300428e-05,6.69109363073e-05,5.87239561774e-05,6.9815949763e-05,5.74594010485e-05,7.21929715366e-05,5.4452340637e-05,5.11971327256e-05,5.67025701909e-05,5.7000832405e-05,6.99574195955e-05,7.66187416836e-05,6.96332867307e-05,6.6687075801e-05,7.82775377704e-05,5.58620538825e-05,5.87358651251e-05,6.03643699129e-05,5.8027404147e-05,5.1592744287e-05,4.5875527836e-05,4.58682872828e-05,4.04160982261e-05,3.71200680381e-05,3.21715569567e-05,3.47373303811e-05,3.02269834651e-05,2.78735956172e-05,2.50818406082e-05,9.742788035e-06,1.01922303275e-05,1.72441463887e-05,1.23106264222e-05,1.00681015337e-05,3.2215232675e-06,0,0,0,0,0,0,0,0,0,0,0,0,0,0
0.0003624132313158,0.0020836545240326,0.0036703260906273,0.0034702491936409,0.0035198253058207,0.0016377737133782,0.0016102657276162,0.0016122877824155,0.0015560167055655,0.001603890189732,0.0015802028869537,0.001652447769025,0.0016881325785726,0.0017242722633545,0.0015728544882835,0.0014939940742091,0.0016177951101855,0.0016192544808785,0.0006995497711444,0.0007024493949141,0.0006904325561743,0.0006884362986046,0.0007061983573982,0.0006991144194696,0.0006684967333934,0.0006275766622215,5.86702375916e-05,5.35385730459e-05,5.58882724908e-05,5.69998976955e-05,6.36278802155e-05,6.17821230081e-05,6.41121924086e-05,5.78789792251e-05,5.78298523672e-05,5.50346731886e-05,6.10215020241e-05,5.97408612642e-05,5.52682399758e-05,7.19742093894e-05,5.55361088924e-05,5.79652634272e-05,5.55171935606e-05,5.68806954593e-05,4.81322081298e-05,6.64423378921e-05,7.0769285363e-05,7.07184083308e-05,6.73342556923e-05,5.84447210722e-05,8.22743624471e-05,5.99316447772e-05,5.3271029968e-05,7.40173932538e-05,6.11204380025e-05,5.41155894757e-05,4.75943904276e-05,4.30220600109e-05,4.66319958962e-05,4.58019386218e-05,2.93502566506e-05,2.6159983704e-05,2.66454343942e-05,2.5228637194e-05,2.44652670125e-05,1.04834187539e-05,1.10161548292e-05,9.5779071567e-06,8.5840155001e-06,7.8377472458e-06,1.9307306074e-06,0,0,0,0,0,0,0,0,0,0,0,0,0,0
0.0005000943667988,0.0016979070437365,0.0030628979547238,0.0034974818964747,0.0030811753136454,0.0015784890341452,0.0014276100574264,0.0014340842130403,0.0014256572998225,0.0014519224815794,0.001405392336936,0.0014855929901274,0.0014813793510648,0.0015208717090396,0.0014400054577697,0.0013914652848495,0.0013883864446375,0.0014227349024483,0.0005449627495252,0.000549311753196,0.000537401313441,0.0005421467353211,0.0005461815286458,0.0005461544999707,0.0005251583312116,0.0004907363671035,5.4134613881e-05,5.57197343956e-05,4.45383178349e-05,4.94286896333e-05,5.45875033715e-05,4.9502483389e-05,4.87146900824e-05,4.91067431661e-05,6.35599865547e-05,5.35721344583e-05,4.65685453258e-05,6.01848619203e-05,4.86540652526e-05,5.6219783478e-05,4.98699233349e-05,5.47132907206e-05,5.75564984252e-05,4.77409530291e-05,5.28036433265e-05,5.6091987101e-05,5.76667983183e-05,7.05661692572e-05,6.24364187788e-05,5.22063404313e-05,6.70959418858e-05,4.81536475085e-05,4.69445247663e-05,5.90874153476e-05,5.70315056769e-05,4.72437041484e-05,4.0147064011e-05,4.15826176843e-05,4.82003403427e-05,4.27505512946e-05,2.93998325128e-05,3.09475314489e-05,2.3852051183e-05,2.928790862e-05,2.08575840036e-05,7.7097337441e-06,7.3562016876e-06,8.8461698263e-06,8.2685443703e-06,6.1830733898e-06,8.201847567e-07,0,0,0,0,0,0,0,0,0,0,0,0,0,0
0.0002968686918621,0.0009676425999621,0.0020439911510987,0.0025008548170486,0.0025451920145669,0.0010050304190061,0.0009964108063028,0.000961199882886,0.0009424059322095,0.0009811990667403,0.0010297784025287,0.0010144688967377,0.001060100203672,0.0011318189447573,0.0011107937226283,0.0010643526446202,0.0011185627277046,0.0010572573100275,0.0005356400398561,0.0005388842284375,0.0005273075634354,0.0005414944727327,0.0005337573698968,0.000532383480151,0.000513639724076,0.0004849570141746,3.79355759079e-05,3.12780514463e-05,3.31858405569e-05,3.57800552756e-05,4.63149848591e-05,3.24560178594e-05,3.75725167754e-05,4.01039544299e-05,4.02289373358e-05,3.7121925088e-05,3.64100120979e-05,4.50531076581e-05,3.65635788439e-05,4.25280285369e-05,3.95473492798e-05,3.50269216964e-05,3.27781502542e-05,3.81082451634e-05,3.58122600447e-05,4.75634311115e-05,4.00889121525e-05,4.24792629379e-05,4.37039387278e-05,4.42922784554e-05,5.34949030914e-05,4.10644190267e-05,3.28309580016e-05,4.8057701476e-05,4.6817286019e-05,3.07618206839e-05,3.50129635307e-05,3.73658276649e-05,3.20241501288e-05,3.04820605715e-05,1.96342741531e-05,2.22137891126e-05,2.06484293468e-05,2.02999176882e-05,2.37975875863e-05,7.3691906871e-06,7.444283798e-06,1.07727126262e-05,6.2523526973e-06,5.0235952273e-06,2.1275753494e-06,0,0,0,0,0,0,0,0,0,0,0,0,0,0
0.0003072069695727,0.0012941123019207,0.0026321163582297,0.0022634503391694,0.0024442492915113,0.0011264989596559,0.0011274280079853,0.0011101059398187,0.0010707959401226,0.0011155581200602,0.0010749722243367,0.0011705752045439,0.0010559095895198,0.0011110529986296,0.0011042313183142,0.0011270041242821,0.0011756989060923,0.0011079930606379,0.0006091201141633,0.000614766363775,0.0006048362191558,0.0006105105996688,0.0006114096540447,0.00060581445224,0.0005875933983063,0.0005425219842877,3.86043196879e-05,4.02655065493e-05,3.87485495831e-05,3.34129476423e-05,5.48276186304e-05,4.66397194608e-05,4.31321478868e-05,3.45828672929e-05,4.47704405778e-05,3.71640604603e-05,4.009644258e-05,4.3341053251e-05,4.59302266494e-05,4.53764126402e-05,4.20603591183e-05,4.35245670925e-05,4.44346528743e-05,3.72341171309e-05,4.59832253954e-05,4.5009184271e-05,4.85338293355e-05,4.85444748784e-05,5.46200001837e-05,5.22783712932e-05,4.91227607764e-05,4.99909692936e-05,3.54839033914e-05,4.85089474339e-05,4.80909941702e-05,3.68454644984e-05,4.43317929648e-05,4.14989348548e-05,2.93589934794e-05,3.30037631634e-05,2.28486543669e-05,2.90249333361e-05,1.9056382747e-05,2.49265073404e-05,1.66395644134e-05,1.03972422672e-05,7.2087840941e-06,8.1218614122e-06,6.0953854453e-06,5.4914678652e-06,1.6865630443e-06,0,0,0,0,0,0,0,0,0,0,0,0,0,0
0.0002645726789735,0.0011784329208846,0.0020324197555132,0.0029222741501648,0.0028679926931849,0.0011287197516668,0.0011106799459655,0.0010369227187134,0.001023844710686,0.0010946400748766,0.0010773912682669,0.0012207660599131,0.0012173252339243,0.0012181979774151,0.0010894748333195,0.0009878442104652,0.0010197660032197,0.0009671917412479,0.0004972561877543,0.0005000722965523,0.0004837424464103,0.0004969011967397,0.0004963794315155,0.000488172087799,0.000472799426213,0.0004429366839993,3.69463196565e-05,3.15711050253e-05,3.37115454887e-05,3.50834177688e-05,4.08877639552e-05,4.54646140674e-05,4.28131135087e-05,3.62949058358e-05,3.95775689159e-05,3.84885202671e-05,4.07140384339e-05,4.10681662914e-05,3.76614882226e-05,3.74005113602e-05,4.42579928739e-05,3.56209137577e-05,3.78472477903e-05,3.37269358055e-05,3.4102037295e-05,3.72813820119e-05,4.31022316407e-05,3.91985814717e-05,4.68197960579e-05,3.29866737062e-05,5.10283093561e-05,4.37596699266e-05,3.33808441121e-05,4.38309542356e-05,3.86519162858e-05,2.97100139464e-05,2.9627133979e-05,3.85088329374e-05,3.18897809407e-05,2.71261537735e-05,2.2649052753e-05,2.03219559094e-05,1.25003777052e-05,2.30972627703e-05,1.68641519995e-05,5.5821030978e-06,8.6630509723e-06,1.43150827822e-05,5.54290257e-06,5.7373595402e-06,8.286550086e-07,0,0,0,0,0,0,0,0,0,0,0,0,0,0
0.0001308260074038,0.0012379158942974,0.0021713521012259,0.002158710854363,0.0023796057456647,0.0011320775166914,0.0011194999626605,0.0010949892733968,0.0010842223596207,0.0010848651970887,0.0010416289739626,0.0011586301104589,0.0011548421115307,0.0011862653967239,0.0011736578100185,0.0011413870048569,0.0012887241391634,0.0013010424948442,0.0005222824601089,0.000526765762544,0.000518473767476,0.0005237536426877,0.0005223949478757,0.0005273178000742,0.0005043813523203,0.0004715879115301,3.89911548842e-05,4.9237027141e-05,3.42769864005e-05,3.91932347407e-05,5.24073759839e-05,4.90676010427e-05,3.99780761639e-05,3.7107125472e-05,4.1224978844e-05,4.25619687373e-05,4.92801557105e-05,4.47027538994e-05,4.27871159958e-05,5.25129856519e-05,4.58561378303e-05,5.11203320666e-05,4.54245547271e-05,3.32209641548e-05,4.63517098402e-05,4.12814365818e-05,5.20877321517e-05,5.96990467358e-05,5.49501712033e-05,4.98288074363e-05,5.28584411833e-05,4.96649834569e-05,4.35089886581e-05,5.36637320879e-05,4.18964089239e-05,3.77184562892e-05,2.89046676874e-05,3.42556618368e-05,2.91270392869e-05,3.21310314133e-05,2.14798437257e-05,2.5642495445e-05,2.22809823355e-05,2.25999073835e-05,1.55129324774e-05,9.4606183088e-06,5.7307945455e-06,9.3852003828e-06,5.1953781857e-06,5.583986567e-06,2.2062492503e-06,0,0,0,0,0,0,0,0,0,0,0,0,0,0
0.0001193124368049,0.0015147736209415,0.0022619368610269,0.0028804628693405,0.0022595775755533,0.000922125000825,0.0008618110421501,0.00087135557423,0.000808229554905,0.0008694620983527,0.0009081852921818,0.0009896880778743,0.001025144286035,0.0010468186299766,0.00108906610835,0.0010828416151223,0.0010172772481465,0.0010208560097657,0.0004465394386165,0.0004493624800877,0.0004423129618512,0.0004447653402102,0.0004469627753665,0.0004435199110018,0.0004276758266814,0.0003963031961603,3.72414029561e-05,3.84591004931e-05,3.333739737e-05,4.34239272994e-05,4.66320556254e-05,3.92735171609e-05,4.61268547655e-05,3.55894147163e-05,3.81866535943e-05,3.5720691428e-05,3.48975872316e-05,3.91475471731e-05,4.13403408537e-05,4.45298507461e-05,4.42648717928e-05,4.05927051639e-05,4.23118898397e-05,3.97386224197e-05,4.16127292678e-05,3.5766203171e-05,4.96080284581e-05,4.72293326427e-05,5.05697315122e-05,3.53323251691e-05,5.99859584077e-05,3.18604453397e-05,3.78267877683e-05,4.12121231299e-05,3.42254309467e-05,3.84909726909e-05,2.72303466618e-05,3.1778108752e-05,2.91193573418e-05,2.35900891947e-05,2.59596629856e-05,1.76469674992e-05,1.67713337985e-05,1.59927510866e-05,1.48756467163e-05,6.5335430528e-06,5.7770035011e-06,1.10885662995e-05,4.5744409548e-06,6.6291864366e-06,3.1605720041e-06,0,0,0,0,0,0,0,0,0,0,0,0,0,0
0.00023685460289,0.0006536013105377,0.0012391677872404,0.0011125696356535,0.0011360483234083,0.0004358420048684,0.0004385959470488,0.0004152144209557,0.0004161063775069,0.0004157295622033,0.0003979289136032,0.0004412825406334,0.0004814995921198,0.0004871042277246,0.0005604383146341,0.0005166293368934,0.0005548455967019,0.0005724874967558,0.0003014120549552,0.0003030272625007,0.0002981419284947,0.0002999276916712,0.0002959838295844,0.0003000900904564,0.0002826537889657,0.0002629009215856,1.42991614594e-05,1.4277536699e-05,1.56522934075e-05,1.48630505882e-05,1.94246658436e-05,2.40882937251e-05,1.8977524946e-05,1.49685374145e-05,1.71816345966e-05,2.49303878253e-05,1.6383521408e-05,1.82335907707e-05,1.54729023279e-05,1.923037394e-05,1.66699069343e-05,2.04861903475e-05,1.76443391949e-05,1.25585427635e-05,1.93267088814e-05,1.89804576547e-05,2.26930630349e-05,1.75379132405e-05,2.23939993958e-05,1.9143087718e-05,2.28091266256e-05,2.07904164923e-05,2.35603354402e-05,2.29944027689e-05,1.69208463107e-05,1.66138681776e-05,1.16433901169e-05,1.46572282441e-05,1.48161277198e-05,1.03539226184e-05,9.5452182759e-06,1.30932134994e-05,6.5917526364e-06,1.15810716944e-05,7.7579809813e-06,1.4522826619e-06,5.976196511e-06,3.5455101969e-06,3.0816131891e-06,1.1890180744e-06,4.530691061e-07,0,0,0,0,0,0,0,0,0,0,0,0,0,0
0.0001699646001634,0.0007916553205652,0.0016954857644247,0.0012976158058758,0.0016366373180842,0.0005392990697869,0.0005106359963017,0.0005168500868548,0.0005235962984263,0.0004878110289892,0.0004905429403028,0.0004728466795721,0.0004487760939114,0.0004951623247601,0.0004479931212451,0.0004782554450311,0.0005391567320659,0.0005152554784788,0.000291143749323,0.0002900175983625,0.0002817755461645,0.0002935119300087,0.000283262933352,0.0002850172450576,0.0002743596649947,0.0002629357751419,1.48851088756e-05,1.71460211191e-05,1.3509342644e-05,1.66210645879e-05,1.50254868396e-05,1.85537914614e-05,2.06564928731e-05,1.16937935981e-05,2.28086537499e-05,1.62188246629e-05,1.94423225425e-05,1.66246605083e-05,1.73762282604e-05,1.98360775075e-05,1.74023075046e-05,1.57172034046e-05,2.21625909362e-05,1.71129746455e-05,2.26519690884e-05,2.57064053112e-05,2.4587381979e-05,2.35924167754e-05,1.79224269843e-05,2.21089374248e-05,2.60020923765e-05,2.32260700703e-05,2.07611445103e-05,2.5447667273e-05,2.10497630194e-05,1.91355314433e-05,1.3063339503e-05,1.73884981704e-05,1.7655745433e-05,1.12032340942e-05,1.09348602929e-05,1.02947155733e-05,1.16010731652e-05,7.9555153091e-06,7.7790548188e-06,6.7771815131e-06,1.2294231078e-06,5.4208769631e-06,2.6080160303e-06,9.321616349e-07,1.9222452535e-06,0,0,0,0,0,0,0,0,0,0,0,0,0,0
0.0001244186456205,0.0006848530758932,0.0013286736898974,0.0014294564630165,0.0014489817489958,0.0005556805494925,0.0006114037689077,0.0005329595741787,0.0004966651891321,0.0005256836484037,0.0005729601946637,0.0005848793831413,0.0004517865075671,0.0004678155386086,0.0004357352897438,0.0004468941939598,0.0005523682821794,0.0005177650683396,0.000371930895888,0.0003716985452436,0.0003577327155135,0.0003674679176961,0.000362562788285,0.0003523118272223,0.000342666103769,0.000325307931376,2.77414791295e-05,2.28612072116e-05,1.36464641102e-05,2.00288791424e-05,2.3967656554e-05,1.74183339866e-05,2.57857286606e-05,2.33033262446e-05,2.51050319335e-05,1.88995584091e-05,2.82680995041e-05,2.30024243568e-05,2.73121676024e-05,3.14886148936e-05,3.39289613365e-05,2.8225753172e-05,1.58757566392e-05,2.20625971356e-05,2.10798027764e-05,2.19860259557e-05,2.02986351423e-05,2.41994597834e-05,2.78854027256e-05,1.95291986e-05,3.1271819137e-05,2.3900613766e-05,2.63798981015e-05,1.93923273562e-05,2.26617591944e-05,1.97023908341e-05,2.01561503391e-05,2.85492634296e-05,1.48965950652e-05,1.30739077963e-05,1.53559169445e-05,1.12555901519e-05,1.86029372987e-05,1.26432110911e-05,1.44897189287e-05,3.9017851275e-06,5.2605349784e-06,5.1131336197e-06,4.5819159305e-06,2.1772142804e-06,4.524693458e-07,0,0,0,0,0,0,0,0,0,0,0,0,0,0
0.0001091740118016,0.0008861226328914,0.0010818643063477,0.0013318457892008,0.0013360121472484,0.0004709802933853,0.0004617232350697,0.0004452435531165,0.0004294741905091,0.0004172352981103,0.0004257332272222,0.0004724453663863,0.0006014120505963,0.000667508725401,0.0006983075108216,0.0005346554703287,0.000489067263554,0.0004841975379354,0.0002592761687751,0.0002620653333477,0.0002567633812492,0.0002609180918222,0.0002592231771576,0.0002572779089454,0.0002503923391821,0.0002260403868169,1.80953846651e-05,1.35427188437e-05,1.0983316449e-05,2.12343121867e-05,2.45330933526e-05,1.65408467631e-05,1.94847727616e-05,2.4082156519e-05,1.74647996722e-05,1.02882990871e-05,1.34326222213e-05,2.19070716031e-05,1.40947278565e-05,2.1583550993e-05,1.90132069138e-05,1.95556992515e-05,1.35531099983e-05,1.70157344399e-05,1.64501167211e-05,2.19273800214e-05,1.73825794385e-05,2.28775045246e-05,2.18776042084e-05,1.98420243949e-05,2.23286420243e-05,2.77559064603e-05,1.82971611345e-05,2.03743370624e-05,1.69656638699e-05,1.16846391145e-05,2.14000923244e-05,2.14230066274e-05,1.40331105183e-05,1.28447681392e-05,9.3678776785e-06,8.8789361453e-06,7.5713263491e-06,7.3566156827e-06,6.2830375124e-06,3.5645917469e-06,2.6602207805e-06,4.8160853988e-06,1.1911385684e-06,2.8204614035e-06,1.1748317588e-06,0,0,0,0,0,0,0,0,0,0,0,0,0,0
5.03920501502e-05,0.0005747213319627,0.0007254775486619,0.0007547889244993,0.0009634959988712,0.0004811637184325,0.0004745195787566,0.0004504809884971,0.0004551100335081,0.0004659149955588,0.0004856319616444,0.0005207255478234,0.0004672187584259,0.0004847608761843,0.0005628797434202,0.0005470443094766,0.0005006046677519,0.0005214008806951,0.0002284933772674,0.0002323885020672,0.0002285398305432,0.0002296022384775,0.0002290549596159,0.0002327852855492,0.0002200141364639,0.0002076023332374,1.94696492191e-05,1.63747746714e-05,1.17243081354e-05,1.5255226621e-05,2.40562894623e-05,1.81278574196e-05,2.13574558752e-05,1.71059330392e-05,1.44322015809e-05,1.22868697208e-05,1.66024138631e-05,2.2855752537e-05,1.66358151063e-05,1.54892063344e-05,1.71144180429e-05,1.72047571635e-05,2.32273728729e-05,2.05821599192e-05,1.74463142429e-05,1.75596621599e-05,1.98151218094e-05,2.21395451696e-05,1.8562877182e-05,1.73333196283e-05,2.43751962491e-05,1.34706190493e-05,1.47459767868e-05,1.26283756094e-05,1.90380689929e-05,8.861498384e-06,1.72763007578e-05,1.90719809304e-05,1.39477018095e-05,1.04556143668e-05,8.1933277746e-06,8.7075535308e-06,8.5308977214e-06,8.6070279734e-06,9.9115096235e-06,1.4971595225e-06,1.035014889e-06,2.4911288104e-06,3.0702101879e-06,3.9591554807e-06,4.304828065e-07,0,0,0,0,0,0,0,0,0,0,0,0,0,0
4.84881230074e-05,0.0002562943644679,0.0004532773641856,0.0002554285051285,0.0004931068937989,0.0001101287616119,0.0001158159563077,0.000123840874981,0.0001090125865705,0.0001113096360762,8.86462363791e-05,7.05741044524e-05,0.0001088905080185,9.64250757947e-05,0.0001462916054792,0.0001403945781336,0.0001116212867367,0.000124419224553,5.93248191513e-05,5.9376737846e-05,5.88557616926e-05,5.91871981515e-05,5.81074028159e-05,5.70063615414e-05,5.7609001683e-05,5.26596816954e-05,3.5530066171e-06,7.42481574e-07,8.3869181e-07,1.877587712e-06,6.9156421575e-06,3.0103909623e-06,5.6352275763e-06,2.4621437068e-06,3.5075198801e-06,2.7917950681e-06,4.8137376897e-06,5.3294719987e-06,3.7459629659e-06,3.374655437e-06,1.00389802688e-05,4.8996446945e-06,3.7389198904e-06,4.669913021e-06,6.949837547e-06,4.8156912593e-06,3.1037992482e-06,4.771764395e-06,5.6541182043e-06,3.0076957012e-06,5.3353507984e-06,2.050298016e-06,2.7673863654e-06,6.8162072546e-06,2.1445492904e-06,4.4035890044e-06,2.4608001768e-06,6.291382039e-06,3.5421720332e-06,1.4298596727e-06,3.5773975764e-06,2.7570640469e-06,1.2702610952e-06,3.5059037853e-06,4.8717145242e-06,5.881398935e-07,2.2003954509e-06,5.33728926e-07,1.3184394645e-06,4.438051923e-07,7.890942e-09,0,0,0,0,0,0,0,0,0,0,0,0,0,0
0,0,0,0,0,0,0,0,0,0,0,0,0,0,0,0,0,0,0,0,0,0,0,0,0,0,0,0,0,0,0,0,0,0,0,0,0,0,0,0,0,0,0,0,0,0,0,0,0,0,0,0,0,0,0,0,0,0,0,0,0,0,0,0,0,0,0,0,0,0,0,0,0,0,0,0,0,0,0,0,0,0,0,0,0
0,0,0,0,0,0,0,0,0,0,0,0,0,0,0,0,0,0,0,0,0,0,0,0,0,0,0,0,0,0,0,0,0,0,0,0,0,0,0,0,0,0,0,0,0,0,0,0,0,0,0,0,0,0,0,0,0,0,0,0,0,0,0,0,0,0,0,0,0,0,0,0,0,0,0,0,0,0,0,0,0,0,0,0,0
0,0,0,0,0,0,0,0,0,0,0,0,0,0,0,0,0,0,0,0,0,0,0,0,0,0,0,0,0,0,0,0,0,0,0,0,0,0,0,0,0,0,0,0,0,0,0,0,0,0,0,0,0,0,0,0,0,0,0,0,0,0,0,0,0,0,0,0,0,0,0,0,0,0,0,0,0,0,0,0,0,0,0,0,0
0,0,0,0,0,0,0,0,0,0,0,0,0,0,0,0,0,0,0,0,0,0,0,0,0,0,0,0,0,0,0,0,0,0,0,0,0,0,0,0,0,0,0,0,0,0,0,0,0,0,0,0,0,0,0,0,0,0,0,0,0,0,0,0,0,0,0,0,0,0,0,0,0,0,0,0,0,0,0,0,0,0,0,0,0
0,0,0,0,0,0,0,0,0,0,0,0,0,0,0,0,0,0,0,0,0,0,0,0,0,0,0,0,0,0,0,0,0,0,0,0,0,0,0,0,0,0,0,0,0,0,0,0,0,0,0,0,0,0,0,0,0,0,0,0,0,0,0,0,0,0,0,0,0,0,0,0,0,0,0,0,0,0,0,0,0,0,0,0,0
0,0,0,0,0,0,0,0,0,0,0,0,0,0,0,0,0,0,0,0,0,0,0,0,0,0,0,0,0,0,0,0,0,0,0,0,0,0,0,0,0,0,0,0,0,0,0,0,0,0,0,0,0,0,0,0,0,0,0,0,0,0,0,0,0,0,0,0,0,0,0,0,0,0,0,0,0,0,0,0,0,0,0,0,0
0,0,0,0,0,0,0,0,0,0,0,0,0,0,0,0,0,0,0,0,0,0,0,0,0,0,0,0,0,0,0,0,0,0,0,0,0,0,0,0,0,0,0,0,0,0,0,0,0,0,0,0,0,0,0,0,0,0,0,0,0,0,0,0,0,0,0,0,0,0,0,0,0,0,0,0,0,0,0,0,0,0,0,0,0
0,0,0,0,0,0,0,0,0,0,0,0,0,0,0,0,0,0,0,0,0,0,0,0,0,0,0,0,0,0,0,0,0,0,0,0,0,0,0,0,0,0,0,0,0,0,0,0,0,0,0,0,0,0,0,0,0,0,0,0,0,0,0,0,0,0,0,0,0,0,0,0,0,0,0,0,0,0,0,0,0,0,0,0,0
0,0,0,0,0,0,0,0,0,0,0,0,0,0,0,0,0,0,0,0,0,0,0,0,0,0,0,0,0,0,0,0,0,0,0,0,0,0,0,0,0,0,0,0,0,0,0,0,0,0,0,0,0,0,0,0,0,0,0,0,0,0,0,0,0,0,0,0,0,0,0,0,0,0,0,0,0,0,0,0,0,0,0,0,0
0,0,0,0,0,0,0,0,0,0,0,0,0,0,0,0,0,0,0,0,0,0,0,0,0,0,0,0,0,0,0,0,0,0,0,0,0,0,0,0,0,0,0,0,0,0,0,0,0,0,0,0,0,0,0,0,0,0,0,0,0,0,0,0,0,0,0,0,0,0,0,0,0,0,0,0,0,0,0,0,0,0,0,0,0
0,0,0,0,0,0,0,0,0,0,0,0,0,0,0,0,0,0,0,0,0,0,0,0,0,0,0,0,0,0,0,0,0,0,0,0,0,0,0,0,0,0,0,0,0,0,0,0,0,0,0,0,0,0,0,0,0,0,0,0,0,0,0,0,0,0,0,0,0,0,0,0,0,0,0,0,0,0,0,0,0,0,0,0,0
0,0,0,0,0,0,0,0,0,0,0,0,0,0,0,0,0,0,0,0,0,0,0,0,0,0,0,0,0,0,0,0,0,0,0,0,0,0,0,0,0,0,0,0,0,0,0,0,0,0,0,0,0,0,0,0,0,0,0,0,0,0,0,0,0,0,0,0,0,0,0,0,0,0,0,0,0,0,0,0,0,0,0,0,0
0,0,0,0,0,0,0,0,0,0,0,0,0,0,0,0,0,0,0,0,0,0,0,0,0,0,0,0,0,0,0,0,0,0,0,0,0,0,0,0,0,0,0,0,0,0,0,0,0,0,0,0,0,0,0,0,0,0,0,0,0,0,0,0,0,0,0,0,0,0,0,0,0,0,0,0,0,0,0,0,0,0,0,0,0
0,0,0,0,0,0,0,0,0,0,0,0,0,0,0,0,0,0,0,0,0,0,0,0,0,0,0,0,0,0,0,0,0,0,0,0,0,0,0,0,0,0,0,0,0,0,0,0,0,0,0,0,0,0,0,0,0,0,0,0,0,0,0,0,0,0,0,0,0,0,0,0,0,0,0,0,0,0,0,0,0,0,0,0,0
