0.0014928143095654,0.0078201100540391,0.0145656125584106,0.0159166606685945,0.015796946205055,0,0,0,0,0,0,0,0,0,0,0,0,0,0,0,0,0,0.0001661818813059,0.0001826942211045,0.0002165656873579,0.0002233399806086,0.0003413961536127,0.0001460706982179,0.0001530566881327,0.0002387938370867,0.0004097388933345,0.0003016677463197,0.0003945320162978,0.0001747908789787,0.0002583757785145,0.0002737237866606,0.000390686193567,0.0003270713460097,0.0001964545042699,0.0004631923010157,0.0001778251978305,0.0004118558599754,0.0005095538704501,0.0002201645306473,0.0004728597820089,0.0001757082311897,0.0004222642792928,0.0002000533475593,0.0003118291861957,0.0004082922994633,0.0003276005876699,0.0003552270023329,0.0003102414612151,0.0003217789294076,0.0003849703836367,0.0002383704437585,0.0002367827187779,0.0004213822098591,0.0004351777758019,0.0001418367649363,0.0001889392726949,0.0002249277055892,0.0001100822653237,0.0001428952482567,9.52634988378e-05,3.81053995351e-05,0.0001153746819258,6.13920325844e-05,4.23393328168e-05,9.10295655561e-05,2.43451163697e-05,0,0,0,0,0,0,0,0,0,0,0,0,0,0
0.0077499237738784,0.0394243599103749,0.0725126157727931,0.0769634520223,0.0783957338547479,0,0,0,0,0,0,0,0,0,0,0,0,0,0,0,0,0,0.0013867559561273,0.0011506298095885,0.0008740129066908,0.0007974371239395,0.0010590185991737,0.0013624195429789,0.0012862633535577,0.0013546570663713,0.0018133774745517,0.0018965618522528,0.0017205074841464,0.0014330860529974,0.0013607411696584,0.001738899658451,0.0013380831298306,0.0018663511324824,0.0016334768342522,0.001791139028054,0.0014570378389265,0.0015187180584577,0.0017425711000898,0.001615224524391,0.001739808777333,0.0015789297013335,0.001768970513778,0.0016233016959962,0.0015241727717496,0.00236300977093,0.0018356159210493,0.0018077129645947,0.0019966348614922,0.0019781727549659,0.0018118039995636,0.0012321358139691,0.0016793174055705,0.0012868927435529,0.0015455370654761,0.0012909837785219,0.0006860350947861,0.0008624740901119,0.0007737301007863,0.0006739717865445,0.0009611834210283,0.0006127111603434,0.0002160905650244,0.0002339232815555,0.0002821765145221,0.0002632948146656,2.41266164833e-05,0,0,0,0,0,0,0,0,0,0,0,0,0,0
0.0139132389528226,0.0698921654469729,0.122916224321215,0.128173580062673,0.13810587845931,0,0,0,0,0,0,0,0,0,0,0,0,0,0,0,0,0,0.0017970852720703,0.0016835415137415,0.0017183225047167,0.0017134693431853,0.0026848768072129,0.001840763725853,0.0017797958841146,0.002048236381321,0.0030876218092991,0.0025307215235692,0.0019048321985698,0.0028230908033263,0.0021630945375645,0.0024860319944674,0.002157230300714,0.0030791287766191,0.0031344345965708,0.0035837564683544,0.0026147418825818,0.0024549919821727,0.0025306204160373,0.0025974524946261,0.0034142665423718,0.0025919926879033,0.0039764244197607,0.003585171973801,0.0031368611773365,0.0032739292880884,0.0030052191707969,0.0038483548793484,0.0032201737836258,0.0034544399350485,0.0033051041104256,0.0025071634686354,0.0023567154611616,0.0024328494326856,0.0023664891892457,0.0021175961482075,0.0011863957793672,0.001297715171994,0.001145346121414,0.0018689727272543,0.0016603878889354,0.0006625576565701,0.0007275697995847,0.0004409299466354,0.0004226294833607,0.000599163234066,4.65094646761e-05,0,0,0,0,0,0,0,0,0,0,0,0,0,0
0.0153342891833941,0.0748189595510904,0.129273859880267,0.138206740986388,0.146324362211426,0,0,0,0,0,0,0,0,0,0,0,0,0,0,0,0,0,0.0018395354813446,0.0014508049943506,0.0021434223783127,0.0014626341487292,0.002572093257246,0.0020825430234503,0.0021377117520609,0.0031518577890903,0.00325730042381,0.0026823627308215,0.0023487669806151,0.0024719533469029,0.0022901650778889,0.001988521641234,0.0031016858584499,0.0028678561085345,0.0030908764587591,0.0031677659622201,0.0026409606904963,0.002965038730283,0.0027270279861477,0.0021826829337934,0.0032232066254142,0.0030565107257798,0.0039935293165876,0.0036375669468953,0.0028429740941519,0.0034742702295536,0.0030576324559364,0.0033311306632077,0.0032021316951994,0.0033339859763335,0.0040563801971798,0.0026639051709721,0.0025270540918677,0.0022705857878829,0.0029627612781469,0.0020663289239141,0.0016006069579902,0.0013326154260331,0.0016078472162737,0.0018094527180541,0.0018781841840127,0.0007318779394429,0.0006743637750503,0.0003728223138642,0.0004711266657693,0.0004109611391884,2.34543578197e-05,0,0,0,0,0,0,0,0,0,0,0,0,0,0
0.0147357805858846,0.0737917603854202,0.134869168949159,0.141678827888595,0.153456913728719,0,0,0,0,0,0,0,0,0,0,0,0,0,0,0,0,0,0.0020179071113033,0.0017404535230681,0.0023310050929025,0.0015855337081425,0.0026419966652909,0.001929734138245,0.0021550540985128,0.0023957771761346,0.0036732485371975,0.0027761156892599,0.0029714851435617,0.0028456930185041,0.002412661362465,0.0025818981774953,0.0029108929661072,0.0032564757272542,0.0032446271754435,0.0035664140950372,0.0027538996546147,0.0030010406978007,0.0029742827182948,0.0023152070238215,0.0027692698593248,0.0029422916284057,0.0035913618791277,0.0034898921979261,0.0033412916106329,0.0038845147985121,0.0034991735635112,0.0038392270004799,0.0032450221271705,0.0036120310195086,0.0042105803618153,0.0025831817706081,0.0025024141424314,0.0029031914074302,0.0025920352718222,0.002001022924973,0.0014993354937193,0.0019717964971731,0.0020092181733088,0.001680124646765,0.0015558135906839,0.0005439472660454,0.0004641670171863,0.0005956859422857,0.0004196362099642,0.0008051090955408,2.27097243039e-05,0,0,0,0,0,0,0,0,0,0,0,0,0,0
0,0,0,0,0,0.124962138416075,0.123625347133541,0.124088469958605,0.116298735493977,0.119597347803701,0.112504636503054,0.0661395229434405,0.0570221757821478,0.0598341990627426,0.0090632454727391,0.0093755544370529,0.0097878234620171,0.0096938192396322,0,0,0,0,0.0008981679248726,0.0009787455850406,0.0006839192020901,0.0007208645363501,0.0011623360100774,0.001340299288695,0.0010685404939068,0.0010473842983422,0.0013546721345839,0.0014948141314581,0.0014487214937797,0.0011107673006838,0.0013243424208078,0.0014724180335304,0.0011617451502583,0.0014099444968027,0.0016329487101022,0.0014036556869595,0.0015507480162519,0.0015882483340844,0.0015122579869707,0.001329073141173,0.0016808690726236,0.0014559582137238,0.0016488833404674,0.0017131174659405,0.0018635756252857,0.0014989970759717,0.001808708838653,0.0017467918769442,0.0018221970815737,0.0017614726305735,0.0016468858121072,0.0013241396573939,0.0015509126125683,0.0013288308913498,0.001199344834481,0.001249127508552,0.0009795655942009,0.0005237904362359,0.0008189966224526,0.0006481786585506,0.000570316721301,0.0003460712458338,0.0003481550934581,0.000250436755344,0.0001335021092637,0.0003548419378527,3.87022017514e-05,0,0,0,0,0,0,0,0,0,0,0,0,0,0
0,0,0,0,0,0.125484892745021,0.123749570701846,0.124027569317652,0.115871569828057,0.118130655131216,0.111812339506477,0.0667529785529093,0.0574415998401024,0.0604767334912829,0.00919274203594,0.009408443580383,0.009795857830787,0.0098559777644302,0,0,0,0,0.0009452441460122,0.0010011743854644,0.0006882759761449,0.0007277138461772,0.0011450427878947,0.0013046050629459,0.0011460192390526,0.0010373340407046,0.001297686036055,0.0014963235177487,0.0014903699852478,0.0011539053652958,0.0013177250329128,0.0014694924126891,0.0011569118202134,0.0013972133598167,0.0016667935131945,0.0013550770588416,0.0015709811389874,0.0015122251432563,0.0015509439268322,0.001279106688456,0.0016907561487585,0.0015299653423584,0.0016180909116519,0.0017034584559779,0.0018165148551071,0.0015271085825511,0.0017587741116779,0.0016811159803976,0.0017971008268139,0.0017370875168622,0.0016387409957557,0.0012925026879933,0.0015453349532825,0.0013095335799039,0.0012411953047893,0.0012534632535204,0.0010130797734305,0.0005180494590752,0.0008342788434261,0.0006640228055295,0.000559213659739,0.0003800430338158,0.0003519060915714,0.0002621150091611,0.0001790921084695,0.0003483070985043,3.80537998275e-05,0,0,0,0,0,0,0,0,0,0,0,0,0,0
0,0,0,0,0,0.124020401681063,0.122122592937567,0.126484362205212,0.117695038231001,0.120896761372911,0.114749679422614,0.0659645845981221,0.0559459822105429,0.0587451052473283,0.0085141646232777,0.0086808806079264,0.0090848226021819,0.0090613758795663,0,0,0,0,0.0009256688976172,0.0009121447326063,0.0006992667522673,0.0006909561745044,0.0011509341975058,0.0013043910773195,0.0010824050863328,0.0010495367614116,0.0012228665593496,0.001502135175951,0.0015285707223775,0.0011340734843187,0.0013367996977223,0.0015411134720991,0.0011674871579828,0.0014084253974299,0.0016116529237628,0.0013767713443178,0.0015286156216357,0.0015319658702148,0.0015388006517865,0.0013387877601808,0.001742155357081,0.0014484612800659,0.0016900360367227,0.001666577973721,0.001783821609396,0.0015496948369198,0.0018302856627466,0.0017781222836445,0.0017787743569353,0.0017424730222552,0.001636394275098,0.0012889321018643,0.0016225949085462,0.0012671233262534,0.0011762851765725,0.0012422771496847,0.0010686528523355,0.0005260887216024,0.000850495089124,0.0006669988915972,0.0005857433475431,0.0003806268478558,0.0003320264683601,0.0002737881314039,0.000155721265136,0.0003289948256669,3.77330638592e-05,0,0,0,0,0,0,0,0,0,0,0,0,0,0
0,0,0,0,0,0.118196232642602,0.116016995030742,0.119680967616854,0.1212921697893,0.123907354395248,0.118528756086913,0.0689793079646042,0.0578613706264823,0.0607896807867501,0.0087895093222768,0.0091287879821874,0.0094221236562492,0.0093997071823536,0,0,0,0,0.000932454447019,0.00091380735781,0.0006964725091128,0.0006766283511701,0.0010528714771889,0.0013287806493024,0.0011326881233826,0.0010506355397286,0.0012401260738063,0.0013254519714285,0.0014459040718316,0.0011356562439798,0.0013848911705999,0.0015359149862628,0.0011299387719789,0.0014714468723344,0.0016588290506813,0.0013062562605171,0.001538920199486,0.0015119348555971,0.0014810387859492,0.0013518694605134,0.0017914663201285,0.0014656259555554,0.0016873143379078,0.0016453251649233,0.001923944024789,0.0015693192893382,0.0017889484853761,0.0018095818126999,0.0017789152709064,0.0017188755223367,0.0016425114539691,0.0013234074437899,0.0016126571271424,0.0014012485667904,0.001135831417028,0.0012898662432736,0.0010928263360819,0.000611205829294,0.0008163799339853,0.0006381592419544,0.000515106107029,0.0003498061891342,0.0003807033237451,0.0002014136350988,0.0001230399090145,0.0003584253235821,3.26154228824e-05,0,0,0,0,0,0,0,0,0,0,0,0,0,0
0,0,0,0,0,0.117012413853318,0.113864693763208,0.118348662093068,0.11928307670403,0.125928563576287,0.119133730904318,0.0677386752171207,0.0579161529335589,0.0607484474838845,0.0100827114444965,0.010288031021677,0.0108256382483164,0.0108411466139023,0,0,0,0,0.0009647331778614,0.000925737502639,0.0007097301603362,0.0007034314031045,0.0011202001533139,0.0013481597402862,0.0010911548943453,0.0010860083935854,0.0012665262422877,0.001310699786288,0.00143739511225,0.0011855304131645,0.0014246132245276,0.0015168699859884,0.0011780896432578,0.0014389419422674,0.0016466027378419,0.0013337800149704,0.0015396583915846,0.0014210059805828,0.0014961897724481,0.0012679157344009,0.0017883949660397,0.0014147947181356,0.0016915727315814,0.0016748297869051,0.0019019219168391,0.0015246774286376,0.0018088827887923,0.0017423634331962,0.0018222029349834,0.0017072987373937,0.0016922939725629,0.0012851782940149,0.0015648588056526,0.0013526650295401,0.0012040786031259,0.0012202315655837,0.0010751558648505,0.0005621059477269,0.0008768079229986,0.0006514421204372,0.000543442854008,0.0003568662133035,0.0003797612783825,0.0002341338422392,0.0001217962566501,0.0003375023025599,3.98214193417e-05,0,0,0,0,0,0,0,0,0,0,0,0,0,0
0,0,0,0,0,0.109587515481724,0.107299197762163,0.111835693978843,0.113601939307572,0.118608281409551,0.124556144142193,0.0756160453085753,0.0672203945859014,0.0697198204952779,0.0106922374096718,0.0108496414326733,0.0111517450742195,0.0113521429757723,0,0,0,0,0.0009490734982593,0.000983709857872,0.0007373084568477,0.0007148409956736,0.0011664984644901,0.0013438739357822,0.0011912299548887,0.0010509111695179,0.001239403923614,0.0013465779171269,0.00151199174124,0.0011771520467813,0.0014493136653705,0.0015017545807117,0.0011712583210498,0.0014411033898128,0.0015983256243977,0.0012775015430374,0.0015325480868325,0.0014040442235878,0.0015003819802992,0.0013026984720781,0.0017285369646209,0.0014031134610122,0.0017167538551998,0.0016563583940855,0.0018933194784527,0.0015213396940305,0.0017981974905058,0.0017989053543529,0.0017155127321639,0.0016771831250904,0.0016943960140683,0.0011792171857695,0.0015718701761044,0.0014957836806701,0.0012449752607237,0.0012239198233567,0.0010773582253645,0.0006204827731683,0.0008189334328835,0.0006371036029462,0.0005114165499746,0.0003386957865702,0.0003624624393114,0.0001951630966814,0.0001150750056001,0.0002835125495405,3.81126343436e-05,0,0,0,0,0,0,0,0,0,0,0,0,0,0
0,0,0,0,0,0.0613263159302538,0.0609779117060928,0.0611976782302171,0.0629326485259767,0.0641966147191262,0.0719795484731248,0.159178623031339,0.147602890364218,0.161214026756716,0.0225704258598779,0.0224057526078156,0.0236254701473377,0.0231809779095126,0,0,0,0,0.000783298174669,0.0009453068445141,0.0007097965519041,0.0008264017546505,0.0009818225636209,0.0011916684209406,0.0011333027324695,0.0010326679388426,0.0012032622452387,0.0012748908361243,0.0010328856608867,0.0012262694460955,0.0013396470081907,0.0012994439575148,0.0014677967807359,0.0017925305730631,0.0011743809227103,0.001356154286702,0.0015747404884165,0.001568959947372,0.0015285614038888,0.0015010470954485,0.0019041728230307,0.0015534788558427,0.0018046801289698,0.0019833904689848,0.0016429055342776,0.0017863757826306,0.0016717894027849,0.0016683459028161,0.0014060823322087,0.0017665992954399,0.0015968988834965,0.0012747716445129,0.0014984911818321,0.0015747054925287,0.001427897508377,0.0011326083457128,0.0008081171295045,0.0007220969703117,0.0007878804418266,0.0007257839948161,0.000644720323598,0.0003138794455466,0.0003368590119502,0.0002539055924284,0.0001324888248979,0.000200155130222,4.71996558451e-05,0,0,0,0,0,0,0,0,0,0,0,0,0,0
0,0,0,0,0,0.0531021744314201,0.0527000622095496,0.0521285589418961,0.0530186415490039,0.0551261721444007,0.0642656519667409,0.148244150046352,0.162459959961213,0.177117365804877,0.0306615280725735,0.0301018237833742,0.032193718984689,0.0313024430917723,0,0,0,0,0.0008380052732954,0.0010477200224111,0.0007606531135287,0.0007717745092494,0.001123776031783,0.0012965027861263,0.0010480468471083,0.0009843443094613,0.0012706318289622,0.0012332316107614,0.0010860744821696,0.0012332562390766,0.0012521420657893,0.0013914354013465,0.0014818551058172,0.001709973981579,0.0012064837020072,0.0012601147141142,0.0015265607555324,0.0015722243510838,0.001625130459431,0.0014208347128981,0.0018237969916316,0.0016162304601274,0.0017739750802407,0.0019859876462904,0.0015672420557182,0.0017819633830132,0.0016481225662537,0.0016050345791866,0.0015259822383859,0.0017215491595118,0.0016746459123407,0.0012339411308737,0.0013973225414677,0.0015657849045098,0.0013639107434051,0.0010839021781152,0.0008348838141362,0.0006969845303155,0.0007605449437722,0.0007349701580273,0.0007656464909234,0.0002877647092124,0.0003374487169216,0.000257516977989,0.0001045551624638,0.0002233138605066,6.39557732649e-05,0,0,0,0,0,0,0,0,0,0,0,0,0,0
0,0,0,0,0,0.0510204332244376,0.0508041355408226,0.0501192590924907,0.0510030187108676,0.052944329625302,0.0610323735750169,0.148255791541803,0.162176261236571,0.178621993237539,0.0334170329431934,0.0332695761932843,0.0350871129667379,0.0346510725415994,0,0,0,0,0.000815500434236,0.0009839538327472,0.0007960833496097,0.0007839607112135,0.001096079939653,0.001268503030459,0.00100893639244,0.0010232838503134,0.0012228052176919,0.0012933442892858,0.0011011633120622,0.0012412864429435,0.0013474231998463,0.001349100793511,0.0014617067445028,0.0017454299313842,0.0012523640951149,0.0012701504329831,0.0015603763194627,0.0015251302758596,0.0016416136260037,0.001429919326488,0.0018471606433672,0.0016557887936637,0.0017339263890292,0.002016052666967,0.0015957365052676,0.0017740599021473,0.0016059517759186,0.0014769418927121,0.0015788770482786,0.0017278680133732,0.0016685560628836,0.0012112468033553,0.0014047807050336,0.0015655513281094,0.0014195983441187,0.0010416675946715,0.0008217993458696,0.0006470989389603,0.0007431207339531,0.0007369071243375,0.0008002964128575,0.000302534156395,0.0003553696594237,0.0002593715915179,0.0001204503793736,0.0002120427596337,5.67384513056e-05,0,0,0,0,0,0,0,0,0,0,0,0,0,0
0,0,0,0,0,0.0077536017144409,0.0077478445613393,0.0072878610673719,0.0073987054055695,0.0088163067907095,0.0093906937785144,0.0208244567741097,0.0281672870872122,0.0335268670695473,0.197658191752756,0.198905559414881,0.206366377217301,0.208269199606175,0,0,0,0,0.0007286611474188,0.0010753758759612,0.0010761915801862,0.0009535820457817,0.0011461530729347,0.0012676220406818,0.0010725973804142,0.0013002268999297,0.0013994070462332,0.0013513737227559,0.0013243294721836,0.0012361212052975,0.0015890657429024,0.0015351259989434,0.0011835408758197,0.001189365416991,0.0014846892178545,0.0013786318773615,0.0013933387167283,0.0014901791001794,0.0012538757081879,0.0016041720236994,0.0017560801501875,0.001796302338995,0.0016596463207503,0.0018472150568776,0.0016287771134045,0.0019770232220194,0.0016206004408299,0.0013710632233412,0.0017486452288793,0.0021231250824942,0.001734312981552,0.0011402114499276,0.0015551960468021,0.0012504698992609,0.0010945592067724,0.001082042238888,0.0007350255777671,0.0006511201478501,0.0006951425350138,0.0007438088189494,0.000720073922066,0.0001515643413462,0.0001370637917131,0.0002066891932363,9.80645030049e-05,0.0002224300054567,0.0001071687542413,0,0,0,0,0,0,0,0,0,0,0,0,0,0
0,0,0,0,0,0.0076705254532153,0.0075833660650146,0.0071060823297036,0.0073487358127824,0.0086030021419479,0.009112821867901,0.0197697817127785,0.0264455402928476,0.0319213142932197,0.190219629620046,0.190875617669004,0.198435022247312,0.200215597655203,0,0,0,0,0.0006838676866442,0.0010221932906986,0.0010375942161333,0.000904089163503,0.001108032751112,0.0012300858361118,0.0010213618511891,0.0012419774994037,0.0012991992429321,0.0012974631150521,0.0012822390741105,0.0012125373734912,0.0015127762660254,0.0014971626013892,0.0011270398160988,0.0011474991778659,0.0014394554439532,0.0013133814904565,0.0013016632158525,0.0014272382928653,0.0012293065799557,0.0015302319041925,0.0016944622014167,0.0017300524757155,0.0015599082333592,0.0017655365121741,0.0015859753632257,0.0019255462834143,0.0015292708859216,0.0013125285641453,0.0016704135481518,0.0019968542509149,0.0016888404803647,0.0011230429748384,0.0014960020787068,0.0012291884564691,0.0010710446985135,0.0010472714548483,0.0007294937508792,0.0006179021249376,0.0006656285517775,0.000728962427585,0.0006896234524839,0.0001531081231556,0.0001496675148901,0.0001954381630752,9.03048829394e-05,0.0002151847768111,9.93066366506e-05,0,0,0,0,0,0,0,0,0,0,0,0,0,0
0,0,0,0,0,0.0077059152415665,0.0075979538970564,0.0071563710073577,0.0072989141988725,0.0087112649143037,0.0090134337955397,0.0200600837591093,0.02721702979088,0.0323959765071523,0.189914137140995,0.190953783966626,0.198287572929979,0.200072996578865,0,0,0,0,0.0007109740062731,0.0010340303581614,0.0010528839134181,0.0008871482399116,0.0010826811987753,0.0012370793842748,0.001052367001947,0.0012313270567461,0.001291036853576,0.0012807840255339,0.0012575180154334,0.0011762930490526,0.0015006548430675,0.0015043602776708,0.0011324468070536,0.0011487260522308,0.0014432702387772,0.0012669535793541,0.0013674518006063,0.0014237933974658,0.0012174660084249,0.0015409375631538,0.0016508056259494,0.0017131996427282,0.0015918642613846,0.0017789746759403,0.0015675725505051,0.0019214593992653,0.0015720780177416,0.0013317765020729,0.0016770770576358,0.0020128212441196,0.0017061094120964,0.0011276320096554,0.0015420153667077,0.0012109653284608,0.0010847398490335,0.0010421023839153,0.0007454531602694,0.0006020031596059,0.0006642034985241,0.0007445762773666,0.0006873502209592,0.0001484279027927,0.0001479346740988,0.0001842388417509,9.4357523763e-05,0.0002031568488433,0.000104235356162,0,0,0,0,0,0,0,0,0,0,0,0,0,0
0,0,0,0,0,0.0075665154351975,0.0075790853966594,0.0070767433772943,0.0072191603517894,0.008648998728388,0.0090967905906317,0.019514028742505,0.026236791221614,0.031719258542685,0.190023060024098,0.19101644467308,0.198358758630241,0.200410283669914,0,0,0,0,0.0006870887721514,0.0010005409845937,0.0010304242389982,0.0009191186367945,0.0010800894470608,0.001221957936119,0.0010375651386905,0.0012754782114429,0.0013112824256491,0.0013174571849117,0.0012747341696597,0.0012080064250102,0.0015452934313248,0.0015066883141813,0.0011204801036162,0.0011300049849758,0.00141235526135,0.0013513318849689,0.0013504231826284,0.0014175530989589,0.0012132014809224,0.0015167269192905,0.0016995969012649,0.0017258652491676,0.0015791002203527,0.0017577464814547,0.0015641190307222,0.0018693805415741,0.0015248679204286,0.0013238572290768,0.0016826924752952,0.0019992010839832,0.0016726499986843,0.0010992282828941,0.0015018792291407,0.0012123387463935,0.0010843762891239,0.0010670064169077,0.0007456239763891,0.000584621322362,0.0006680422049129,0.0007221999768169,0.0007023571918606,0.0001410186879524,0.0001450344693699,0.0001982541349281,9.15703043279e-05,0.0002042878606853,9.07705318156e-05,0,0,0,0,0,0,0,0,0,0,0,0,0,0
0,0,0,0,0,0,0,0,0,0,0,0,0,0,0,0,0,0,0.0489493674273239,0.0494714285724488,0.0495797104625072,0.0477962586224705,0.046416657589383,0.0473105882326539,0.0459122225111503,0.0405356298911417,0.0006322620668417,0.0005751717661266,0.0006012313222373,0.0005751717661266,0.0013341600569568,0.001137713836205,0.001165925383384,0.0013103540506121,0.00094972438319,0.0008811520096831,0.0012708385601287,0.0011997566999157,0.0012965598558289,0.0013122283075716,0.0011988684252719,0.001024854358526,0.0010920976865644,0.0013365473171553,0.0010956463279045,0.0011144095195504,0.0014525602726613,0.0012920343149565,0.0012564481666128,0.0014108630650668,0.0020885957416138,0.0009040348224865,0.0010456554178474,0.0007848156834992,0.0008284129776132,0.0006855396146981,0.0008490671021148,0.000777070049771,0.0005632979378186,0.0006655090370381,0.0003367115708127,0.0003873023664477,0.000345016052372,0.0004654775772791,0.0003137769975174,0.0001626981411067,0.0001605750034165,7.58325202228e-05,0.0001225068845935,7.34271945944e-05,1.12555760256e-05,0,0,0,0,0,0,0,0,0,0,0,0,0,0
0,0,0,0,0,0,0,0,0,0,0,0,0,0,0,0,0,0,0.0513229528197433,0.0518666226890159,0.0519415572125453,0.0502091073002687,0.0487468456648353,0.0496766929854687,0.0481255534130526,0.0425264528909608,0.0007007608061811,0.0006314404736453,0.0006569968557103,0.0006314404736453,0.0014384792091682,0.0012202992210159,0.0012635174392779,0.0014079502761085,0.0010254067303726,0.0009457782786059,0.0013691081036821,0.0012949706299721,0.0013867456022414,0.0014159864437499,0.0013044838438334,0.0010982013070082,0.0011779356534412,0.0014483879398065,0.0011935115945581,0.0012094359014034,0.0015618100281221,0.0013800856914419,0.0013456368787288,0.0015114561666269,0.0022476354826356,0.0009529972232722,0.0010994524511724,0.0008199189709394,0.0008705719039752,0.0007269963958955,0.0008912416262307,0.0008093116637562,0.0006022050552713,0.0006991379612837,0.0003513803504488,0.0004051402147361,0.0003633258778893,0.0004886206326244,0.0003258573524187,0.0001683574023632,0.0001696992234887,7.79989587746e-05,0.0001303771516538,7.70347189917e-05,1.21452729113e-05,0,0,0,0,0,0,0,0,0,0,0,0,0,0
0,0,0,0,0,0,0,0,0,0,0,0,0,0,0,0,0,0,0.0494493061740735,0.0499360283859273,0.0500975439506846,0.0483279020163648,0.0469970980267771,0.0478041874755431,0.0464370290042822,0.0409094436674225,0.000652517257639,0.0005914790260597,0.0006158383637923,0.0005914790260597,0.0013606325269483,0.0011514476805878,0.0011923467214068,0.0013367869558082,0.000967091170937,0.0008949308434126,0.0012988281153569,0.0012284664592745,0.0013167686158266,0.0013401458281898,0.0012286510318433,0.001038255900383,0.0011194704629515,0.0013684409979419,0.0011162156622366,0.0011366928806281,0.0014839665662265,0.0013243345599016,0.0012844843503106,0.0014399849875802,0.0021291277263868,0.0009126942469089,0.0010613524056105,0.0007925066987801,0.0008394867321433,0.0006948935223025,0.0008605681026715,0.0007857782465479,0.0005713583142559,0.000674034462806,0.0003410449761697,0.0003937358779283,0.0003443289740609,0.0004584197631179,0.000322918248098,0.0001648650981265,0.0001613306429678,7.55984847525e-05,0.0001244384084265,7.44173782987e-05,1.15005795875e-05,0,0,0,0,0,0,0,0,0,0,0,0,0,0
0,0,0,0,0,0,0,0,0,0,0,0,0,0,0,0,0,0,0.0494713977225702,0.0500939865170712,0.0501535875822194,0.048386603620251,0.0470669617777939,0.0479683833154764,0.0464570966593094,0.0410215496254595,0.0006678531230377,0.0006042102773187,0.0006282133115317,0.0006042102773187,0.0013872261774747,0.0011667466918433,0.0012095834394524,0.0013520831819823,0.0009816884614042,0.0009061811275196,0.0013149856092838,0.001244154366588,0.0013299638101317,0.0013555406064057,0.0012558706109638,0.0010496631387757,0.0011294014826384,0.0013942199059212,0.0011464475224906,0.0011628552415597,0.0014978056717458,0.0013293889050284,0.001292748889977,0.0014543690681395,0.002154905253889,0.0009159083419262,0.0010592079462988,0.0007917403222495,0.000836892691305,0.000697678850455,0.0008582242106128,0.0007819580340323,0.000586092258865,0.0006750377136516,0.0003400393806147,0.0003908744727774,0.0003467564900383,0.0004650304697515,0.0003174373199336,0.0001638190801201,0.0001622871895707,7.58071506741e-05,0.0001243770983035,7.40788185221e-05,1.17070521207e-05,0,0,0,0,0,0,0,0,0,0,0,0,0,0
0.0001258636087421,0.0010598196863511,0.001424904319607,0.0014461488140762,0.0016383914470467,0.0007241783202203,0.0007508411293691,0.0007467615445762,0.0007397533841767,0.0007950323533455,0.0007855922020108,0.0006811288475383,0.0007255480992156,0.0007711120933085,0.0006867423735879,0.0006739565607508,0.0007281210726928,0.0007097408856707,0.0486812605318454,0.0492807473929931,0.0494200040651086,0.0476918135770344,0.0463278048581408,0.0472130595897819,0.0457817741777249,0.0403711586903952,0.0006808402849707,0.0006181418181525,0.0006498620122478,0.0006224124084205,0.0013860388686893,0.0011804614662645,0.0012219381641042,0.0013616267767431,0.0009963586961343,0.0009216668682124,0.0013257985951434,0.0012615051070728,0.0013387563726671,0.0013783291745944,0.001262622432489,0.0010554477596433,0.0011548405525429,0.0013972339829693,0.0011594901238125,0.0011753068717457,0.001523214075361,0.0013560809129399,0.0013149077254045,0.0014777187483092,0.0021735526631103,0.0009298659890507,0.0010727162108142,0.0008087483620414,0.0008618477060496,0.0007066500978976,0.0008677309737811,0.0007968257240516,0.000587128803446,0.0006827734987929,0.0003465381369162,0.0003956808843435,0.0003512924622645,0.0004634871903971,0.0003275950896041,0.000165020403173,0.0001647464707093,7.86361459328e-05,0.0001305913018446,7.88543843847e-05,1.20399559761e-05,0,0,0,0,0,0,0,0,0,0,0,0,0,0
0.0001384617112456,0.000879945834677,0.0013357624298667,0.0011413063533549,0.0014140582758549,0.0007896709646602,0.0007957967549689,0.0007363400188381,0.0007254414439118,0.0007634029289447,0.0008148031835047,0.000822551953712,0.0009077224505025,0.000931014436897,0.0010141843338109,0.0010080480276257,0.0010596722047492,0.0010342135694843,0.0496517631402146,0.0502541371085147,0.0503020925445629,0.0486374873006143,0.0472444199747635,0.0481322708635531,0.0466122528535251,0.0412311271976946,0.0006923055592691,0.0006353715391657,0.0006570551878214,0.0006448524377053,0.0014245811045143,0.0012009454889465,0.0012508588334496,0.0013850715622581,0.001015688465074,0.000942069557174,0.0013533485668307,0.0012840369461177,0.0013639675152769,0.0013931571158591,0.0012945693481137,0.0010788439427427,0.0011646196974617,0.0014332273829096,0.001179411783312,0.0011972012191004,0.001533630909862,0.0013642674868028,0.0013315698388961,0.0015029244647576,0.0022047913971172,0.0009500939714552,0.0010923664157931,0.0008367820685722,0.0008671099144674,0.0007213013790981,0.0008914703923912,0.0008066115366789,0.0006125951512893,0.0007027309586032,0.0003563477917396,0.0003988579549115,0.0003588577585321,0.000480894959711,0.0003285687555218,0.00017032928373,0.0001665206904619,8.12479550231e-05,0.0001274461862336,7.67217243832e-05,1.29165122736e-05,0,0,0,0,0,0,0,0,0,0,0,0,0,0
0.0001701214797077,0.0006927918714194,0.0014131058395071,0.0017476947125978,0.0019629657345739,0.0005719338089309,0.0005670477921653,0.0005850892894473,0.0005730813956222,0.0006066299442736,0.0006329939040889,0.0006401607456071,0.0006830603862852,0.000780737164557,0.0010519880747684,0.0010605724930942,0.0011183644734953,0.0011039668524987,0.0499423831790826,0.0504614236475587,0.0506464670895814,0.0488239298109713,0.0474838160404424,0.0483130786030858,0.046820908702176,0.0413534214193465,0.0006831850556891,0.0006293194380332,0.0006341826382475,0.0006151551948322,0.0014047605419204,0.0011958522014546,0.0012317747225136,0.0013734134601644,0.001005438612093,0.000935312349601,0.0013328544855818,0.0012697166981957,0.0013642841581538,0.0013904791893688,0.0012789312276792,0.0010786898734487,0.0011532385090719,0.0014098559495587,0.0011662732918929,0.00118789593534,0.0015330545527951,0.001361549891768,0.001322811158844,0.0014947959558407,0.0021914267576694,0.0009478099023035,0.0011068930998291,0.0008345170826051,0.0008828687465838,0.0007181758432762,0.000897125046431,0.0008247051548157,0.0005960457557681,0.0006979869909269,0.0003594221745864,0.0004071754337467,0.0003714889130363,0.0004710815532108,0.0003412688908355,0.0001701941561564,0.0001757597508627,8.26420805688e-05,0.0001292450907645,8.25940336243e-05,1.16565657074e-05,0,0,0,0,0,0,0,0,0,0,0,0,0,0
0.0001799018128305,0.0006481580953258,0.0014449270246627,0.001222906019634,0.0013691295310105,0.0006181504578091,0.0006147764931818,0.0005928288533341,0.0005709026834028,0.0006165267115808,0.0006293023096399,0.0007642684776506,0.0007106609376851,0.0007883883043584,0.0009558260322408,0.0009475969253424,0.0009662702973128,0.0010097435829804,0.0452144689219935,0.0457238176865043,0.0457517663323745,0.0442071270760777,0.0429362164257539,0.0438217169051388,0.0424044084797747,0.03741176842913,0.0006260948386382,0.0005634942380209,0.0005939904608547,0.000570865504605,0.0012876734273968,0.0010911524758333,0.0011336879086285,0.0012520328172335,0.0009122116124518,0.0008573272626185,0.0012228338533881,0.0011632838466204,0.0012337533119513,0.0012677063672419,0.0011618688119584,0.000979189693511,0.0010520450402235,0.0012867707695981,0.0010729733163403,0.0010819797170569,0.0013874827085793,0.0012352454396485,0.0012039906295239,0.0013547738971647,0.0019997681630552,0.0008583465258513,0.0010005211015106,0.0007547780393574,0.0007922196006399,0.0006594045006137,0.0008020066285138,0.0007394823169998,0.0005609399179105,0.0006378659080781,0.000327045599415,0.0003680436816358,0.0003294831178295,0.0004377827557884,0.0002993993832968,0.0001553152697183,0.0001523948821522,7.74686916074e-05,0.0001153844452292,7.6597133251e-05,1.22249294163e-05,0,0,0,0,0,0,0,0,0,0,0,0,0,0
0.0002792684989405,0.000874142727099,0.0022992606138481,0.0021839281498375,0.0023168375584383,0.0010122003634179,0.0009823643466464,0.0010028213846591,0.0009021557369962,0.0009970571086194,0.0010428655169453,0.0009221084179783,0.0010508628539531,0.0011193924297065,0.0011666959049266,0.0011793948795442,0.0011975600259366,0.0012050179432677,0.0007161960083234,0.0007651514215418,0.0007410893217658,0.0007308957765447,0.0007353465570379,0.0007472333751795,0.0007114300107934,0.0006358202931755,5.04793179255e-05,4.59585343397e-05,4.55998364549e-05,4.38517585047e-05,7.59046656689e-05,6.95114735614e-05,6.96146480673e-05,7.45215757946e-05,5.54914780636e-05,5.14764329116e-05,5.79796672383e-05,6.25781350349e-05,6.87400505606e-05,7.15162116117e-05,6.74631962605e-05,6.55424210756e-05,6.03668783683e-05,6.96219472812e-05,7.55970046614e-05,5.69053814396e-05,7.32730520193e-05,7.60981374298e-05,7.47583784256e-05,8.83646955476e-05,9.26768631244e-05,5.46454682842e-05,5.98451181498e-05,4.27000031202e-05,4.83891012106e-05,5.53797350392e-05,5.10971915137e-05,4.65769014311e-05,4.27161263434e-05,3.92860040908e-05,2.17375227316e-05,1.2597110735e-05,2.57726754825e-05,2.66188742101e-05,2.33408048695e-05,1.03166345842e-05,9.0561134058e-06,5.9600041936e-06,5.5838984119e-06,8.1027084122e-06,1.9476583882e-06,0,0,0,0,0,0,0,0,0,0,0,0,0,0
0.0001203224642041,0.0011324262065815,0.0015873846255792,0.0017805980898373,0.0017040451017422,0.0011753220089049,0.0011270682651849,0.0011444615251852,0.0011465149844962,0.0012083313566829,0.0012098261084734,0.0011270020200449,0.0012208435572403,0.0013045235713311,0.0012993469094655,0.001318445990625,0.0013778900084504,0.0013728096798873,0.0006560736786043,0.0006942730174673,0.0006764538735047,0.0006658599362245,0.0006722877986139,0.0006905680559841,0.0006599108293176,0.0005762408288942,4.62792652976e-05,4.95337961612e-05,4.75102865935e-05,5.87278207085e-05,7.10306609053e-05,5.39836860614e-05,7.57814810989e-05,6.1584595155e-05,7.37514413533e-05,5.15891130737e-05,7.5020153269e-05,7.48726718126e-05,8.02100124253e-05,7.25632424454e-05,7.45996723413e-05,6.64662371819e-05,6.67094639007e-05,6.03525093556e-05,6.70795504589e-05,6.16191738364e-05,8.40183801054e-05,6.81592670904e-05,7.7437914964e-05,9.09555003698e-05,9.7630111936e-05,5.27291492616e-05,6.17420866713e-05,6.57677789027e-05,6.29682110957e-05,4.14326484324e-05,5.24948611794e-05,3.56525499738e-05,3.0292458228e-05,3.86451210042e-05,2.25153753056e-05,2.63526860874e-05,2.23422295987e-05,2.34331610572e-05,2.95327222237e-05,1.13564576099e-05,7.1907704909e-06,3.6874420021e-06,5.0585514289e-06,9.6928779879e-06,1.1099478433e-06,0,0,0,0,0,0,0,0,0,0,0,0,0,0
0.0001261225429654,0.0010695121866125,0.0015353631561687,0.0018284279862957,0.0019037002923671,0.0009373523254204,0.0009904210563791,0.0009500358557461,0.0009776729095783,0.0009783356774167,0.0010727952001056,0.0010721905966792,0.0009872429736963,0.0010379609227473,0.0010998383586602,0.0010951241418383,0.0011725759914569,0.0011660743500185,0.0006860463330295,0.0007226332772606,0.0007045671217917,0.0006925620751467,0.0007070417343173,0.0007143932970138,0.0006652505647962,0.0006076462357732,4.5934645076e-05,4.75274424505e-05,4.19750138464e-05,5.02442723826e-05,6.96080925321e-05,5.94336772283e-05,6.75710810955e-05,6.78352922536e-05,4.93158644315e-05,4.86351544859e-05,8.47477580768e-05,7.24410952801e-05,6.98254212957e-05,7.08641973226e-05,6.02693567279e-05,4.91453904463e-05,6.2664905909e-05,7.43171187015e-05,8.26530632722e-05,6.69902173373e-05,7.62057396867e-05,7.75081059954e-05,6.38772708952e-05,9.06342144651e-05,8.46180113778e-05,5.37546544912e-05,5.98690098978e-05,4.13914814295e-05,4.71954933906e-05,3.88771427519e-05,4.41065171816e-05,4.25018124003e-05,3.22412848404e-05,3.47042467231e-05,1.82845688457e-05,2.59694242852e-05,2.99837342387e-05,1.84906302243e-05,1.94622275044e-05,6.8707894322e-06,1.01028989365e-05,5.4814156069e-06,6.8976953998e-06,1.03805876361e-05,1.8646648618e-06,0,0,0,0,0,0,0,0,0,0,0,0,0,0
0.0002018250134192,0.0011553050635176,0.0018123098944355,0.002765074252997,0.002170692431562,0.000942387255101,0.0009195133842295,0.0009448422301498,0.0009301367228881,0.0009987254967676,0.0009707305395473,0.0010020703702843,0.0009510467365239,0.00107975395909,0.0013674855506791,0.0013658685882331,0.0014072092054689,0.0014702642049681,0.0006731639929481,0.0007123584010087,0.0006940750793453,0.0006832051765385,0.0006945661431745,0.0007191298851595,0.0006618614225879,0.0005989859164985,4.53080699909e-05,6.02576441862e-05,5.15344956734e-05,4.81339790552e-05,7.91330818287e-05,6.67595012766e-05,6.98474405208e-05,5.31025254466e-05,7.0916638178e-05,4.82672188503e-05,7.12376882685e-05,7.51675636775e-05,8.54344444293e-05,6.40853178965e-05,7.95012293813e-05,5.83604882656e-05,8.30758120289e-05,7.40385889575e-05,7.8290404539e-05,6.51849331693e-05,8.36451916685e-05,7.28803673053e-05,7.72764180524e-05,8.76387069419e-05,9.35643801721e-05,5.08778530503e-05,6.94133212056e-05,5.67927265938e-05,5.29242333504e-05,4.59318858957e-05,6.14602706586e-05,4.42388943581e-05,3.64300801998e-05,4.2604927446e-05,2.43543270346e-05,2.56756177934e-05,2.13934248385e-05,3.20116546724e-05,1.45490597505e-05,9.2842520045e-06,5.9871934722e-06,6.5521305271e-06,2.7100611345e-06,6.8090957685e-06,1.6835236088e-06,0,0,0,0,0,0,0,0,0,0,0,0,0,0
0.000311952008871,0.0013931062715973,0.0024609636907525,0.0025741077415029,0.0029979949971633,0.0010979593546316,0.0010361861364407,0.0009916751502199,0.0009889839941354,0.0010491941702403,0.0010312744835943,0.0010517839465721,0.0011058679596817,0.0011622905021812,0.0013257949985387,0.0012870625952001,0.0013290845366496,0.0013615929724517,0.0014065655404749,0.0014618352995306,0.0014382575810324,0.0014129898309043,0.0013932835113526,0.0014310766366857,0.0013614866684649,0.001217074784191,7.06457013993e-05,6.56512258434e-05,6.43131709026e-05,7.12831364338e-05,9.39444880686e-05,8.13038744659e-05,9.23791535219e-05,0.0001070999126245,8.72706827178e-05,6.66989498625e-05,8.9398932854e-05,9.70304910524e-05,9.89713809915e-05,0.000103674470503,9.77639843119e-05,8.60836841809e-05,8.83341292211e-05,9.09821434765e-05,9.86718119263e-05,8.22247557193e-05,0.0001145452942633,0.0001004223772089,9.53308862525e-05,0.0001171178827717,0.0001344746150137,8.11879122135e-05,8.81876437456e-05,8.44930213734e-05,8.35017010459e-05,5.25197952741e-05,5.1908140998e-05,6.44205192141e-05,4.82291048904e-05,6.06373097068e-05,3.56461107465e-05,3.8474159119e-05,3.40012379187e-05,3.60502383604e-05,2.86883971775e-05,1.50940127664e-05,1.03049534719e-05,7.2908759448e-06,7.733195315e-06,7.8904054971e-06,9.563466438e-07,0,0,0,0,0,0,0,0,0,0,0,0,0,0
0.0002210916809019,0.0014025745932301,0.0019417279905171,0.0020405598506817,0.0021811276141182,0.0011662782774935,0.0011501555355353,0.0011726335192201,0.0010175373179653,0.00104522028777,0.0010785885853703,0.0010727590163727,0.0010332159924867,0.0011834079478134,0.001232453992523,0.001237319497793,0.001269266430186,0.001316893023822,0.0011546437391311,0.0011937794970178,0.0011716636552818,0.0011440138047953,0.0011422964557932,0.0011613468152932,0.0011157105166124,0.0009927957276638,6.22782916428e-05,4.80310903389e-05,5.28610416885e-05,5.78901574072e-05,7.82661855473e-05,8.3455668838e-05,7.75856076418e-05,7.70439486033e-05,7.04539033875e-05,6.61937972162e-05,8.27853964431e-05,8.9638433929e-05,8.88719612808e-05,8.64371425733e-05,8.05647290556e-05,7.38534666217e-05,7.61314540928e-05,8.49367881732e-05,9.72937130577e-05,7.93129435048e-05,0.0001009542226566,9.51903271441e-05,9.25308908409e-05,0.000112879178207,0.0001181153557731,6.18026560377e-05,6.79065045294e-05,6.42268196462e-05,7.7179961724e-05,5.43468417052e-05,5.08162727429e-05,5.02649896743e-05,4.38651714762e-05,4.83009647575e-05,2.69962607004e-05,1.94271440135e-05,3.63942442054e-05,3.38223409392e-05,2.43382600593e-05,8.2502662306e-06,1.26111860438e-05,8.9705076088e-06,6.4208825535e-06,8.9737442822e-06,1.2068130681e-06,0,0,0,0,0,0,0,0,0,0,0,0,0,0
0.0002974632360765,0.0013089499670136,0.0015035167805231,0.0018381429696312,0.0024017323203303,0.0011628064148311,0.0011785084244581,0.001227570232112,0.0011419138875666,0.0011792022236949,0.0012458945162949,0.000894105869446,0.0009360813763722,0.0010365245405502,0.0012425069133846,0.0012579499638961,0.0012820313071439,0.0013108142006732,0.0012172877350749,0.0012715883656522,0.0012481559016489,0.0012201073482318,0.0012164206019095,0.0012443841236289,0.0011822595491967,0.0010611468651358,6.41635451185e-05,6.93634239441e-05,6.18260508525e-05,6.23088401122e-05,9.14838489504e-05,7.9815766628e-05,9.54144861501e-05,8.54798534687e-05,9.1950607566e-05,7.41143135236e-05,9.23990662396e-05,9.22276980523e-05,8.71693444586e-05,9.36967006877e-05,0.0001020156037567,7.72516254279e-05,7.29362477742e-05,8.7126889351e-05,9.01078294423e-05,8.50358109877e-05,9.77196246304e-05,9.29125373378e-05,9.17612129179e-05,0.0001090508581805,0.0001205880346943,6.76068126504e-05,7.37766330998e-05,7.70965838978e-05,5.94406283293e-05,5.86716631546e-05,4.85384814733e-05,4.99300223284e-05,5.34326951795e-05,5.32125906076e-05,2.73708188501e-05,3.20054390395e-05,2.9440080756e-05,3.19391682502e-05,2.49453339474e-05,1.59361188736e-05,1.1832435656e-05,4.8429054196e-06,1.40172827462e-05,1.22044118957e-05,8.008708328e-07,0,0,0,0,0,0,0,0,0,0,0,0,0,0
0.0001313233491536,0.0010864528593181,0.0022204885631518,0.0019277546623235,0.0022919821183935,0.0008884187980008,0.0009092450090896,0.0009075574898652,0.0008937435168546,0.000969163306372,0.0009665772183953,0.0010577785169348,0.001059203613588,0.0011643190548549,0.0011556756527579,0.0011853910143832,0.0011950114963872,0.0012378353808516,0.0013632744073533,0.0014119676934899,0.0013944424950567,0.001359057272144,0.0013507182215738,0.0013730631498988,0.0013135753188469,0.0011678036560215,6.84450250028e-05,5.61709361647e-05,6.184982529e-05,4.72048349558e-05,0.000105689466014,7.89801935802e-05,8.51796608314e-05,8.14978661615e-05,7.36675276416e-05,6.43229049669e-05,8.70709549898e-05,8.55119607738e-05,8.24353153572e-05,9.58871227133e-05,8.65116225944e-05,8.93525824598e-05,7.86767966223e-05,8.80514450232e-05,8.64244334739e-05,8.72720072611e-05,0.0001007050730708,8.85322030361e-05,8.09713533375e-05,0.000104186589171,0.0001293064649851,6.64455833156e-05,7.2866375036e-05,6.27045749968e-05,6.13328105274e-05,5.12064804118e-05,5.54264117276e-05,5.12577435241e-05,4.89461624271e-05,4.88995524689e-05,2.26645682979e-05,2.37980409776e-05,2.52798754901e-05,3.28251613181e-05,2.80374112349e-05,1.67608604823e-05,1.30588422538e-05,7.0419805516e-06,9.330670151e-06,1.47312439315e-05,9.465002055e-07,0,0,0,0,0,0,0,0,0,0,0,0,0,0
0.000192642189034,0.0010237421041167,0.0016884010619391,0.001772371274611,0.0019283948746603,0.0010511661471191,0.0010304144779257,0.0010616361790232,0.0010815785868408,0.0011557333815624,0.0011809807061972,0.0011467681860574,0.0010672254200465,0.0012542393911007,0.0014743248817018,0.0014676335196858,0.0015129124245563,0.0015713793038858,0.0009805475008322,0.001020492997402,0.001001111041141,0.0009792294291005,0.0009808414565844,0.0009992064806157,0.0009543016232183,0.0008443570566573,5.05781071569e-05,6.6755415932e-05,4.4621673023e-05,6.25598746723e-05,8.54648201915e-05,7.16739176152e-05,9.09291566869e-05,7.3105915037e-05,5.88499547561e-05,6.49550354513e-05,6.92825235603e-05,8.64972904062e-05,7.66919305926e-05,8.31480686621e-05,8.09993282844e-05,6.75095860603e-05,7.49317031426e-05,7.18816230019e-05,8.27059584122e-05,8.53222892534e-05,8.6159229458e-05,7.89496247539e-05,8.05848582221e-05,8.2027710079e-05,0.0001100407452609,6.34641419247e-05,6.81178077201e-05,7.46666955142e-05,6.56668535559e-05,5.24187977946e-05,5.44668961998e-05,4.90643663071e-05,3.78406037895e-05,3.95719433293e-05,2.61567315037e-05,2.31894720002e-05,2.40349761431e-05,2.98612783595e-05,3.56197167119e-05,1.10857473483e-05,8.9663523697e-06,5.1390106057e-06,1.34901157899e-05,7.9887383101e-06,6.782670289e-07,0,0,0,0,0,0,0,0,0,0,0,0,0,0
0.0002113594680215,0.0013548746718452,0.0020096313223943,0.0015937778911131,0.0021372152858829,0.0012103522026133,0.0011900468670322,0.0012675162912865,0.0012422790848737,0.001274437686175,0.0012673277433888,0.0011519997187081,0.0012282171724495,0.0013005599461018,0.0014750438061131,0.0015042549574978,0.0015707041608841,0.001586730068747,0.0009421747182265,0.0009747938089218,0.0009594312730247,0.0009361282367417,0.000939651119081,0.0009598143819031,0.0009193827122459,0.0008218389809378,4.85908264197e-05,4.83597020929e-05,4.55742007071e-05,4.4097053089e-05,6.76468483153e-05,6.97401601394e-05,7.59032220612e-05,6.6107637047e-05,6.72701483773e-05,5.56870600137e-05,7.68766720927e-05,7.76413198706e-05,8.57871473754e-05,7.28991207267e-05,7.1153229682e-05,6.76118880609e-05,7.31306212422e-05,6.90090752809e-05,7.86262442836e-05,8.29709512944e-05,9.39001038326e-05,8.1598395456e-05,8.02771821755e-05,8.9599878608e-05,9.55163232216e-05,6.60761707567e-05,6.47031011013e-05,6.36587063726e-05,6.81550462034e-05,4.11952032996e-05,4.70878361005e-05,4.45725944642e-05,4.82379589662e-05,4.17839909371e-05,3.00006212476e-05,2.58334620457e-05,3.64795526489e-05,4.19108629849e-05,2.75488970153e-05,9.8422555813e-06,1.5777465658e-05,6.9870292914e-06,8.8548243549e-06,8.5527273171e-06,1.4963295278e-06,0,0,0,0,0,0,0,0,0,0,0,0,0,0
0.000300419822662,0.001038243093437,0.0017365909878937,0.0024756351465961,0.0023995331324566,0.000951005128056,0.0009330143624769,0.0009562300748074,0.0009101191658835,0.0009856890657787,0.0009843148105239,0.0012958421539463,0.0013025944129087,0.0014032581764872,0.0011324929485688,0.0011276727711791,0.0011774750188582,0.0011751008342653,0.001353201117603,0.0014052465294224,0.0013866518293236,0.0013527971689802,0.0013460511626981,0.0013731099184748,0.0013047092937039,0.0011673441446642,5.45020594314e-05,7.00317301829e-05,7.90839463217e-05,6.48124536644e-05,9.02926209394e-05,8.68581813069e-05,9.423604644e-05,8.91149659516e-05,7.14536820544e-05,7.65571801386e-05,8.8560127773e-05,9.24162360336e-05,0.000101208764924,9.84576370133e-05,8.07495175559e-05,8.47345118732e-05,9.0347872817e-05,0.0001029777451642,0.0001025097204317,9.4046948053e-05,0.0001050236632022,9.89204753931e-05,9.9206328566e-05,0.0001052486900313,0.000142330071416,6.32967909276e-05,8.05921489366e-05,5.76241513452e-05,7.08646561628e-05,5.0585596944e-05,4.780475282e-05,5.2487231661e-05,4.81415410908e-05,4.52203562791e-05,2.47156101416e-05,2.27452769341e-05,3.81173764601e-05,3.37092376576e-05,2.36442157298e-05,9.5661288287e-06,1.15817857618e-05,9.5742218264e-06,6.5573502734e-06,6.4394275065e-06,1.6492762049e-06,0,0,0,0,0,0,0,0,0,0,0,0,0,0
0.0002401985019076,0.0013830458724725,0.0023673155912925,0.0021861173039312,0.0025637497706843,0.0011023037430485,0.0010761630469303,0.0011017204460479,0.0011319186356479,0.0011498260596385,0.0011566547481849,0.0015114020922845,0.001435556359133,0.001600320706237,0.0010869131074175,0.0010965375108807,0.001140716269631,0.0011318232723363,0.0012200915592363,0.0012694101712814,0.0012525824603522,0.0012223996828555,0.0012232079664054,0.0012442293214204,0.0011870393718919,0.0010605824299965,5.61806921377e-05,6.67524968284e-05,6.4561319415e-05,6.53140169264e-05,9.35955991786e-05,8.98211340196e-05,8.98334583045e-05,8.3585602507e-05,8.51982536484e-05,7.38433750239e-05,8.82623631631e-05,8.14699732776e-05,9.03679672126e-05,9.7960767171e-05,8.71235353726e-05,8.93866632112e-05,8.67876432113e-05,9.48286709629e-05,9.24139165359e-05,8.18151046833e-05,0.0001102838530415,0.0001026098931045,8.3577267511e-05,0.000106751124567,0.0001279298240681,7.43977504946e-05,7.75146341467e-05,7.46223813252e-05,7.37655417487e-05,6.02443138305e-05,6.1130479075e-05,5.4525150557e-05,4.60857475267e-05,5.16600058329e-05,3.37901181775e-05,2.86348585802e-05,3.06819688059e-05,2.60034574123e-05,3.8371524756e-05,9.080610628e-06,1.41354639212e-05,6.7694320523e-06,9.2278871447e-06,1.19952314756e-05,1.7815317298e-06,0,0,0,0,0,0,0,0,0,0,0,0,0,0
0.0001390537154913,0.0011666726603613,0.0023226315915657,0.002270861054171,0.0024619849917886,0.0012304518402838,0.001237342579067,0.0012150716625391,0.0012298865924768,0.001268149689225,0.0012364218694938,0.0009543666307385,0.0009762139631833,0.0011066951944734,0.0013076992811107,0.0013257515606633,0.0013813433209637,0.0013634368357346,0.0012708216949192,0.0013101821043509,0.0012940328467155,0.0012594229256613,0.0012511392527437,0.0012738542768296,0.0012292945035474,0.0010841262818728,5.94794750974e-05,6.89232230425e-05,5.99782464976e-05,7.15486972578e-05,9.20130953138e-05,8.58305407696e-05,8.18339172544e-05,7.76623856012e-05,7.28065867143e-05,7.86382184275e-05,9.3161872841e-05,8.7097827787e-05,8.75234703754e-05,9.02385842484e-05,8.59611992974e-05,7.04688998873e-05,8.5995775647e-05,8.78729860143e-05,8.14531002751e-05,8.72145931454e-05,0.0001031784468481,9.37899076803e-05,9.68734367082e-05,0.0001082460646124,0.0001180276457295,5.39577351634e-05,7.34771699916e-05,6.89646736433e-05,7.34624368108e-05,4.93677010426e-05,5.70725859483e-05,5.51936111278e-05,4.34261874845e-05,4.42263058973e-05,2.81149396399e-05,2.80090107868e-05,3.53783006402e-05,3.75773288712e-05,1.97986541607e-05,1.92825094917e-05,8.4491557844e-06,6.3394287044e-06,5.9987287954e-06,1.23269275652e-05,9.106990159e-07,0,0,0,0,0,0,0,0,0,0,0,0,0,0
0.0003132794401061,0.0012224054935583,0.0025375205106398,0.0022238831187054,0.0025858440074569,0.0010106542824107,0.0009612184629997,0.0009918412016168,0.0009254261652014,0.0009815577288593,0.0009443061198386,0.0010530895765143,0.0009742795645779,0.0010725129174774,0.0011603008262441,0.001155858754889,0.0011586829958586,0.0012465309039671,0.0012289986520232,0.0012783327527155,0.0012584554531658,0.0012265754212675,0.0012308553061805,0.0012432709175613,0.0011971968124233,0.0010644375039705,5.91305250917e-05,5.95804295558e-05,5.81643698238e-05,5.12834494133e-05,9.21004582852e-05,7.97677681068e-05,8.40511798305e-05,8.63192513499e-05,7.54263551131e-05,6.38533495715e-05,8.66003104455e-05,9.02183631266e-05,8.62267918248e-05,8.93135762488e-05,9.61059533315e-05,7.8412296937e-05,7.32542106646e-05,9.20760671854e-05,9.02347261891e-05,9.10487256216e-05,9.65090205735e-05,9.00176927063e-05,8.67205588801e-05,0.0001005024639925,0.0001194979307781,7.09823271016e-05,7.41883420398e-05,6.10216084244e-05,6.12420902656e-05,5.19446137058e-05,6.20202956519e-05,6.78949307066e-05,4.64765527199e-05,4.29314470411e-05,2.59256151912e-05,2.43755055762e-05,3.49292866041e-05,3.44720809617e-05,2.81323841098e-05,1.46372598934e-05,1.36562788675e-05,1.00242272331e-05,9.9688264021e-06,1.25751896358e-05,9.905573533e-07,0,0,0,0,0,0,0,0,0,0,0,0,0,0
0.0001170456018025,0.0009677163149028,0.0018017358977467,0.0018043136877864,0.0019431659999248,0.0010866120125414,0.0010844769327882,0.0010716916751243,0.0010610130516791,0.0011026742965978,0.001102444455887,0.0011900259820165,0.0011486265236801,0.0012822359775452,0.0011412222409199,0.0011148174143653,0.0012170465645815,0.001212277786386,0.0010927096117275,0.0011460795466734,0.0011228081970648,0.0011059050981461,0.0010972833542225,0.0011243000597549,0.0010716167338933,0.0009494013107234,5.42831929145e-05,5.96094487865e-05,4.81413148443e-05,6.19132735303e-05,8.4520117963e-05,7.23541134611e-05,8.90589060774e-05,7.57902033535e-05,7.1506185204e-05,6.06522963524e-05,6.91195995385e-05,7.80853376352e-05,7.99362291707e-05,9.35279741968e-05,7.16456088839e-05,7.90335359786e-05,7.65367197533e-05,8.24009577623e-05,8.14083748419e-05,7.64034383518e-05,9.13518224226e-05,8.79287633064e-05,8.23447649032e-05,8.98679072955e-05,0.0001135991469391,6.74856149615e-05,7.24119591176e-05,6.61530863295e-05,6.36601597212e-05,5.46858538296e-05,5.01808334525e-05,4.74808081307e-05,4.70673869919e-05,4.35157503376e-05,2.55196522542e-05,2.79158107536e-05,2.68786412739e-05,2.88828662854e-05,2.33634414358e-05,1.18943683065e-05,1.32390352353e-05,5.2468249219e-06,7.35539508e-06,1.09915884573e-05,1.1144660696e-06,0,0,0,0,0,0,0,0,0,0,0,0,0,0
0.000269376632979,0.0010023219974994,0.0016809904973948,0.0020129516783597,0.0021041977339409,0.0011058712008032,0.0010373341481399,0.0010672680926346,0.0010358349908748,0.0010112805531061,0.0010036360830117,0.0011781814451461,0.0011755257257649,0.0012453700647532,0.0012128437713221,0.0012146592827787,0.0012592008675209,0.001264516412055,0.0009282143229986,0.0009587621614064,0.0009428319798549,0.0009184928525888,0.000911454313501,0.0009310401580964,0.0008981353059239,0.000795082946895,5.24051325099e-05,5.27754750376e-05,3.90083026491e-05,4.51628885976e-05,7.39528506883e-05,6.59085919283e-05,6.70148809483e-05,7.77854907207e-05,5.92216508269e-05,5.72701824351e-05,7.20733122391e-05,7.96085291349e-05,6.51165758775e-05,7.58277700961e-05,7.85351875145e-05,5.95130915806e-05,6.84780056606e-05,7.12381081233e-05,7.18233055608e-05,6.02248720757e-05,8.45387910868e-05,7.40523776005e-05,7.25164832505e-05,8.36148207605e-05,9.91284306264e-05,5.71324549348e-05,7.20199715656e-05,6.33864384016e-05,6.27157107962e-05,5.73739582203e-05,5.58062645085e-05,3.92703044606e-05,2.93828472732e-05,4.33287410548e-05,2.08340016757e-05,2.64346157846e-05,2.53974820017e-05,3.41124919905e-05,2.64143527249e-05,7.3428777999e-06,1.20691917495e-05,4.8429676303e-06,6.4067119807e-06,1.02840151754e-05,9.326282208e-07,0,0,0,0,0,0,0,0,0,0,0,0,0,0
0.0003364913472655,0.0011611537724916,0.0017494893915057,0.0018692255107133,0.0021055523169254,0.0010631172189681,0.0010741562066804,0.00108237044013,0.0010244554002162,0.0010750571635927,0.0010828453724895,0.0011589170092183,0.0012268034123186,0.0013534167706621,0.0010303624151686,0.001056300088188,0.0010871112993141,0.0010926654024668,0.0009986578632807,0.0010382922736709,0.0010263882271008,0.0009977995735975,0.0010069068924891,0.0010147593061804,0.0009694678891252,0.0008624800614314,4.87325557118e-05,5.34795364598e-05,5.02189677141e-05,6.49092386837e-05,7.66181624343e-05,6.85968855677e-05,6.38816561966e-05,6.91524038606e-05,6.63666343451e-05,6.25423061573e-05,7.75891879704e-05,7.80393951978e-05,8.02306493737e-05,7.15230172998e-05,7.67877324351e-05,6.91385439615e-05,7.06770977207e-05,7.39580751495e-05,6.87848850808e-05,7.88828417301e-05,8.37444710812e-05,7.90221559733e-05,7.92697845018e-05,9.57975653398e-05,0.0001073139906908,5.37553797647e-05,7.20930696346e-05,6.45741781934e-05,7.16586042866e-05,5.18482838125e-05,5.38601589091e-05,4.5144459893e-05,3.35409720678e-05,4.41766578309e-05,2.20804444323e-05,2.62478593755e-05,2.6735255682e-05,3.03938024343e-05,2.88727634129e-05,6.272530686e-06,1.06786065667e-05,8.5305739121e-06,6.8680596762e-06,5.8702471798e-06,1.9914661726e-06,0,0,0,0,0,0,0,0,0,0,0,0,0,0
0.0001465765221056,0.0010850890804719,0.0018103609869674,0.0015083287880518,0.0016523684088132,0.000941970733528,0.0008931232153179,0.0009493766748262,0.0009427458816825,0.000918477516829,0.0009478547085567,0.0011473529291282,0.0010813432328251,0.0011885170167746,0.0013289839025474,0.0013256156571571,0.0013871884685515,0.0013771933526612,0.0012321762682711,0.0012871116399836,0.0012649063196964,0.0012418224368698,0.001228201689396,0.001259004468523,0.0011948745113687,0.0010635286172143,5.66630435473e-05,4.87785379028e-05,6.00434330616e-05,5.83207790096e-05,7.95596065488e-05,7.71559407105e-05,7.69339837894e-05,7.80243865653e-05,6.41852632893e-05,5.94996072586e-05,8.91579174557e-05,8.59664369072e-05,8.26517087164e-05,9.06344405378e-05,8.3346529387e-05,7.25128151052e-05,7.45622255251e-05,8.61619116387e-05,9.12241490076e-05,7.67883962305e-05,8.54525417305e-05,9.1146512948e-05,8.34316889603e-05,9.9480452293e-05,0.0001202834642625,6.01601367517e-05,8.09222011759e-05,5.63298489935e-05,5.95945412323e-05,5.61066908966e-05,5.33112750549e-05,5.51899681301e-05,3.63687591498e-05,4.55764527133e-05,2.62171396761e-05,2.72874661926e-05,3.3698171658e-05,2.4299746987e-05,2.5475553655e-05,1.08829496948e-05,1.06522147699e-05,6.1168971027e-06,9.9666476064e-06,8.8668894533e-06,1.1985004904e-06,0,0,0,0,0,0,0,0,0,0,0,0,0,0
0.0002950417487817,0.0010953881729691,0.0022302267872019,0.002087505129438,0.0018523214999621,0.001116494148859,0.0011064189890709,0.001157837847597,0.001170853534601,0.0012141591416359,0.0011787197930453,0.0013640902651314,0.0013008599395287,0.0014389064909642,0.0013634749179226,0.0013757081015512,0.0013927732117585,0.0014463303196418,0.0009466576001216,0.0009940128464338,0.000966973192632,0.0009570099214812,0.0009552161164001,0.0009709831059658,0.0009263645405438,0.0008311338147627,5.76623525348e-05,5.08109864987e-05,6.25849115626e-05,5.77973274486e-05,8.08655607766e-05,8.28308944288e-05,7.45697312556e-05,7.17735543031e-05,6.92130978983e-05,6.35344770159e-05,8.31793693952e-05,7.85164536955e-05,7.18022590103e-05,8.32442488595e-05,7.71717559908e-05,6.85175482415e-05,6.49920619424e-05,8.54956183234e-05,7.54790742082e-05,7.84251793545e-05,9.0591501971e-05,8.86998187841e-05,8.68647531834e-05,0.0001108563875069,0.0001185907304007,6.66622041867e-05,6.84700601147e-05,6.51858891627e-05,6.17433050286e-05,4.69571334292e-05,5.04831884616e-05,6.11830543619e-05,4.35568945488e-05,3.99921336601e-05,2.67244263687e-05,2.35314901048e-05,3.4420273817e-05,2.66208675353e-05,2.16474633322e-05,1.36231235796e-05,1.1440470687e-05,9.8800286588e-06,8.2128347636e-06,9.1183462087e-06,1.2055528581e-06,0,0,0,0,0,0,0,0,0,0,0,0,0,0
0.0001037160329992,0.0009404420052433,0.0016017254349201,0.0018726991910149,0.0018618277514114,0.0009149011434402,0.0009471590927861,0.000910689744287,0.0009061910439117,0.0009086744141569,0.0009051642451538,0.001052797362211,0.0010905862718535,0.0012202126935199,0.0013194257308069,0.0013287900891251,0.0013673986112032,0.0013894122979374,0.0009108986243609,0.0009529078519593,0.000931562841039,0.0009183127399073,0.0009159854124598,0.0009324296095994,0.0008926119224425,0.0007928733932804,4.10623501697e-05,4.41556262937e-05,4.79871293015e-05,4.55249145259e-05,6.37493536324e-05,6.38784450145e-05,6.65739923925e-05,6.85654880293e-05,6.75486514852e-05,6.34264919965e-05,7.21934797824e-05,6.57596487202e-05,7.27314661926e-05,7.94615624023e-05,6.85180343418e-05,5.43519344729e-05,7.05102966215e-05,6.80820036591e-05,7.41921941608e-05,7.73404963575e-05,8.17647242052e-05,7.88572506903e-05,7.4530385474e-05,8.14174596043e-05,9.67667682047e-05,4.71848164713e-05,6.49307650252e-05,5.51285345749e-05,5.89586099703e-05,4.33780374928e-05,5.10873056177e-05,4.41521872654e-05,3.417329745e-05,3.50608833248e-05,1.97698226456e-05,2.4341436164e-05,3.17545806295e-05,3.04007752827e-05,2.16311372636e-05,7.9863596559e-06,1.00832480006e-05,4.565162164e-06,7.0214806836e-06,6.5040513086e-06,1.1586407364e-06,0,0,0,0,0,0,0,0,0,0,0,0,0,0
0.000235351400801,0.0009948748928746,0.0023202014016466,0.0023103492081472,0.0021458116771894,0.0009783490829054,0.0009458513999561,0.0010033170055997,0.0009850794689519,0.0010258507919523,0.0010457341321017,0.0011548307265084,0.0011302718373332,0.001206534954574,0.0011510646427153,0.0011312922366493,0.0011996977503572,0.0012003630023148,0.0011210837242391,0.0011619164729284,0.0011483434187074,0.0011168608766197,0.0011209258346648,0.0011278423844975,0.0010877286027525,0.0009600436001152,4.99244624562e-05,5.68490398971e-05,5.15441899631e-05,5.51596558264e-05,8.38550261349e-05,7.67738658174e-05,7.22375797154e-05,7.47068815291e-05,6.44072331583e-05,6.77780933469e-05,7.6123558861e-05,8.36982885331e-05,8.12457818053e-05,7.95297815066e-05,7.73549055619e-05,7.2040016796e-05,7.06813426442e-05,7.15385888313e-05,8.09224098042e-05,7.72048580422e-05,8.33681675203e-05,7.87864854852e-05,7.80184527226e-05,9.44257107548e-05,9.93186026135e-05,5.50559596197e-05,7.02070645057e-05,6.59001144238e-05,6.15297303346e-05,5.3755740772e-05,5.02442459845e-05,4.00308084515e-05,4.59503274542e-05,4.14664689701e-05,2.44825879401e-05,2.72653945413e-05,3.22747365283e-05,3.18372176603e-05,2.56453645051e-05,8.8792161539e-06,1.36460640962e-05,9.7000093993e-06,8.3746249621e-06,6.6864749015e-06,2.2985701603e-06,0,0,0,0,0,0,0,0,0,0,0,0,0,0
0.0001134497363644,0.0009289072329309,0.002128473122617,0.0021411987015107,0.0021216301226458,0.0010342279731424,0.0010131570339564,0.001006683779355,0.0009773547678649,0.0010334498908761,0.0010265799788393,0.0012913725220527,0.0012874701225869,0.0014273692962696,0.0013035474709692,0.0013027998053716,0.0013641458395609,0.0013595161445778,0.0010146193924608,0.0010446672505298,0.0010427269708304,0.0010086044550327,0.0010153756935109,0.0010208273863726,0.0009829280406526,0.000869644714345,5.27555758905e-05,4.6924425844e-05,5.33413970022e-05,4.89008428739e-05,7.48010284843e-05,7.36558023404e-05,6.98845128419e-05,6.68245058039e-05,6.0049325256e-05,5.9928046232e-05,7.29530311817e-05,7.9235373055e-05,7.51438027737e-05,7.54770614292e-05,7.57577093398e-05,6.42069446939e-05,6.78613892458e-05,7.76391312661e-05,8.0617495999e-05,7.57609669902e-05,8.01635521218e-05,7.48045305293e-05,8.18061135946e-05,8.69289261885e-05,9.4943044222e-05,6.44023069863e-05,6.47632977287e-05,6.181894973e-05,5.75783091735e-05,5.49960931881e-05,5.42957174523e-05,4.96129551686e-05,4.15816485278e-05,3.25345638597e-05,2.40797332934e-05,2.45206600677e-05,2.97003873632e-05,2.9605808855e-05,2.65583502816e-05,1.2958759681e-05,1.14666549682e-05,6.3704217604e-06,1.14088362722e-05,8.2175960697e-06,2.6357763037e-06,0,0,0,0,0,0,0,0,0,0,0,0,0,0
0.0001736725194188,0.0008565722020213,0.0018289850356306,0.0016435221211392,0.0019949348462768,0.0011049250859976,0.0010610622079132,0.0010582189371718,0.0011224050278036,0.0011525721085694,0.0011524419409195,0.0010505399853093,0.0009978226755654,0.0011095639367493,0.0011288278741534,0.0011493547458196,0.0011805254718537,0.0011881044085464,0.0009690146940685,0.0010003603805584,0.0009932495728687,0.0009632514711438,0.0009669257183478,0.0009785283399568,0.0009378700983831,0.0008324696030202,5.08991920797e-05,5.23581606952e-05,4.31738013828e-05,5.09224687784e-05,6.97376610139e-05,7.03165515249e-05,6.77832584847e-05,6.00236716247e-05,6.0196076163e-05,5.7902497329e-05,7.18543722114e-05,6.33832808117e-05,7.62251773382e-05,7.14111208091e-05,6.96768548453e-05,6.17499211017e-05,6.68556667694e-05,6.97956441245e-05,7.75366150283e-05,7.03224382303e-05,7.79613288962e-05,8.03419625215e-05,6.69755280112e-05,8.92404356229e-05,0.0001001894225686,5.64241993996e-05,6.31246825875e-05,5.613994181e-05,5.69171532625e-05,4.66077739244e-05,4.39153682454e-05,4.11834021265e-05,4.30190127385e-05,4.30998723141e-05,2.43350277932e-05,2.05762611762e-05,2.71620310904e-05,3.0264188882e-05,2.4596814059e-05,1.27758552155e-05,1.10829953635e-05,7.8902464449e-06,6.3310413914e-06,5.8242985071e-06,5.915967428e-07,0,0,0,0,0,0,0,0,0,0,0,0,0,0
0.000220770008856,0.0012892876943041,0.0018532699792852,0.0019499379394367,0.0022516747576242,0.0008628615977949,0.0008660168724996,0.000892534140338,0.0008888388455765,0.0008970320010996,0.0008990335353239,0.0011089893098078,0.0011014647686171,0.0011976060329873,0.0013302472812877,0.0013547718420863,0.0014048613584234,0.0013785961706562,0.0010563922167943,0.0010908843259329,0.0010810407793183,0.0010520943286541,0.0010549798409262,0.0010722625930144,0.0010289192603389,0.0009094244808469,5.84096151203e-05,5.97054864207e-05,5.94731106371e-05,5.60677297393e-05,8.31785800397e-05,8.32797096305e-05,7.82072342058e-05,7.49820867645e-05,5.94880683947e-05,6.27432685996e-05,7.40090899099e-05,7.85983716305e-05,8.26914095989e-05,8.03479930915e-05,7.38264042161e-05,6.91253715268e-05,7.84403569921e-05,8.07959474709e-05,9.60679475338e-05,7.45817626167e-05,9.16065875682e-05,8.28849219609e-05,8.66395572764e-05,8.75460229936e-05,0.0001170871852398,6.02375993588e-05,6.18609654487e-05,6.804402597e-05,6.68471294741e-05,5.26656043348e-05,4.48807774124e-05,5.00075661525e-05,3.91513812505e-05,5.31640865218e-05,2.62558963531e-05,2.54168832615e-05,2.93421884573e-05,3.20784481985e-05,2.73355574399e-05,5.7449078578e-06,9.4382976722e-06,8.1884380718e-06,5.2359142629e-06,8.3117864341e-06,1.0557193274e-06,0,0,0,0,0,0,0,0,0,0,0,0,0,0
0.0001781094046369,0.0010070230926468,0.0017104833066313,0.0017255031950353,0.0020394246174245,0.0010468448233881,0.0010028588089142,0.0010599144736935,0.0010187857043069,0.001070073689145,0.0010684651861471,0.0010435407167955,0.0010243175987533,0.0010900627246487,0.0010964020930297,0.001081857135625,0.001155712056086,0.0011306934381386,0.0015724180138579,0.0016311064993904,0.0016071600253579,0.001567406068962,0.0015602559181905,0.0015816296609085,0.001516699824737,0.0013497482225068,6.15956692732e-05,6.44380448142e-05,5.58296091587e-05,6.01867439163e-05,9.6028886452e-05,8.76203572329e-05,8.69551584358e-05,9.35705613837e-05,8.02409563998e-05,6.72528368553e-05,0.0001006325147568,9.47078954862e-05,9.06578295342e-05,9.60576600489e-05,9.3832967544e-05,8.23997207248e-05,8.83516630791e-05,9.8227038041e-05,0.0001033336637513,8.91280954287e-05,9.68813846809e-05,9.10222704771e-05,9.78024445849e-05,0.000117728784333,0.0001361760995313,6.83097835708e-05,7.38248139012e-05,6.26691337512e-05,7.32124717402e-05,5.73785001907e-05,5.14092731423e-05,5.42215350579e-05,4.20052859596e-05,4.41659834449e-05,2.94602949283e-05,2.70250084546e-05,3.21010775152e-05,3.20685791976e-05,3.12731775596e-05,1.0596918512e-05,1.06435502637e-05,6.0924539611e-06,9.6247992295e-06,1.09764191662e-05,1.5926470715e-06,0,0,0,0,0,0,0,0,0,0,0,0,0,0
0.0001935596989789,0.0009939255937138,0.0021952530579664,0.0018840349007286,0.0022426048198441,0.0010132616363554,0.0009607141626277,0.001032001567362,0.0010328327904227,0.0010330201539222,0.0010712678972675,0.0010437120977503,0.0009997612716264,0.0010047295731463,0.0009296472142346,0.0009305957059381,0.0009812364756199,0.0009838311801886,0.0006821275164893,0.0006931302631536,0.0006904774607505,0.0006676858089543,0.0006689795188657,0.00068307854538,0.0006574469355758,0.0005806341231463,3.63998666086e-05,3.48799713079e-05,3.5545500598e-05,3.2800908127e-05,5.81058346565e-05,4.5948631809e-05,4.88594284357e-05,4.81894424683e-05,4.63807506489e-05,4.66277722007e-05,4.48528597285e-05,5.5200241174e-05,4.15376643187e-05,5.71858576028e-05,5.58673894631e-05,4.75967371699e-05,4.43554617972e-05,4.92380361523e-05,5.82153537358e-05,4.35569485382e-05,5.38246061771e-05,6.18803446306e-05,5.52026630866e-05,6.07026620091e-05,6.84620180455e-05,4.59759801662e-05,4.80152913576e-05,4.8158421902e-05,4.4888028318e-05,4.22086738893e-05,4.25020469908e-05,4.43562665588e-05,2.95181417356e-05,3.67845342574e-05,2.26719899345e-05,2.37126175843e-05,1.84490808547e-05,2.61516372317e-05,2.18340202304e-05,8.2739802224e-06,9.1215901878e-06,6.050315696e-06,8.9848552834e-06,8.9002562626e-06,1.0681556765e-06,0,0,0,0,0,0,0,0,0,0,0,0,0,0
0.0001692360990819,0.0010990241930827,0.0018389629886252,0.0018130954443097,0.0018976268837693,0.001058181062192,0.0010281421463366,0.0010335316821332,0.0010164622635593,0.0010815609292981,0.0010227463157012,0.0008806220821641,0.0009515806372596,0.001075271882999,0.0011869887414202,0.001185660867485,0.0012370280735087,0.0012518963858033,0.0007898656064696,0.0008005415536903,0.0008038370211417,0.0007730108031993,0.0007726120979721,0.0007862426959251,0.0007686512641442,0.0006775640511345,3.99078720156e-05,4.08875284721e-05,3.96328075084e-05,4.48006296227e-05,6.31859197259e-05,5.05430007019e-05,5.33778349439e-05,5.29050525361e-05,4.98372677678e-05,4.57097764434e-05,5.71722631062e-05,5.75770055391e-05,5.66271863075e-05,5.98354102093e-05,6.00124929707e-05,6.00663778786e-05,5.95528966456e-05,6.6304621091e-05,5.98608366198e-05,6.00053396623e-05,6.8713416201e-05,6.22966159506e-05,6.18269799495e-05,6.24081022746e-05,7.40718770235e-05,4.80688542324e-05,5.82770982145e-05,5.91916672216e-05,6.05947232154e-05,3.8437339547e-05,5.56769357798e-05,4.31779844723e-05,3.40371718351e-05,4.10515939734e-05,2.39325131256e-05,1.76032061617e-05,2.38758384956e-05,2.41310050956e-05,2.77834453805e-05,1.08512953026e-05,7.6745031507e-06,5.3563324628e-06,5.1263402572e-06,1.02200764246e-05,1.8532558233e-06,0,0,0,0,0,0,0,0,0,0,0,0,0,0
0.0001786761741199,0.0011083800301163,0.0020081086069018,0.0019215917225911,0.0021501091452814,0.0010412533483348,0.0010116220594591,0.0010305874992526,0.0009997612434647,0.0010315247217816,0.0010178184882737,0.0011262446639758,0.001092776682808,0.0011978333936492,0.0014670210542435,0.0014427753805783,0.0015112893386986,0.0015140352438276,0.0006034595408851,0.0006077069962239,0.0006109803043154,0.0005881701363844,0.0005929334450882,0.0006130791163446,0.000589895074613,0.000520306477127,2.89850211787e-05,4.43341723141e-05,2.78919967326e-05,3.73121165877e-05,6.16239150125e-05,4.86611016558e-05,5.67797049065e-05,4.6343100606e-05,5.5607883706e-05,4.57780915483e-05,4.16114704701e-05,5.64222433866e-05,5.41022243067e-05,5.00982010278e-05,5.58081150874e-05,5.38134358625e-05,5.42980375806e-05,4.69818993593e-05,5.80111587228e-05,5.18599029929e-05,6.5654238419e-05,6.05303237197e-05,5.59714627892e-05,6.98763413745e-05,6.40059803873e-05,4.90763575941e-05,6.02526906993e-05,5.41699715362e-05,5.07029420195e-05,4.5146586338e-05,4.84410232588e-05,4.04175457702e-05,3.18656927645e-05,3.6063049037e-05,2.4926011613e-05,2.53168152089e-05,2.04399314824e-05,1.91873427763e-05,2.83560258413e-05,8.7124100768e-06,1.0167778714e-05,2.9276977784e-06,8.5392088974e-06,7.039793605e-06,7.262889008e-07,0,0,0,0,0,0,0,0,0,0,0,0,0,0
0.0002140600427532,0.0010165644922828,0.0019239507114539,0.002341182397755,0.0025098643011178,0.0009748622318581,0.0009556660452832,0.0009691834839193,0.0009566642004884,0.0010238708415871,0.0010296841274577,0.0010194627375148,0.0010644719712458,0.0011583129198722,0.0012000172425147,0.0012219128491787,0.0012827692355244,0.0012684805911074,0.0006378618443611,0.0006461408429602,0.0006480930302975,0.0006225714879518,0.0006327356574872,0.0006361764016718,0.0006249351142363,0.0005468708890382,3.28921692683e-05,4.25055882405e-05,3.1846991479e-05,3.48185745726e-05,6.09849980348e-05,5.85557198232e-05,4.38369806067e-05,4.53918591233e-05,4.89727947815e-05,4.90791617641e-05,5.12433425778e-05,5.58513954013e-05,5.77102573777e-05,5.03486385371e-05,5.37791846377e-05,5.33175231403e-05,6.03382675958e-05,4.97734460276e-05,5.50233546762e-05,5.55394703083e-05,6.13848016326e-05,5.64559249791e-05,5.68246952487e-05,6.87420001845e-05,7.48774727219e-05,4.58067891316e-05,6.17660637064e-05,5.0772950955e-05,4.15528113919e-05,3.75488826389e-05,3.74520965381e-05,4.52641097629e-05,3.49974341938e-05,3.51369293429e-05,2.95749521814e-05,2.45615802031e-05,2.77597140476e-05,2.96661389264e-05,2.07977203524e-05,1.02768605819e-05,8.7510820678e-06,2.411413468e-06,5.6041051118e-06,7.9805742999e-06,1.9588519615e-06,0,0,0,0,0,0,0,0,0,0,0,0,0,0
0.0001403047079332,0.0007318024419997,0.0015449093439696,0.0016275221515715,0.0016299519400303,0.0008297076625472,0.0007978823230842,0.0008080898363679,0.0008159362719815,0.000823084267227,0.0007585678775623,0.0008614654910043,0.0008302659522154,0.0008900805114158,0.0008351355293554,0.0008601209543342,0.0008974713707661,0.0008824257997921,0.0005587581074145,0.0005711712720913,0.0005678757569844,0.0005493973511579,0.0005491712006617,0.000560185311443,0.0005381224721995,0.0004818398117716,3.98480786298e-05,2.96059445552e-05,2.77698651864e-05,3.19876430019e-05,4.0603387422e-05,4.36466209585e-05,4.58033446345e-05,4.01163657047e-05,4.13816010102e-05,3.14020008988e-05,3.87209672077e-05,4.82845407556e-05,4.10527387571e-05,4.52053460519e-05,4.89027225244e-05,5.16321228348e-05,4.6213666777e-05,4.96040841277e-05,4.42965925531e-05,4.32549633601e-05,5.67691311067e-05,5.70813203479e-05,4.92565348705e-05,5.73294829751e-05,6.21193426533e-05,4.55945128317e-05,4.14743883858e-05,4.78559249386e-05,3.97473856977e-05,3.02784863565e-05,3.00531060545e-05,2.90992536244e-05,3.08765175708e-05,4.42994930601e-05,1.99409789146e-05,1.8421318346e-05,2.01752784589e-05,2.32449309538e-05,1.92149971158e-05,1.14485459693e-05,6.8685691282e-06,4.0662677336e-06,4.2394352171e-06,4.9930579091e-06,9.815077971e-07,0,0,0,0,0,0,0,0,0,0,0,0,0,0
0.0001337139728412,0.0009569186371097,0.0013932673191574,0.0014812543410716,0.0015149069860022,0.0009323641937142,0.0009152441610631,0.0009759929120778,0.0009539193482421,0.0009615304168363,0.0009701173519437,0.0009715533027469,0.0009020412611999,0.0009904034220838,0.0010928578010977,0.0010992647461124,0.0011774673141643,0.0011567307071259,0.0006639574468406,0.0006717946036869,0.0006747257127685,0.0006483935944076,0.0006469867418962,0.0006642458182356,0.0006449265676521,0.0005622580496361,3.52744696674e-05,3.59881870216e-05,3.02265895195e-05,4.10647688142e-05,3.85018562941e-05,3.91548959574e-05,3.63548141365e-05,4.16601058865e-05,4.12534059974e-05,3.44370828068e-05,3.51072931087e-05,4.7006378449e-05,4.55337829986e-05,5.17833401459e-05,4.30529447117e-05,4.81831370626e-05,4.60585884196e-05,4.52198169917e-05,4.56901380682e-05,4.88749130211e-05,5.09073722203e-05,5.40673019124e-05,4.45275679677e-05,4.68725169362e-05,5.33981330865e-05,4.40481496653e-05,5.76380057771e-05,4.92641570368e-05,3.80359822302e-05,2.88334303819e-05,4.56337884035e-05,3.60360493409e-05,2.52473706278e-05,2.88528251392e-05,1.65728952532e-05,1.74947314634e-05,1.50862578557e-05,2.45037489052e-05,1.98502847107e-05,7.3594598462e-06,1.13287281546e-05,5.4876578318e-06,5.5642067721e-06,8.2760770552e-06,1.6148073341e-06,0,0,0,0,0,0,0,0,0,0,0,0,0,0
0.0002541882640493,0.0007833161575878,0.001536367246811,0.0014216920088726,0.0018773919939317,0.0008533368170022,0.0008284827829509,0.000814156603669,0.0008853954949735,0.0008878316860555,0.000986118027912,0.0010905969839876,0.0010797279639346,0.0011790260993348,0.0009386512531327,0.0009648084210263,0.0009877439462121,0.0009974100691758,0.0006490989577786,0.0006516424339946,0.0006581039944874,0.0006310647311395,0.0006346380931978,0.0006420056402168,0.0006332985658841,0.0005537809685595,3.43468224581e-05,2.6108762255e-05,3.1113319008e-05,3.15741514055e-05,5.10414405475e-05,4.13715101373e-05,3.99475374696e-05,4.1154335976e-05,3.96959213527e-05,3.48207438998e-05,4.1174889724e-05,4.47866290856e-05,4.7037854157e-05,6.05544531335e-05,4.35146607955e-05,3.62183696175e-05,4.12382250164e-05,5.00060306883e-05,5.91506275847e-05,4.51208976918e-05,4.33252639184e-05,5.27736007397e-05,4.46053730672e-05,5.57886857923e-05,6.01601523878e-05,4.91049548898e-05,4.77472645279e-05,4.39076501719e-05,4.91049184422e-05,2.98223120015e-05,3.84937021905e-05,4.30538394485e-05,2.64636738407e-05,3.49203938115e-05,2.15354875331e-05,2.10597169641e-05,2.35675462901e-05,1.68701164916e-05,2.02014361598e-05,1.01670200956e-05,1.09765183082e-05,4.8527835979e-06,6.9615658218e-06,8.341961404e-06,5.728840208e-07,0,0,0,0,0,0,0,0,0,0,0,0,0,0
0.0002694669910583,0.0009656810825171,0.0015340654865524,0.001904249424974,0.0017205993903675,0.0007905956180986,0.0008060584558961,0.0007758205053878,0.0007367083114606,0.0008112501370011,0.0008425203419623,0.001015129740941,0.0009654455027033,0.0010974409413153,0.0008433927173023,0.0008629582285056,0.0009082341518183,0.0009157761768768,0.0004830014879269,0.0004977342434035,0.0004912048459662,0.0004855299383995,0.0004800160324121,0.0005005039798839,0.0004698388894283,0.0004312073410204,3.23345931049e-05,2.27714019838e-05,2.42276225085e-05,2.66899104213e-05,3.92254080295e-05,3.70608327387e-05,4.38828574737e-05,4.03398545618e-05,3.14265940661e-05,3.86828639829e-05,3.87666552398e-05,3.88577549244e-05,3.7990058371e-05,4.25502592829e-05,4.42789338009e-05,2.78174984089e-05,3.14507287832e-05,3.38259723532e-05,4.32259630055e-05,3.58485803026e-05,5.10499160745e-05,4.54028275169e-05,4.78283017892e-05,4.48349889665e-05,4.78410420408e-05,3.35443137451e-05,3.8636623239e-05,3.55347436771e-05,3.89732642722e-05,3.24823422455e-05,2.7683961118e-05,2.71649994951e-05,2.43156390128e-05,3.53251387251e-05,1.68931719562e-05,2.04259323142e-05,1.70061297663e-05,2.23424834998e-05,1.76683762921e-05,1.16707431689e-05,6.5773482185e-06,4.3518109736e-06,3.4198754715e-06,5.4832135814e-06,1.809302265e-06,0,0,0,0,0,0,0,0,0,0,0,0,0,0
9.09274738041e-05,0.000835107776199,0.0014211828442928,0.0013749726878297,0.0013751762568009,0.000852480689421,0.0008427630077982,0.0008482709032214,0.0008661514028013,0.0008511569371695,0.0008575117631197,0.0008336268936513,0.0007943270386674,0.0008337047412358,0.0008631817429616,0.0008735924824223,0.0009033375566911,0.0009329187109905,0.0005907880579756,0.0005982510244602,0.0005999342231455,0.000578955934014,0.0005779183121631,0.0005944160266937,0.0005696185622182,0.0005076526222264,3.07879546995e-05,3.00758124043e-05,2.6999052512e-05,3.23157516914e-05,5.10582160205e-05,4.22492098323e-05,4.52449033353e-05,4.17241990913e-05,3.40246824281e-05,3.46902203997e-05,3.76998625295e-05,4.5095474705e-05,4.00558882516e-05,4.06922096591e-05,4.23829309168e-05,4.24685768912e-05,4.28859829322e-05,4.38863810517e-05,4.10893988686e-05,3.80781088867e-05,4.76947877479e-05,3.67784675452e-05,4.96098539643e-05,6.30312294646e-05,5.2077728583e-05,4.32775436286e-05,4.82439839279e-05,4.16351092403e-05,4.05099610516e-05,4.82486565954e-05,3.27542653022e-05,3.71112978151e-05,3.65722196595e-05,2.5407214893e-05,2.17063141316e-05,1.75090641013e-05,1.36194614152e-05,2.06940196772e-05,1.84523584769e-05,9.4626133046e-06,7.2043206945e-06,3.5704828035e-06,3.5539339779e-06,9.4064306922e-06,8.108862977e-07,0,0,0,0,0,0,0,0,0,0,0,0,0,0
0.0001210668533199,0.0004435726726678,0.0007958534772299,0.0010645744144027,0.001029916060315,0.0006682023633972,0.0006808229851396,0.0007293725757423,0.0007334947263238,0.0007496102618187,0.0007544734408627,0.0005945152225669,0.0006115500495535,0.0006574240929566,0.0005860803909583,0.0006082300947989,0.0006458872991964,0.0006516184076699,0.0002987669123273,0.0003005347849496,0.0003034100054748,0.0002915032466352,0.0002931821620728,0.0003012813181191,0.0002931827266492,0.0002601610398192,1.70274548615e-05,1.75145342723e-05,1.42182888403e-05,1.84640629895e-05,3.00009198645e-05,2.36027771624e-05,2.32616094309e-05,1.93297965491e-05,2.24795122302e-05,2.48956858837e-05,2.05955706749e-05,2.94825422736e-05,2.54518622423e-05,2.4561875418e-05,2.48436824313e-05,2.04108475795e-05,2.14253058246e-05,2.5233138084e-05,2.74448152487e-05,2.14611009962e-05,2.81467266631e-05,2.7208025114e-05,2.79975815831e-05,3.1114367627e-05,3.47214557972e-05,2.66614452955e-05,2.81124148002e-05,2.87638335059e-05,3.4081506108e-05,2.17084917405e-05,1.88050551436e-05,2.28759123936e-05,1.74813655137e-05,2.16961558042e-05,1.182471342e-05,8.1548808854e-06,7.284739187e-06,1.24352044131e-05,6.894400661e-06,3.9011403376e-06,3.2035027788e-06,2.5095878894e-06,1.1226900995e-06,3.289588923e-06,6.84052332e-08,0,0,0,0,0,0,0,0,0,0,0,0,0,0
0.0001397708153276,0.0005407979499403,0.0008442157245785,0.0008595411833885,0.0013135167915724,0.0003464994734762,0.0003376232292058,0.0003482108521308,0.0003978357993889,0.0003800605613704,0.0004213898619266,0.0005151749284424,0.0004951076458427,0.0005020200264404,0.000503484845197,0.0004996162411676,0.0005058312833323,0.0004954714792497,0.0003332691689139,0.0003360416885049,0.0003396986039492,0.000324954097864,0.0003246400575094,0.0003270294913965,0.0003220962063268,0.0002839251384427,9.5693219335e-06,1.98799286622e-05,1.95837321378e-05,1.88774170941e-05,3.1402345357e-05,1.64717211791e-05,2.63782687192e-05,1.96830125613e-05,1.93270156945e-05,2.07896409637e-05,1.83807933688e-05,2.4229295787e-05,2.45895572597e-05,2.23952861435e-05,2.63549376099e-05,2.51149245182e-05,2.46992428198e-05,2.54694576435e-05,2.34353734619e-05,2.56251226859e-05,3.03985514342e-05,2.68687853623e-05,2.29575567194e-05,2.92096903853e-05,3.08885274085e-05,2.70423279776e-05,2.0052667453e-05,2.83317613425e-05,2.74486861633e-05,1.94479761898e-05,1.92510329065e-05,2.16943567056e-05,2.04982397809e-05,1.6971888494e-05,7.9083913388e-06,6.4735543157e-06,8.7428230351e-06,1.50530250552e-05,1.10987365108e-05,4.6297226247e-06,5.205460394e-06,2.2094337261e-06,4.1297953858e-06,2.5124119374e-06,6.63376157e-08,0,0,0,0,0,0,0,0,0,0,0,0,0,0
7.08159357645e-05,0.0005022484059605,0.0007713489618656,0.0010736104415374,0.0013856091123767,0.0005608764691256,0.0005628755962976,0.0005827673548104,0.0005501090496719,0.00061373258959,0.0005757620696142,0.0005819150791916,0.0005592956897164,0.0005968288773818,0.0005564667596112,0.0005571715034048,0.0005777609270661,0.000586121975876,0.0003073437489651,0.0003119781875731,0.0003075405843309,0.0002984347577768,0.0002983774258983,0.000304600839393,0.0003042215633444,0.0002631344689375,2.02679497381e-05,1.74484373421e-05,2.34077113377e-05,1.62832870882e-05,2.87294804891e-05,3.19449948434e-05,2.51189563301e-05,2.16453885986e-05,2.07375635168e-05,3.0391628809e-05,3.18886489968e-05,2.68762744981e-05,3.21536293734e-05,3.32225370237e-05,2.6269944361e-05,2.49798387626e-05,2.60443897439e-05,3.25613887577e-05,3.54876192746e-05,3.46071815581e-05,3.72515118189e-05,3.36913245864e-05,3.13733965573e-05,3.49089877897e-05,3.79831580597e-05,2.17810798589e-05,2.81565282015e-05,2.36801273488e-05,3.21159179998e-05,2.20502409092e-05,1.71857455351e-05,2.51332534154e-05,1.76677100823e-05,1.36668134235e-05,7.3134893323e-06,9.0509003362e-06,1.5021049594e-05,1.16884062468e-05,8.7181973128e-06,8.2878786119e-06,7.9273941635e-06,4.2807502376e-06,3.2305772887e-06,4.596290861e-06,1.1227481552e-06,0,0,0,0,0,0,0,0,0,0,0,0,0,0
9.1451890209e-05,0.0004352432552537,0.0012522134744538,0.0012020165480502,0.0011527002694782,0.0004416122336652,0.0004457028833974,0.0004546841093322,0.0004278059197958,0.0004536404931417,0.0004456211234218,0.0005332955220393,0.000537709306976,0.0005887954745922,0.0005923630296934,0.0006070484532978,0.0006443435168348,0.0006303805911508,0.0004125200927929,0.000417408183689,0.0004073366222713,0.0003981690261246,0.0003916481923903,0.0004060880780658,0.0003837969277584,0.0003478279556367,2.08257790281e-05,1.82063196734e-05,1.43610503789e-05,2.42399180001e-05,3.03041734446e-05,2.95348683475e-05,2.71111197263e-05,2.79613788848e-05,2.56320704774e-05,3.47370020776e-05,2.80558420927e-05,2.26609544729e-05,3.39766219353e-05,3.2619089791e-05,2.80836395471e-05,3.33790271725e-05,2.94561605904e-05,2.33592874887e-05,2.73052405906e-05,3.29614089678e-05,3.65575904012e-05,3.34113606149e-05,3.47767981432e-05,3.79681436516e-05,3.7749607297e-05,3.07160110479e-05,2.83111259185e-05,2.21146816013e-05,3.41450408958e-05,2.52745435097e-05,2.77703045693e-05,1.78983782428e-05,2.30923153757e-05,2.06591975445e-05,1.24200919837e-05,1.55033352372e-05,1.16283088042e-05,1.05555614637e-05,1.13454959598e-05,3.1040926235e-06,8.9976095038e-06,5.2038672247e-06,4.2836190172e-06,3.5218941892e-06,1.229917583e-06,0,0,0,0,0,0,0,0,0,0,0,0,0,0
6.39825285042e-05,0.0006514132318713,0.0011674678701069,0.0013093668999896,0.0011201918907122,0.0004077767354893,0.0003939128889361,0.0004190366418409,0.0003623884914652,0.0003971456705098,0.0003753967062602,0.0004971550812793,0.0005878494494228,0.0006710618503574,0.0006018159268204,0.0006026847556879,0.0006242324139527,0.0006433737957816,0.0002918283073154,0.0002921303332093,0.0003011221375622,0.0002852357905692,0.0002905064274435,0.0002911764513518,0.0002917843994536,0.0002496414557677,1.91640533653e-05,2.40799033063e-05,1.58630615232e-05,1.1561599527e-05,2.53081592682e-05,2.23039033861e-05,2.22214884963e-05,2.50639547898e-05,3.20867496173e-05,2.39623781946e-05,2.06518642835e-05,3.50926472849e-05,1.87866754677e-05,2.79364261708e-05,2.38401995854e-05,2.71244020378e-05,2.93656370354e-05,2.57004923217e-05,2.33018706643e-05,2.46127666029e-05,3.09037586791e-05,3.14541748847e-05,2.9661928619e-05,3.39542325857e-05,3.86335575229e-05,2.6912845107e-05,3.42080093717e-05,3.4298189208e-05,2.51213119768e-05,2.19257952961e-05,2.3608849362e-05,2.24925045597e-05,1.91642861066e-05,1.9332162874e-05,7.2265060985e-06,1.1995956062e-05,9.1022324932e-06,1.1906481927e-05,5.8832692778e-06,4.1717943403e-06,1.5870834113e-06,5.1522996022e-06,5.7234545547e-06,4.4658122319e-06,7.494329901e-07,0,0,0,0,0,0,0,0,0,0,0,0,0,0
3.08392913131e-05,0.0005003675015548,0.0005613607665963,0.0006148155382056,0.0004719268217883,0.0002981637592666,0.000322580563045,0.0003281157317135,0.0002965433481832,0.0003142565814987,0.0002995770037969,0.0002916529663076,0.0002662308327576,0.0003056814558113,0.0001526393928275,0.0001612350350006,0.000162430204061,0.0001556556909104,0.0001823357817344,0.0001818713728331,0.0001852515377341,0.000177375452751,0.0001763351961557,0.000181887270355,0.0001753448481975,0.0001560497076884,1.0206870178e-05,1.11577632339e-05,6.748140277e-06,8.8902283055e-06,1.60450836737e-05,9.1105020523e-06,1.71060361003e-05,1.8054729958e-05,1.20332583227e-05,1.03158101411e-05,1.00682403313e-05,1.00070282863e-05,2.20475743946e-05,1.75148770115e-05,1.46250531689e-05,9.0859323717e-06,7.6873537796e-06,1.3229621907e-05,1.76702815835e-05,1.09499703617e-05,1.28931802835e-05,1.84936927377e-05,1.85649382089e-05,8.5986852332e-06,1.57744884623e-05,1.22891934643e-05,1.60992736786e-05,1.26983454116e-05,1.49578800668e-05,1.57415815308e-05,1.05471960888e-05,1.3640561658e-05,1.52537813543e-05,1.19460039579e-05,4.9272707609e-06,6.0297498707e-06,1.04267176011e-05,3.9253432786e-06,5.0269653281e-06,4.5718613689e-06,9.112526013e-07,5.334731088e-07,1.8521484638e-06,8.3472319125e-06,5.600281533e-07,0,0,0,0,0,0,0,0,0,0,0,0,0,0
0.0001021804750923,0.000193111723569,0.0006745786227197,0.0006199261300786,0.0004406884526689,0.0003282476482694,0.0003268674951466,0.0003132130669187,0.0003531725141754,0.0003659562435539,0.0003508336314267,0.0003425241699778,0.0003416395418666,0.0003929294280846,0.0001510538734287,0.0001724758373403,0.0001771579919964,0.0001751858784614,0.0001969276885367,0.0002006095089572,0.0001983761657709,0.0001922882754564,0.0001926446764219,0.0001945900901608,0.0001981560451188,0.0001675555114374,9.8047364933e-06,7.7312410802e-06,1.08583291546e-05,6.2737732374e-06,1.19873404423e-05,1.52394681546e-05,1.38989024264e-05,1.53935537667e-05,1.0650588287e-05,1.80961203783e-05,1.33392805481e-05,1.7046674602e-05,1.05718285571e-05,1.78821286801e-05,1.78136100236e-05,1.63425912085e-05,1.43214895572e-05,1.41703395186e-05,1.62386603335e-05,1.51287852925e-05,2.1683648809e-05,1.79075625842e-05,1.76238265211e-05,1.54590280502e-05,1.73381093041e-05,1.48258291229e-05,1.24598983883e-05,1.62171466708e-05,1.39383340775e-05,1.03348418539e-05,1.77669044526e-05,1.61154600621e-05,9.4073948129e-06,9.9527736994e-06,4.4277132845e-06,7.4189595291e-06,1.09137553284e-05,1.24511550921e-05,2.0927737661e-06,9.971909126e-07,4.340399081e-07,3.6712375674e-06,1.1082539901e-06,1.0524783741e-06,5.40263546e-08,0,0,0,0,0,0,0,0,0,0,0,0,0,0
5.36494581405e-05,0.0002062729166435,0.0004033884257769,0.0003381765844165,0.0005580468637267,0.0002329822661408,0.0002402330566476,0.0002548459349244,0.0001843677785669,0.000222627392244,0.0001863939608591,0.000254748271188,0.0002572540043071,0.0002829779158416,0.0002247619654302,0.0002222317024093,0.000217704743182,0.0002362903826683,9.17656742038e-05,9.09821911261e-05,9.17237168206e-05,8.8628758364e-05,9.07316981218e-05,9.3683019878e-05,9.19358861574e-05,8.4044729381e-05,6.3670251591e-06,3.9119645748e-06,5.8130713381e-06,6.774605217e-06,8.3685928639e-06,1.06961337215e-05,5.6131709484e-06,8.1907744175e-06,6.0232825353e-06,7.9074549014e-06,1.0880686357e-05,8.0552266519e-06,7.8267748824e-06,1.29519055467e-05,6.9660742931e-06,6.4706844761e-06,1.12888000698e-05,8.0291106595e-06,1.38375892831e-05,6.7585844751e-06,1.52087331442e-05,9.8166621767e-06,1.23802539317e-05,1.323382875e-05,9.792721506e-06,9.7033656376e-06,8.5807981119e-06,4.6075550051e-06,3.7898037552e-06,6.0371151403e-06,8.492069938e-06,7.0301558658e-06,6.1416418335e-06,4.8671414167e-06,3.4225730164e-06,3.107139566e-06,5.8151319924e-06,7.10566348e-06,6.7037771055e-06,5.760338304e-07,3.6225001782e-06,8.1365063e-08,2.0120107569e-06,1.2077676087e-06,2.66545648e-08,0,0,0,0,0,0,0,0,0,0,0,0,0,0
4.02856250818e-05,0.0002709208286753,0.0004209847821051,0.0004652989696951,0.0004280347664944,0.0001352277098421,0.000178718740627,0.00015782063452,0.0001226294909719,0.0001260959438202,0.0001196652108269,0.0001447341436688,0.0001137246284144,0.0001430840017381,0.000116110007102,0.0001118048502049,0.0001213992491277,0.0001188314011828,0.00016141282362,0.0001655853247828,0.0001643901420561,0.000158327983789,0.00016406042771,0.0001600029743222,0.0001565491266174,0.0001362963724813,6.4950167907e-06,5.8431717756e-06,7.964705126e-06,3.0509374829e-06,9.6646132415e-06,8.3359922075e-06,1.76896354879e-05,1.18166874797e-05,1.72156001643e-05,1.0911309622e-05,8.1139804704e-06,1.19558532262e-05,8.0638922737e-06,1.4024247511e-05,1.06328650767e-05,9.3202299238e-06,9.8959242061e-06,1.42442025486e-05,1.25241449654e-05,1.13182950616e-05,1.42968058944e-05,1.91421086141e-05,1.08160056682e-05,9.2136081282e-06,1.68444019316e-05,1.56894679334e-05,8.9417053826e-06,1.4632370604e-05,9.5896792406e-06,6.8532134831e-06,9.3752437385e-06,1.09807936777e-05,5.2550581254e-06,5.274838214e-06,1.6671050762e-06,6.3235518784e-06,4.7782909669e-06,6.3685715951e-06,8.1082935755e-06,2.1775293753e-06,1.1906606453e-06,2.1907008018e-06,3.196790639e-07,2.3239547278e-06,4.3532702e-08,0,0,0,0,0,0,0,0,0,0,0,0,0,0
8.99391551158e-05,0.0002624968364425,0.0006197435269953,0.000421459064089,0.0008527486869929,0.0003732267344596,0.0003609243710869,0.000346230375056,0.000370943569838,0.0003628308055663,0.0003061395433197,0.0002270485385402,0.0002522231595215,0.0002615571462822,0.000273471094889,0.0002766439589888,0.0002714133280043,0.0002752829780948,0.0001004603557158,0.0001015937743031,0.0001020835879246,9.79200315838e-05,0.0001028669043806,0.000100018377306,0.0001038832447735,9.39528121663e-05,9.7866310726e-06,1.16261378204e-05,1.24465178353e-05,7.9598319707e-06,1.0239648756e-05,1.20975242228e-05,1.59930812546e-05,1.93723617699e-05,1.05863176741e-05,1.09436398316e-05,8.2739533973e-06,1.61379055875e-05,1.72068182149e-05,1.83700489961e-05,1.64992800613e-05,1.55351113929e-05,8.7829199759e-06,1.31589297515e-05,1.44388071297e-05,1.08867061736e-05,1.18530770985e-05,1.43170471574e-05,1.03322668855e-05,1.51876934684e-05,1.99473329688e-05,1.61383777866e-05,1.85108903347e-05,1.25261387439e-05,1.41805211114e-05,8.3813330265e-06,1.44798502151e-05,1.3663287628e-05,8.7490849121e-06,1.4497225193e-05,5.0723001954e-06,3.9946950952e-06,7.0592765685e-06,5.4371052305e-06,6.5694940222e-06,1.01903932382e-05,1.1741460285e-06,1.365514713e-06,2.4131699042e-06,1.1608717741e-06,4.52038953e-08,0,0,0,0,0,0,0,0,0,0,0,0,0,0
2.49987500625e-05,2.49987500625e-05,4.9997500125e-05,2.49987500625e-05,2.49987500625e-05,4.2307131598e-05,4.09818933195e-05,4.12703617311e-05,3.50810255722e-05,4.44922382895e-05,4.27716709403e-05,5.56456119608e-05,7.50739285393e-05,7.27378946016e-05,0.0001369387456699,0.0001326868935479,0.0001447287673604,0.0001271223122188,1.60046288769e-05,1.66466932448e-05,1.63961315403e-05,1.60829294096e-05,1.63235581323e-05,1.75003532874e-05,1.52372836568e-05,1.55841720578e-05,2.4448707141e-06,1.3836472965e-06,2.3236291693e-06,2.0453789158e-06,1.2898558604e-06,1.6908415882e-06,1.0907315377e-06,1.2936118002e-06,9.341304724e-07,1.9898691456e-06,2.2024157871e-06,2.4909912682e-06,1.3211760735e-06,1.5038880351e-06,1.7386473061e-06,1.4641997282e-06,3.096674638e-06,1.8485346547e-06,1.9839996939e-06,2.0155865098e-06,4.2347888523e-06,4.7726250994e-06,1.0907315377e-06,2.0048691171e-06,3.0080413866e-06,2.0129455406e-06,3.4885796584e-06,1.3430952239e-06,3.6174269312e-06,1.7123019632e-06,2.9362995816e-06,9.752003528e-07,3.0003968564e-06,1.2988532733e-06,1.096207457e-07,1.096207457e-07,1.7921532725e-06,1.9733655896e-06,1.1457882807e-06,7.105561945e-07,6.26404261e-08,3.13202131e-08,4.69803196e-08,4.69803196e-08,6.479157684e-07,0,0,0,0,0,0,0,0,0,0,0,0,0,0
0,0,0,0,0,0,0,0,0,0,0,0,0,0,0,0,0,0,0,0,0,0,0,0,0,0,0,0,0,0,0,0,0,0,0,0,0,0,0,0,0,0,0,0,0,0,0,0,0,0,0,0,0,0,0,0,0,0,0,0,0,0,0,0,0,0,0,0,0,0,0,0,0,0,0,0,0,0,0,0,0,0,0,0,0
0,0,0,0,0,0,0,0,0,0,0,0,0,0,0,0,0,0,0,0,0,0,0,0,0,0,0,0,0,0,0,0,0,0,0,0,0,0,0,0,0,0,0,0,0,0,0,0,0,0,0,0,0,0,0,0,0,0,0,0,0,0,0,0,0,0,0,0,0,0,0,0,0,0,0,0,0,0,0,0,0,0,0,0,0
0,0,0,0,0,0,0,0,0,0,0,0,0,0,0,0,0,0,0,0,0,0,0,0,0,0,0,0,0,0,0,0,0,0,0,0,0,0,0,0,0,0,0,0,0,0,0,0,0,0,0,0,0,0,0,0,0,0,0,0,0,0,0,0,0,0,0,0,0,0,0,0,0,0,0,0,0,0,0,0,0,0,0,0,0
0,0,0,0,0,0,0,0,0,0,0,0,0,0,0,0,0,0,0,0,0,0,0,0,0,0,0,0,0,0,0,0,0,0,0,0,0,0,0,0,0,0,0,0,0,0,0,0,0,0,0,0,0,0,0,0,0,0,0,0,0,0,0,0,0,0,0,0,0,0,0,0,0,0,0,0,0,0,0,0,0,0,0,0,0
0,0,0,0,0,0,0,0,0,0,0,0,0,0,0,0,0,0,0,0,0,0,0,0,0,0,0,0,0,0,0,0,0,0,0,0,0,0,0,0,0,0,0,0,0,0,0,0,0,0,0,0,0,0,0,0,0,0,0,0,0,0,0,0,0,0,0,0,0,0,0,0,0,0,0,0,0,0,0,0,0,0,0,0,0
0,0,0,0,0,0,0,0,0,0,0,0,0,0,0,0,0,0,0,0,0,0,0,0,0,0,0,0,0,0,0,0,0,0,0,0,0,0,0,0,0,0,0,0,0,0,0,0,0,0,0,0,0,0,0,0,0,0,0,0,0,0,0,0,0,0,0,0,0,0,0,0,0,0,0,0,0,0,0,0,0,0,0,0,0
0,0,0,0,0,0,0,0,0,0,0,0,0,0,0,0,0,0,0,0,0,0,0,0,0,0,0,0,0,0,0,0,0,0,0,0,0,0,0,0,0,0,0,0,0,0,0,0,0,0,0,0,0,0,0,0,0,0,0,0,0,0,0,0,0,0,0,0,0,0,0,0,0,0,0,0,0,0,0,0,0,0,0,0,0
0,0,0,0,0,0,0,0,0,0,0,0,0,0,0,0,0,0,0,0,0,0,0,0,0,0,0,0,0,0,0,0,0,0,0,0,0,0,0,0,0,0,0,0,0,0,0,0,0,0,0,0,0,0,0,0,0,0,0,0,0,0,0,0,0,0,0,0,0,0,0,0,0,0,0,0,0,0,0,0,0,0,0,0,0
0,0,0,0,0,0,0,0,0,0,0,0,0,0,0,0,0,0,0,0,0,0,0,0,0,0,0,0,0,0,0,0,0,0,0,0,0,0,0,0,0,0,0,0,0,0,0,0,0,0,0,0,0,0,0,0,0,0,0,0,0,0,0,0,0,0,0,0,0,0,0,0,0,0,0,0,0,0,0,0,0,0,0,0,0
0,0,0,0,0,0,0,0,0,0,0,0,0,0,0,0,0,0,0,0,0,0,0,0,0,0,0,0,0,0,0,0,0,0,0,0,0,0,0,0,0,0,0,0,0,0,0,0,0,0,0,0,0,0,0,0,0,0,0,0,0,0,0,0,0,0,0,0,0,0,0,0,0,0,0,0,0,0,0,0,0,0,0,0,0
0,0,0,0,0,0,0,0,0,0,0,0,0,0,0,0,0,0,0,0,0,0,0,0,0,0,0,0,0,0,0,0,0,0,0,0,0,0,0,0,0,0,0,0,0,0,0,0,0,0,0,0,0,0,0,0,0,0,0,0,0,0,0,0,0,0,0,0,0,0,0,0,0,0,0,0,0,0,0,0,0,0,0,0,0
0,0,0,0,0,0,0,0,0,0,0,0,0,0,0,0,0,0,0,0,0,0,0,0,0,0,0,0,0,0,0,0,0,0,0,0,0,0,0,0,0,0,0,0,0,0,0,0,0,0,0,0,0,0,0,0,0,0,0,0,0,0,0,0,0,0,0,0,0,0,0,0,0,0,0,0,0,0,0,0,0,0,0,0,0
0,0,0,0,0,0,0,0,0,0,0,0,0,0,0,0,0,0,0,0,0,0,0,0,0,0,0,0,0,0,0,0,0,0,0,0,0,0,0,0,0,0,0,0,0,0,0,0,0,0,0,0,0,0,0,0,0,0,0,0,0,0,0,0,0,0,0,0,0,0,0,0,0,0,0,0,0,0,0,0,0,0,0,0,0
0,0,0,0,0,0,0,0,0,0,0,0,0,0,0,0,0,0,0,0,0,0,0,0,0,0,0,0,0,0,0,0,0,0,0,0,0,0,0,0,0,0,0,0,0,0,0,0,0,0,0,0,0,0,0,0,0,0,0,0,0,0,0,0,0,0,0,0,0,0,0,0,0,0,0,0,0,0,0,0,0,0,0,0,0
