0.0020484467868963,0.0081937612033636,0.014539881302072,0.015311356086831,0.0156656140577002,0,0,0,0,0,0,0,0,0,0,0,0,0,0,0,0,0,4.2859854399e-05,5.81669452557e-05,8.87811269693e-05,3.06141817135e-05,0.000287161024473,0.000196849188418,0.0005464631435866,0.0002519547155024,0.0002886917335587,0.0002948145699014,0.0002228971870963,0.0002633079069582,0.0002458318791597,0.0002724921614723,0.0004991642328392,0.0002603736154736,0.0003727536065841,0.0002881053941462,0.0003015496898783,0.0002886917335587,0.0003490016715343,0.000259481134244,0.0004729891074741,0.0004285985439895,0.0004004334968131,0.0004333437421551,0.0002504240064167,0.0010188659116483,0.0002694047990791,0.0002886917335587,0.0004746728874684,0.0003147137880152,0.0004898269074166,0.0003092032353067,0.0002219528174231,0.0004984248225182,0.0001377638177109,0.0003826772714192,0.0002138400592691,9.4903963312e-05,0.0001065373523631,0.0001148291256476,0.000144805079505,3.0614181714e-06,5.81669452557e-05,1.83685090281e-05,9.1842545141e-06,2.44913453708e-05,3.0614181714e-06,0,0,0,0,0,0,0,0,0,0,0,0,0,0
0.0080996587046822,0.0386810917654523,0.0721466751750704,0.080138817057985,0.076522960918329,0,0,0,0,0,0,0,0,0,0,0,0,0,0,0,0,0,0.0004637741684597,0.0004811751568359,0.0005236940936506,0.000619626499133,0.0016944023290088,0.0010829467287655,0.0013362445943451,0.0009569030477453,0.0014592620165173,0.0011100317454553,0.001031913233158,0.001607053727225,0.0015980159846992,0.0015752780093208,0.0011887144755039,0.0018667477704038,0.0021728128188632,0.0014708720790639,0.0023002593503833,0.0017275398633947,0.0017488749882732,0.0015410812843381,0.0019189507355322,0.0019647985570798,0.0017968411910144,0.0020784345768231,0.0021848075753311,0.0020195328082107,0.0019374109145052,0.0025357022887596,0.0016865340560039,0.002246997194658,0.0021699789069758,0.0009411665017356,0.0017475131717916,0.0011588647918326,0.0013277710695707,0.0019540553381693,0.0012297202828947,0.0004342681446915,0.0004085449444833,0.0009865193504376,0.0006031333884112,0.0001066756243929,0.0002088118605137,0.0001422341658571,0.0001339119540251,0.0002345350607219,1.51312942401e-05,0,0,0,0,0,0,0,0,0,0,0,0,0,0
0.0139561634395801,0.0700548311868232,0.123841054853001,0.134211934233854,0.132793109850837,0,0,0,0,0,0,0,0,0,0,0,0,0,0,0,0,0,0.0013030842648424,0.0006538194811759,0.0010381771806716,0.0007037742280522,0.0028364011424944,0.0016523267157986,0.0031941652855648,0.0017190309954512,0.0024230990749556,0.0018612550983227,0.0020736549124094,0.0026528361247229,0.0024078187994405,0.0025546897396835,0.0027754269661601,0.0028862089636447,0.0029622617039041,0.0028959982014299,0.0025475451649682,0.0031145315420149,0.002919561103471,0.0025790794102172,0.0041234705031912,0.0031866720735334,0.0030901418714811,0.0031054221469963,0.0032269297224867,0.0034935451295068,0.0036195152626444,0.0034655371016844,0.0031938714341126,0.0036718208211385,0.0038911809302162,0.0018306945472925,0.0034598069983662,0.0030274967262956,0.0032307497913655,0.0024388201276491,0.0013709639503038,0.0012795761486653,0.0010131998072334,0.0016195074930128,0.0019044512617981,0.0001633814074309,0.000570218743021,0.0003584987717009,0.0001741069854367,0.0003217673401742,0.0001204790954077,0,0,0,0,0,0,0,0,0,0,0,0,0,0
0.0144938931643787,0.0767416106560069,0.132360179892295,0.141125236018873,0.137646926522335,0,0,0,0,0,0,0,0,0,0,0,0,0,0,0,0,0,0.0009722693142531,0.0007455030732984,0.0009529978062359,0.0012649643984247,0.0031499497202009,0.0017270458951688,0.0026065801332487,0.0017164683005428,0.0027272806308304,0.0023928547623809,0.0020981728488495,0.0023152308865174,0.0030440288753843,0.0024862111832117,0.0026438190622745,0.0033042666828953,0.0032078059946841,0.0026253137974714,0.0033139748861822,0.0028604424042728,0.0033820772077469,0.0035180338041947,0.0036807131327358,0.0035078491548067,0.0030963372542883,0.0041091781643671,0.0036518783199882,0.0036091749962461,0.0039413856359163,0.0035239328945805,0.0038392321535693,0.0040116614358288,0.0035358145762152,0.0016989355752038,0.0028773955353857,0.0033185084918659,0.0026209250903442,0.0024993552014235,0.0014998449585445,0.0009172078627753,0.0015799738603004,0.0017893940249042,0.0013611770399543,0.0003984710304316,0.0006191515320124,0.0004173078427793,0.0001948885585202,0.0002492255172154,0.0001043269606948,0,0,0,0,0,0,0,0,0,0,0,0,0,0
0.0154856999267389,0.076522960918329,0.13675832486622,0.143740296416412,0.144400485042613,0,0,0,0,0,0,0,0,0,0,0,0,0,0,0,0,0,0.0011675306635678,0.0006604809935813,0.0007287231306043,0.0007906101240464,0.0032777409582951,0.0019265163826523,0.0031700061433055,0.0015772861115903,0.0029530233839021,0.0029984172666225,0.0023548935810947,0.0036312182502489,0.0028775182256439,0.0025233048859872,0.0029032414258521,0.0031917952070112,0.0039943693120119,0.0030324729371673,0.0027293828550331,0.0031863479410848,0.003487763322348,0.0031836345666261,0.0041400734170397,0.0038398685393156,0.0044740210809191,0.0040034378300514,0.0035133352096138,0.0029512178870979,0.0029808649653039,0.0041019425555545,0.0028294007099603,0.0048143238883795,0.0043264909620779,0.0025019595026041,0.0027319551750539,0.0029763358355365,0.0030668107165878,0.0024055731582945,0.0016453769356708,0.0014088748066977,0.0010325595189459,0.0012727034170412,0.001390868566552,0.0005043260370233,0.000578923317627,0.0003328884732827,0.0004365378388275,0.0002663107786261,0.0001392079070091,0,0,0,0,0,0,0,0,0,0,0,0,0,0
0,0,0,0,0,0.135273260412879,0.130445876170081,0.137394335436501,0.132690428675106,0.103908984425356,0.102536631869102,0.0979490999977153,0.0232151668721823,0.0178451181492687,0.014949044677728,0.0109660646187373,0.0117481522949313,0.0120907792348513,0,0,0,0,0.0004258395923782,0.000529303459346,0.0007069022251364,0.0004436398143768,0.0013324484328666,0.0009596699960022,0.0016260042303439,0.0013091014334862,0.0015541641765749,0.0014805453202474,0.0014684962247525,0.0015462031638226,0.0016350017121736,0.0015643584616839,0.0017930344110659,0.0018316907678164,0.0019451603233067,0.0018902789987123,0.0023422860736177,0.0020170990162802,0.0017149842995576,0.0018420825116369,0.0019856920323995,0.0021486225975445,0.0021021856941551,0.0019859310467526,0.0020452999863409,0.0020385125511219,0.0018329237305755,0.0020440656570764,0.0020409015008246,0.0021369795743722,0.0022238221301361,0.0014621858145053,0.0013106226966635,0.0015187833821391,0.0018527179412517,0.0014933312774823,0.0012646967841694,0.001288509470235,0.0009304906290335,0.00105807621496,0.00097930228514,0.0002098454283193,0.0005192753926693,0.00027666468176,8.5957087162e-05,0.0001316120273436,6.17549062428e-05,0,0,0,0,0,0,0,0,0,0,0,0,0,0
0,0,0,0,0,0.13061347258486,0.134744867559259,0.136445195356806,0.132562776981037,0.100590024935292,0.0999882030414987,0.0967461902381715,0.0260860721183408,0.0205687279098137,0.0150783668239214,0.0128791001983772,0.0120338944732454,0.0125752898619672,0,0,0,0,0.0004271857727077,0.0004867712684305,0.0006919299385432,0.0004405321954867,0.0013415791159485,0.0010123097464696,0.0016764861395073,0.0013641894248401,0.0015209866363971,0.0014542917531236,0.0015414856531318,0.0015455630305466,0.0015107557927784,0.0015424492778707,0.0017693622871287,0.0018373948340678,0.0018066400935278,0.001906944783013,0.0023237985705775,0.0019598175744642,0.0016220658860162,0.0019124474008023,0.002119896560408,0.0021868510346618,0.0021176190794638,0.0021188267442883,0.0020196336313094,0.0019731386529197,0.0018291457889626,0.0020789487641227,0.0020174376944678,0.0021834326320072,0.002069377351374,0.0014143086310296,0.0013973393727673,0.0015942918796907,0.0018231891342511,0.0016205916259185,0.0012279413014479,0.0013030803415324,0.0009011740197203,0.0010989131164603,0.0009393556893462,0.0002380731748237,0.0005325226205899,0.0002677116225587,0.0001154899674808,0.0001271574346465,7.73828757808e-05,0,0,0,0,0,0,0,0,0,0,0,0,0,0
0,0,0,0,0,0.131623829645785,0.130546826944537,0.139773094360181,0.132779644081963,0.102615368304305,0.0997686718432816,0.0974886686509849,0.0251599843454222,0.0190888787733546,0.0163041974194515,0.0117375570721733,0.0122752326188645,0.0117457159002528,0,0,0,0,0.0004064496092449,0.000543077806035,0.000738621319404,0.0004491111516747,0.0012931088250425,0.0008963307227972,0.001674967797545,0.0013474956798556,0.0015531337179588,0.001453726118472,0.0012971327665547,0.0016117345046662,0.0016478752812715,0.0016545030687623,0.0018038515655828,0.0018565294316139,0.0018332851449615,0.0019620005738837,0.0022512819412875,0.0019044732218951,0.0016258335978127,0.001798512898313,0.0021030290617918,0.0021891088477978,0.0021421368217086,0.0020895113609546,0.0021395977582955,0.0019914212970639,0.0018153607047016,0.0021672918137998,0.0020285218468964,0.0021692730023337,0.002003706984838,0.0014646772660232,0.0014603575862264,0.0016138823067995,0.0017477961691143,0.0015086166192453,0.0013693088652546,0.0013134602143367,0.0008912489459017,0.0010451391001633,0.0010310949796504,0.0002240466876306,0.0005132523196363,0.0001872939668882,9.11711330735e-05,0.0001274832989524,6.150433573e-05,0,0,0,0,0,0,0,0,0,0,0,0,0,0
0,0,0,0,0,0.129694908964213,0.12940388137572,0.135471873487471,0.13562596993274,0.102448579165985,0.102535511473277,0.098090206343666,0.0252217994279941,0.0192667050230194,0.016238932154347,0.0123022113429513,0.0130440722504008,0.011693345710983,0,0,0,0,0.0004339211125896,0.0005706001762891,0.000735624735553,0.0004059691689308,0.0012434277596399,0.0009507871426209,0.0017511878045409,0.001336115678073,0.0015201972811488,0.0014666753282089,0.0014393376239547,0.0016773002047322,0.0015726773012422,0.0015363026682734,0.0017108805277112,0.0018366696979161,0.0019277820675099,0.0017991605340792,0.0021321398464029,0.0020040720062001,0.0016684880207141,0.0018682315113596,0.0021123555426268,0.0022479465122833,0.0021974836923766,0.0019952149211685,0.0019790675469897,0.0019220926015826,0.0017860519432485,0.0021928841021422,0.0019373225698824,0.0021207756784109,0.0021663456540952,0.0014725531957889,0.0014279767722082,0.0015505556002677,0.0020402976926351,0.0015379009206319,0.0012193563955209,0.0012040069519169,0.00085030454714,0.0010613476261344,0.0010319435298867,0.0002258263074273,0.0005212550940883,0.0002613458028031,9.06710370907e-05,0.0001256131197289,9.59597914676e-05,0,0,0,0,0,0,0,0,0,0,0,0,0,0
0,0,0,0,0,0.0994226337575132,0.0961234737973839,0.102489382585086,0.100289339621459,0.141496300121985,0.137392465586218,0.127548306964825,0.0408441726245579,0.0245789659523363,0.0199285580086068,0.0134409646444272,0.0140707080077513,0.0132645102427481,0,0,0,0,0.0004212015533926,0.0005946093581861,0.0004622556464512,0.0005025732692207,0.0014309739708911,0.0010242405708668,0.0015544978484859,0.0015769759038748,0.0014715778121662,0.0013690198872411,0.0012769159317272,0.0018214495551629,0.0014720733072411,0.0015607572111605,0.001777464174848,0.0021239481593434,0.0018612345997146,0.0016170873646031,0.0020627054757958,0.0017210787469862,0.0017965788563196,0.0021429813369918,0.0020593508650079,0.0025158362062128,0.0021480168633725,0.0021776210267396,0.0020944152052243,0.0019177154881347,0.0019404455016543,0.0019899059071586,0.0021293399099324,0.0021068461937459,0.0021631917016834,0.0013467625160189,0.0015062357107024,0.0014909939502543,0.0018001010228943,0.0014958381681561,0.0012468850405822,0.0011717558987159,0.0008955901140173,0.0010146036348954,0.0009033703266218,0.0002348923189028,0.0004868987665467,0.0002630845608769,0.0001128613016088,0.0001425452168338,0.0001129141279369,0,0,0,0,0,0,0,0,0,0,0,0,0,0
0,0,0,0,0,0.0963741287678228,0.0938582730057887,0.0978835954305644,0.0985989722388257,0.134962206898462,0.14725686579283,0.134718897747721,0.0425510996605673,0.0292402695559027,0.0190756670796887,0.0116456753299265,0.0126242994069478,0.0122730129001613,0,0,0,0,0.0004170019727467,0.000620493500741,0.000461812890717,0.0005070277062114,0.0012902657363314,0.0009633649660752,0.0015786617733086,0.0015804701282618,0.00135988107615,0.0014297527510985,0.0013277243521926,0.0017158119765548,0.0014295415983288,0.0014827706094425,0.0018296166169357,0.0020815420260635,0.001903069330729,0.0016690553428617,0.0020712532039446,0.0019219080987013,0.0018706427880193,0.0020123730680802,0.0020959166669155,0.0024804093391357,0.0022224315398546,0.0020360148450587,0.0019900159506195,0.0018339838027489,0.0020960547818919,0.001999976197848,0.0021558510745231,0.0020468066531639,0.0019941892231191,0.001398228450863,0.0014257078939472,0.0015165935196197,0.001790846457194,0.0016215035112688,0.0011959237267674,0.0012544154129058,0.0009540598576127,0.0009944266527703,0.0009135511651737,0.0001990914012526,0.000491005736236,0.000371095795536,0.000134477818806,0.0001261102688807,7.43069275828e-05,0,0,0,0,0,0,0,0,0,0,0,0,0,0
0,0,0,0,0,0.0883677390679754,0.087170501333641,0.0918082561615777,0.0905389826641131,0.120264050962203,0.129312466967956,0.152159986616231,0.0605826962533196,0.048442327214091,0.0232788863018543,0.0126219099981625,0.0133276796501315,0.0132158932825449,0,0,0,0,0.0004855271637768,0.0006176017857772,0.0004031063841941,0.0004975939114592,0.001292752644882,0.0008944952454701,0.0015978132567459,0.0016106799050674,0.0013866719476931,0.0012653545394592,0.0012651058566778,0.0016899160613838,0.0014905482902364,0.0015286245472643,0.0019837136345357,0.0019605289209983,0.0017244893420408,0.0018654495794389,0.0021228951414563,0.0019603903986295,0.0020015749308224,0.0017341879902512,0.0021005321717674,0.0022473121675868,0.0021866284837425,0.0021096318298761,0.0021381282025019,0.001917830731918,0.0023329519708501,0.0019643235800097,0.0021871646947802,0.0020115055874608,0.0020229762991031,0.0014153170838969,0.0014209368872364,0.0017163906881484,0.0015089795119125,0.0016271428324884,0.0012307001977593,0.001240088571439,0.0010513376662533,0.0009318368783161,0.0007770244665927,0.0001872461961014,0.0005132551059774,0.0003441233737873,0.0001099525432936,0.0001552538179219,8.10305072175e-05,0,0,0,0,0,0,0,0,0,0,0,0,0,0
0,0,0,0,0,0.0212726083273221,0.0238726154796495,0.0240654288830111,0.0236451280547764,0.0391153187568518,0.0414837783286934,0.0615324543760446,0.211287489786452,0.212093673696379,0.164509130067416,0.0355289821525976,0.0368809161305873,0.0353473703535022,0,0,0,0,0.0005033422306389,0.0006978927105376,0.0002877937274908,0.0006688206068955,0.0014908284542905,0.0010516987717487,0.0013792686353916,0.0014888232026429,0.0012795680538411,0.0022406529492995,0.0014828629539354,0.0014550217337526,0.0013716445899617,0.0014482828686075,0.0018639044212534,0.001734096285294,0.0019989685413768,0.0018874446115092,0.0017993763343406,0.0015396030024542,0.0021547969529888,0.0016984776890541,0.0024158940001434,0.0023624212735498,0.0018424352892418,0.0016866735470037,0.0019273592744133,0.0020520492771273,0.0020670748542106,0.0021030264649921,0.0021631383733245,0.0022051261784394,0.0021665003135509,0.0016677965468172,0.00139912020767,0.0019610427486824,0.0016761170049529,0.0021480756347059,0.0013395592802433,0.0008737369517473,0.0009867040290341,0.0005766063827447,0.000773782693906,0.0002607694644951,0.0002960876071629,0.0003450300640391,0.0001535967231032,0.0002378504665723,0.0001543616275374,0,0,0,0,0,0,0,0,0,0,0,0,0,0
0,0,0,0,0,0.0153898510634416,0.0177159644667706,0.0171842156570904,0.0169996157930883,0.0221537083380796,0.0268296460790513,0.0463070051550412,0.19961527422955,0.243051178246265,0.192538708104661,0.0430493081593172,0.0454459391853539,0.0445614991374529,0,0,0,0,0.0004582139716725,0.0006389908051784,0.0002590929887723,0.0007616721508419,0.0016258428167976,0.0010668061112285,0.001215301703076,0.0014562543742787,0.0012678907718289,0.0020089046491836,0.0014862812275622,0.0012337556500988,0.0012729969192905,0.0011989101981223,0.0020265746821446,0.0016792872656593,0.002269622006282,0.0019710324819807,0.0018729721634856,0.0016713470324935,0.00230372281327,0.0018523652970154,0.0023092882333788,0.0023233463837756,0.0020407623557127,0.0017976438978868,0.0021559916393209,0.0019442464471831,0.0020494751967572,0.0021157010192478,0.0022376522252475,0.0021242287039471,0.0019515931457895,0.0016804698503781,0.0014787538599163,0.0017902148107847,0.0018287167211563,0.0020244370828142,0.0011916896515897,0.0008032156043463,0.0009568678508314,0.0006351433645834,0.0007679283623045,0.0002222633354067,0.0002794739926289,0.0003556604153338,0.0001893523134812,0.0001915012094586,0.0001146306313116,0,0,0,0,0,0,0,0,0,0,0,0,0,0
0,0,0,0,0,0.0127302372815618,0.0128238887393395,0.0144929498459921,0.0141480698281544,0.0177364529207907,0.0172830893683211,0.0219731319800603,0.152884736975783,0.190119263402563,0.234413979943295,0.0788774870682536,0.0828855432039136,0.0802040511065561,0,0,0,0,0.0005612493267463,0.0004821801559103,0.0002299855087521,0.0007397252445708,0.0019616963643785,0.0011111641856005,0.0011523520094756,0.0014636170558969,0.001504574100945,0.0020212956067614,0.0015831734038672,0.0014353718868914,0.0012752602247247,0.0011721877461852,0.001674301923988,0.0018021628751666,0.0022730000225283,0.001933674273772,0.0021111041024448,0.0015460979275152,0.0020733751715229,0.0019518020627595,0.0022334067255218,0.0020572173226504,0.0021220737642013,0.0018223276331454,0.0018587292498569,0.001838806227727,0.0022215411577388,0.0023249766774445,0.0021834899624965,0.0023403130457927,0.0022611916334542,0.0015758693286702,0.0014990933595699,0.0019693642428388,0.0017425655833988,0.0018265123597837,0.00128511945926,0.0008849800083861,0.0005652594328765,0.0009716513546897,0.0005994191536392,0.0001843239622432,0.0002302505777106,0.0002575629250351,0.0002262163781796,0.0001680414758248,0.000117464152876,0,0,0,0,0,0,0,0,0,0,0,0,0,0
0,0,0,0,0,0.009214253038134,0.0108077983695277,0.0102948815937606,0.0105757015390259,0.0118034131567504,0.010411003551911,0.0117555003630685,0.0325794062757781,0.0419430995219798,0.0778286220111016,0.218126364364111,0.217286821631739,0.222430963956716,0,0,0,0,0.0006746052594821,0.0003626051816103,0.0004227152661966,0.0005944947759545,0.0014784012814041,0.0012434499549193,0.0011164975135851,0.0015165042160781,0.0013067539087549,0.0012340269443092,0.0016328311885707,0.0015181278544951,0.0016469956395962,0.0010112499984273,0.0019167634406208,0.0016342924636138,0.0017849444317351,0.0019351599944684,0.0019339204724383,0.0015958628436081,0.0019131004435577,0.002056778378403,0.0014729690453127,0.0022206912722625,0.0026306302177579,0.0020320759582432,0.0021466082584228,0.0019851640459047,0.0018029846386306,0.0018037070436883,0.0020788516711099,0.0023313585100203,0.0022739803627439,0.0015786433671076,0.0013591016388138,0.0014050564160103,0.0016041256639425,0.0015530835176613,0.0009458715158725,0.0012185768367752,0.0007304564178608,0.0010518949781534,0.0010943370514105,0.0002263501835985,0.0005078275598712,0.0002690949081266,0.0001578767497473,8.45143194305e-05,4.75148877239e-05,0,0,0,0,0,0,0,0,0,0,0,0,0,0
0,0,0,0,0,0.0097091481320429,0.0099325357352521,0.0105895034310141,0.0110291342605015,0.0121533315719124,0.0111003693088663,0.0122087952680508,0.0332632228728149,0.0435503503469404,0.0804391158947843,0.213715299112871,0.221449973811964,0.220674479540485,0,0,0,0,0.0006587399422902,0.0004070666170689,0.0004732243658081,0.000598591688731,0.0015214517047054,0.0011506824120977,0.0011412920972137,0.0016161313657147,0.0013081063387905,0.0012879975654321,0.0016115045151365,0.0014611033075116,0.0017046842839965,0.0011182989693461,0.0020302937564014,0.0015930960173704,0.0018091272740122,0.0020377313145878,0.0018190916247172,0.0015163135906536,0.001861794494167,0.0020801506299391,0.0014986200657315,0.0023189804537458,0.0026496540299903,0.0019984925126245,0.0022006595765466,0.0019652845843233,0.0018052034186447,0.0018350525751068,0.0021673413624691,0.0022866880490768,0.0022822856395477,0.0014861671736037,0.0013973892270772,0.0014826463385075,0.0016957112505371,0.0015451789498251,0.000904051249462,0.0011828106761827,0.0007865921078599,0.0011111959191241,0.0010628225465796,0.0002343274568792,0.0004069102405947,0.0003264352352246,0.0001807876504543,0.0001035709067999,4.55921577861e-05,0,0,0,0,0,0,0,0,0,0,0,0,0,0
0,0,0,0,0,0.0099361131286757,0.0103210199745847,0.0100757186835033,0.0098314527032237,0.0113925591487364,0.0107307977466261,0.0120383084153656,0.031700813868879,0.0424626446965325,0.0773990236601229,0.217544519230075,0.219433427985952,0.229063675465937,0,0,0,0,0.0007443045648839,0.0003824389622496,0.0004038993217817,0.0005727365118895,0.0016300666324457,0.0011955993764224,0.0010551051240531,0.0014968337425466,0.0013429550090025,0.0012234786543818,0.0015591377144057,0.0014936174758002,0.0017205787013674,0.0009796743911855,0.0018836128474809,0.0016930882727239,0.0020285820392336,0.0019514271396491,0.001930294878509,0.0016241723632602,0.0019509887579066,0.002026131859117,0.0015619135494819,0.0022586240133242,0.0026516612309566,0.0019578512085228,0.0021228433118731,0.0021696900085841,0.0019533197613174,0.0017333924111248,0.0020165617138465,0.0023402903087216,0.0023050348183797,0.0015668403691259,0.0014101684759195,0.0014154193638127,0.0016204339698398,0.001535500241765,0.0009145005303298,0.0011978191556158,0.0007943756773406,0.0011470527306702,0.0010944176649104,0.0002510536313095,0.0005377722913774,0.0002717887100192,0.0001357914171367,9.5885101464e-05,5.09005149503e-05,0,0,0,0,0,0,0,0,0,0,0,0,0,0
0,0,0,0,0,0,0,0,0,0,0,0,0,0,0,0,0,0,0.0761526174378671,0.077653021366498,0.0826673231623596,0.0845526998594885,0.0775739073636912,0.0799026956933157,0.0758528491489876,0.0650052770335662,0.001348506327922,0.0017314155321467,0.0016148779482522,0.0017813602109587,0.0023116192752759,0.0023513266006911,0.0022751173862977,0.0024877178472932,0.0019287100710512,0.0021483424490065,0.0021284887862989,0.0026036343871019,0.0024973341566041,0.0023647693905248,0.0023711802633987,0.0023583585176509,0.0022949710490053,0.0031203504455776,0.0026638164193105,0.0029833381548897,0.0026644374633964,0.0027707376938941,0.0027175875786453,0.0027873859201648,0.0044228387912183,0.0011520332651191,0.001220589518467,0.0012404431811746,0.0011808821930518,0.000975313649016,0.0012045623362822,0.001180261148966,0.0011142892879692,0.0009656973397051,0.0005039945287357,0.0006666503109194,0.0006339749024639,0.0006006784499226,0.0006167056321074,9.28574406641e-05,0.0001127111033717,0.0001357702025163,0.000146007555913,0.0001159165398087,3.65018889782e-05,0,0,0,0,0,0,0,0,0,0,0,0,0,0
0,0,0,0,0,0,0,0,0,0,0,0,0,0,0,0,0,0,0.0773003499490219,0.0787511422282719,0.0838752806210957,0.0857848610580415,0.0786895021980995,0.0810728696450272,0.0769630895499706,0.0659519733343188,0.0013785755493837,0.0017700229276038,0.0016508867690151,0.0018210812812847,0.0023583434198225,0.0023984540726947,0.0023212686421594,0.0025376455577195,0.0019668960416024,0.002191184782762,0.0021711294563259,0.002654941641127,0.0025467531833469,0.0024124376487125,0.0024185093991308,0.0024063658982942,0.0023413239685955,0.003184384704344,0.0027169476956165,0.0030433531441379,0.0027187877707978,0.0028269762285778,0.0027728819996878,0.0028439956798048,0.0045106133497402,0.0011712135091724,0.0012386470389269,0.001258702365363,0.0011985363860547,0.0009900712960941,0.0012234676628812,0.0011966963108735,0.0011304585811468,0.0009809636704667,0.0005111350616834,0.0006764536235626,0.0006442547962899,0.000610215893836,0.0006253952698817,9.42048817622e-05,0.0001142602081983,0.0001373514098436,0.0001482991106523,0.0001172960834075,3.70747776631e-05,0,0,0,0,0,0,0,0,0,0,0,0,0,0
0,0,0,0,0,0,0,0,0,0,0,0,0,0,0,0,0,0,0.0762033050583869,0.077669555029971,0.0826479537632151,0.0845676062446389,0.0775757792094793,0.0799213684139952,0.0758700803013442,0.0650162559738119,0.0013570159661918,0.0017423414874562,0.0016250685027236,0.0017926013380559,0.0023223788355377,0.0023619539584593,0.0022858379905436,0.0024990145046527,0.0019370533142733,0.0021578802781329,0.0021380927166721,0.0026147055954899,0.0025081173384354,0.0023756729640649,0.0023817415199201,0.0023696044082098,0.0023056255520044,0.0031356392789155,0.0026756501737677,0.0029969968388267,0.0026772320676631,0.0027838203247176,0.0027305261961904,0.0028005736082509,0.0044421363747811,0.0011541356501711,0.0012210192744408,0.0012408068359016,0.0011814441515192,0.0009759180871607,0.001205847884803,0.0011798622576238,0.0011144310173863,0.000966815253378,0.0005039213801659,0.0006668380436752,0.0006349133705042,0.0006014068034377,0.0006165781930755,9.28692514489e-05,0.0001126568129097,0.000135478652298,0.0001461633799761,0.0001156910908372,3.6540844994e-05,0,0,0,0,0,0,0,0,0,0,0,0,0,0
0,0,0,0,0,0,0,0,0,0,0,0,0,0,0,0,0,0,0.0755066965094994,0.0769565412690595,0.0819260648997407,0.0837595854907688,0.0768848065070826,0.0791852819420715,0.0751720228210014,0.0644235395379252,0.0013326666748618,0.0017110781998226,0.0015959094748345,0.0017604362248175,0.0022862100607132,0.0023256253043041,0.0022500497639194,0.0024605016510876,0.0019077985357524,0.0021249382575274,0.0021052306357319,0.0025754924350632,0.0024702664914791,0.0023388230325052,0.0023453329260996,0.0023323131389109,0.0022697573857149,0.0030857033010228,0.0026347932414621,0.0029506490132268,0.0026349711824745,0.0027401971260586,0.0026875841542666,0.0027566498010569,0.0043748100804343,0.0011408547634145,0.00120956452818,0.0012292721499754,0.001170149284589,0.0009663852320276,0.0011932897941941,0.0011699713435766,0.0011043385845958,0.0009566203916361,0.0004995563205059,0.0006606501826792,0.000627922773695,0.0005950174236985,0.0006112921576843,9.2028215383e-05,0.0001117358371785,0.0001346984057711,0.000144641187175,0.0001149907839756,3.61602967938e-05,0,0,0,0,0,0,0,0,0,0,0,0,0,0
3.32457071481e-05,0.0003639217586029,0.0010530577739149,0.0007967096248697,0.0009161567012659,0.0003262700203114,0.0003268814613378,0.0003250664497336,0.0003401406853398,0.0003372787139816,0.0003399286931698,0.0004123361117246,0.0004208676721203,0.0004070844100292,0.0005049680572119,0.0006151365343304,0.0006107079458427,0.0006939362566261,0.0752224125476527,0.0766523169863513,0.0816051945805108,0.0834860908934027,0.0766526796414055,0.0788634213271935,0.0748711047028352,0.0641936857507717,0.0012859963509351,0.0016405934099674,0.0015327405195409,0.0016941441287363,0.0022198398239029,0.0022663847550626,0.0021818074893548,0.0023987495157042,0.0018662816422948,0.0020635793725034,0.0020450017101671,0.0025107692093629,0.0024045299498463,0.0022654690682799,0.0022838009661228,0.0022746600615415,0.0021993441953651,0.0030003876904856,0.0025622835525667,0.002866035764175,0.0025595206478842,0.0026728819640639,0.0026146702523914,0.0026799014785503,0.0042516882431764,0.0011425991181425,0.0012227446801647,0.0012455707928416,0.0011782274848802,0.0009728513753023,0.0011945051466533,0.0011955255909706,0.0011194267789428,0.0009564148139731,0.000504230294528,0.0006710819084528,0.0006282176245431,0.0005939793852874,0.0006177677438364,9.2825101207e-05,0.0001191007808449,0.000139914118554,0.0001463966773421,0.0001187194606456,3.84300622173e-05,0,0,0,0,0,0,0,0,0,0,0,0,0,0
4.45642205601e-05,0.0003729321615289,0.0005218704776112,0.0006033760915302,0.0005119021651175,0.0004005539692348,0.0003678947764316,0.000428995431503,0.0004417788061769,0.000470279322456,0.0004995881479506,0.0005180498552651,0.0005763629231062,0.0005607069340795,0.0004284918653672,0.0003265735289952,0.0003727436347913,0.0003521731178508,0.076527618241308,0.0780026234082678,0.0830385475348517,0.0849265032254584,0.0778934229422013,0.0802333886331959,0.0762008503816318,0.0652978384896268,0.0013868694647596,0.0017683630231561,0.0016572008712348,0.0018252950627713,0.0023577209304596,0.0024060821093841,0.0023253577183986,0.0025332432051143,0.0019685696501462,0.0021930450111634,0.0021727689257998,0.0026484779933962,0.0025478258196267,0.0024167198550838,0.0024254980726023,0.002413198455606,0.0023434602165964,0.0031885493536414,0.0027156081066838,0.0030469118225715,0.0027208966298274,0.0028210521150469,0.002776487227432,0.0028443041031079,0.0045018363016763,0.0011799603333104,0.0012456737806,0.0012711247653277,0.0012062477199646,0.0009955110588235,0.0012250017354329,0.0011962332455061,0.0011320911734601,0.0009954907908502,0.0005136022560751,0.0006766287332846,0.0006428230253175,0.0006148569175068,0.0006266313375167,9.68220323535e-05,0.0001145961363921,0.0001422888734301,0.000147262432215,0.0001161788873615,3.73133256173e-05,0,0,0,0,0,0,0,0,0,0,0,0,0,0
7.10429099176e-05,0.0004239301917669,0.0008654986232374,0.0008056021009103,0.0005899011278674,0.0005587347540124,0.0005461989203848,0.0006094000439505,0.0005948662499806,0.000381853168392,0.0003883568511354,0.0003531609853411,0.0002482439809644,0.0002374581110756,0.0002134635612843,0.0003976353036485,0.0004525867920457,0.0003884697668928,0.0758784924380847,0.0773403595967842,0.0823336571221484,0.084206388646852,0.0772377200813731,0.0795884135409234,0.075525111477117,0.0647426565363785,0.0013717869764193,0.0017549794084207,0.0016449670005953,0.001803448619507,0.0023475611317026,0.0023747500346957,0.0023025844813064,0.0025115325668219,0.0019505766031363,0.0021694247302772,0.0021496923324721,0.0026303500545609,0.0025229369138208,0.0023948344569177,0.0024007424935119,0.0023847786979286,0.0023265217504205,0.0031454862146404,0.0026985918605433,0.00301621204223,0.0026971025747284,0.0028019111955621,0.0027512266377692,0.0028104910109122,0.0044660172669229,0.0011728429601266,0.0012373195138123,0.0012634784361959,0.0011996286013656,0.0009870802570446,0.0012155733605831,0.0011875692681455,0.0011251055544744,0.0009743461040414,0.000509487666073,0.0006730667777663,0.0006397541600519,0.000603994874406,0.000621491864266,9.30711797691e-05,0.000119906180843,0.0001417855769725,0.0001456560897096,0.0001174254892902,3.69989121523e-05,0,0,0,0,0,0,0,0,0,0,0,0,0,0
2.52399052999e-05,0.0005167870610149,0.000604495731932,0.0011017218663396,0.0006593925259592,0.0003612782605409,0.0003582872436299,0.000381767943456,0.0003382369390743,0.0004277386915154,0.0004393003898296,0.0004491517316428,0.0005943907274447,0.0007192243820732,0.0007073896408809,0.0005761691794125,0.0005898348615187,0.000567549765352,0.0669977759464724,0.0682836087552291,0.0726932015590165,0.0743529774499879,0.0682295479165726,0.0702673883711954,0.0667045552192991,0.0571390813626216,0.0011956680053967,0.0015263149722989,0.0014236811705043,0.0015771906282112,0.0020429638754213,0.0020743264479764,0.0020061102199143,0.0021920350431374,0.0017018662110543,0.0019016001767877,0.0018850726749117,0.0022989252009169,0.0022028083119391,0.0020920598880975,0.0021008441671928,0.0020761414189784,0.0020430370151304,0.0027568180595451,0.0023500507851414,0.0026348502860615,0.0023588589129907,0.0024528249858087,0.0023991570775376,0.0024535793951955,0.0039039811866496,0.001032055637946,0.0010953702930247,0.0011168878689039,0.0010531599472586,0.000871196230988,0.0010707428748778,0.0010539954528517,0.0009933218135002,0.0008643978579717,0.0004561093005784,0.0005954452823586,0.0005603030973313,0.0005387510297278,0.0005552741296571,8.53232743965e-05,0.0001025975368115,0.0001199983720616,0.0001289936286909,0.0001043303256476,3.20756340114e-05,0,0,0,0,0,0,0,0,0,0,0,0,0,0
0.0002367090875597,0.0014129362273417,0.0024358576414387,0.0027429738030167,0.0027332581315123,0.001084890975463,0.0010909236412118,0.0010990186618549,0.0010357928612428,0.0012176858428948,0.0011177210583752,0.0011666963187225,0.0013246905105771,0.0015349677438058,0.001875618097998,0.0014325793367602,0.0014989332657537,0.0016150233568894,0.0013895978493196,0.0014270645378872,0.0015169845904495,0.0015377994174315,0.00136660904227,0.0014921585273811,0.0014131101780423,0.0011954598096792,0.0001364357857566,0.0001262181023044,0.00010810819522,0.0001359017734804,0.0001426651804149,0.0001590875309017,0.0001295307064603,0.0001454970724205,0.00013248158636,0.0001301256230424,0.0001317638750517,0.0001518153480772,0.0001519574561288,0.0001432431192398,0.0001483659221841,0.0001377708443938,0.000151395624239,0.000193359160857,0.0001678770477827,0.0001761498996971,0.0001870726760231,0.0001754367037756,0.000191324616895,0.0001698673814677,0.0002414996401513,0.0001050542578179,7.13795418517e-05,8.80928776329e-05,0.0001031892783935,6.20898833131e-05,8.06990763569e-05,6.68787414028e-05,7.53646627818e-05,6.55310047623e-05,3.7111196521e-05,4.88362326558e-05,3.41286153721e-05,4.86966965353e-05,4.37328032918e-05,4.8768395372e-06,1.61152002964e-05,6.265993681e-06,9.9311807478e-06,5.4772514226e-06,1.2926327669e-06,0,0,0,0,0,0,0,0,0,0,0,0,0,0
0.000167967566325,0.0009347930576889,0.0014688672246429,0.0015567693802702,0.0016629572740666,0.0008088350579139,0.0008521064376376,0.0007885707025907,0.0008198568295419,0.0009022104668036,0.0008638681878558,0.0008356468740576,0.0009673429762498,0.0010425779983923,0.0010997481152005,0.0012472600935699,0.001173496951631,0.0012262005140309,0.001846884844853,0.0018966810210174,0.002016191843812,0.0020438563861255,0.0018047118927597,0.0019694872242396,0.00187138755952,0.0015796864763772,0.0001306543910479,0.0001364987961258,0.0001391338891173,0.0001446634146559,0.0001564449925484,0.0001654111449491,0.0001510991271321,0.0001608161053544,0.0001298690043533,0.0001471969151389,0.0001521337429686,0.0001703308918371,0.0001715714050777,0.0001550507683109,0.0001624061345136,0.000158392871508,0.0001863187135238,0.0002242678088643,0.0001817601300522,0.0001999031708794,0.0002002243215016,0.0001959758898491,0.0001995489181408,0.0001938715799237,0.0002633850667844,7.99771758037e-05,6.60487495667e-05,7.97005733478e-05,8.17249903081e-05,6.14424948728e-05,8.34465381881e-05,5.98188440742e-05,5.63674376822e-05,6.16418200221e-05,3.15907168744e-05,4.19342828771e-05,3.35913372777e-05,3.73377601616e-05,3.08119863827e-05,6.537532892e-06,1.0723493968e-05,7.0075210043e-06,8.3468971358e-06,8.1284644999e-06,1.3877753484e-06,0,0,0,0,0,0,0,0,0,0,0,0,0,0
0.0004616267883189,0.0011419120917771,0.0028111390414714,0.0023261076456775,0.0027089863348126,0.0013567444291735,0.0013970717829227,0.001458871845078,0.0014949469052327,0.0013556086697985,0.0014014707926856,0.001477777678393,0.0012559614286944,0.0011758325899497,0.0011291157894416,0.0011087274559424,0.0011522895585359,0.0010712969585764,0.0017053618304348,0.001751342227301,0.0018616951797797,0.0018872398447053,0.0016692211618056,0.0018272384338615,0.0017365497458104,0.001458739700399,0.0001107896797196,0.0001377435433303,0.0001336425768061,0.0001431680037737,0.0001534819706863,0.0001608043604669,0.0001606449357256,0.0001588983876093,0.0001429461758967,0.0001422926395653,0.0001387017346103,0.0001623294664564,0.0001697023640682,0.000175481245285,0.0001842621444576,0.0001805530095724,0.0001573534719661,0.0002086571359206,0.0002072071009534,0.0002151074145516,0.0002114220585134,0.0001888953907004,0.0001978429770898,0.0001995677659249,0.000260982097042,0.0001160132129074,8.31840956135e-05,0.0001074646704107,0.0001024067202241,5.94775663256e-05,7.38543153958e-05,7.40528071102e-05,5.92316111471e-05,0.0001001763943425,4.36154861824e-05,3.60910417789e-05,4.60324301812e-05,4.21903784169e-05,2.759836354e-05,5.8851475954e-06,1.09168485704e-05,1.06856610813e-05,8.5963779596e-06,7.5247771204e-06,2.8605242607e-06,0,0,0,0,0,0,0,0,0,0,0,0,0,0
0.0002099918350684,0.0008067973055726,0.0014926515615432,0.0015112778117983,0.0013298632373954,0.0010777039265812,0.0011216134883808,0.0011579447910872,0.0011253481344896,0.0013568100778585,0.0013843026211448,0.001469745413374,0.0013375818315294,0.0013901076086865,0.0014149157137201,0.0014858003455061,0.0016098717019742,0.00149946901322,0.0018560017127559,0.0019060437002178,0.0020261444701265,0.0020539455742721,0.0018203101439574,0.0019856510902929,0.0018783806396133,0.0015944064414065,0.0001374091347004,0.0001413015183998,0.0001412523755541,0.0001435878017738,0.0001615709938818,0.0001719632884373,0.0001566609742021,0.000175706017251,0.000138218253426,0.0001347624096173,0.000153820939629,0.0001862908780274,0.000176618223896,0.0001792636926081,0.0001742657787195,0.0001653033486227,0.0001670480190924,0.0002347446908507,0.0002009332667833,0.0002150879112614,0.000187419604082,0.0002031239413914,0.0002094133591138,0.0002192374491599,0.0002959948317025,8.46658411337e-05,8.15689600124e-05,9.10205485228e-05,7.16574112475e-05,6.5685631868e-05,8.30872887756e-05,8.01074527371e-05,7.72926780664e-05,6.83896318494e-05,3.37046450404e-05,4.61366276889e-05,4.00596168639e-05,4.27304490817e-05,3.83446201282e-05,4.3166469058e-06,7.9263701661e-06,4.4019712494e-06,8.6815977911e-06,2.6972021541e-06,3.7050698908e-06,0,0,0,0,0,0,0,0,0,0,0,0,0,0
0.000248575239481,0.001271081447272,0.0021736494430122,0.0024807439859554,0.0025722133476732,0.0013218027809502,0.0012919257169834,0.0013788369729642,0.0013227762446373,0.0013080394267108,0.0012305217085933,0.0013072245734619,0.001187638373727,0.0012503644534115,0.0015026584918677,0.0013226783379813,0.0013461741842264,0.0013898534014595,0.0024882071427943,0.0025500821445698,0.0027118355991546,0.0027556773503721,0.0024641110304255,0.0026497558438177,0.0025260406793657,0.0021336301514494,0.0001490225775051,0.000157867737115,0.0001564410628822,0.0001669194698524,0.0001764820663518,0.000184155814187,0.0001976269609426,0.000197789896182,0.0001638197694015,0.0001640989137029,0.0001697209927499,0.0002116150274937,0.0002096158794624,0.0001996410909141,0.0001953465718412,0.0002023295478556,0.0002135500471473,0.000252047096118,0.0002188556731381,0.0002426121327077,0.0002378527446606,0.0002397661182609,0.000241616019189,0.0002321004910279,0.000326600617601,0.0001053334268308,9.38185023677e-05,0.0001176466910543,9.8038404721e-05,7.37330487473e-05,8.94925485485e-05,7.35766003054e-05,8.40647741821e-05,7.32762721555e-05,4.98875110967e-05,4.45767587841e-05,5.35068699918e-05,4.48088349219e-05,3.34078010634e-05,1.24176165713e-05,1.67519361215e-05,7.4672844015e-06,7.0016817663e-06,4.4366264324e-06,5.8490319159e-06,0,0,0,0,0,0,0,0,0,0,0,0,0,0
0.0002347211863291,0.0008940366681779,0.0015438463075896,0.0020125574615988,0.0024149714580987,0.0011643171741468,0.0011422035800685,0.0011933463142048,0.0011800495745293,0.0011251934391099,0.0011962697505407,0.0011029822701004,0.0019229821729357,0.0018318669707154,0.0018666219604317,0.0011549545820856,0.0012256122141296,0.0011708028159153,0.0023402540906307,0.0023980506999949,0.002550242921848,0.0025919809774005,0.0023262270703241,0.0025003668607273,0.0023627684502624,0.0020031588402759,0.0001536561873475,0.0001543392250551,0.000151555270107,0.0001642703461695,0.0001702806367979,0.0001807016406804,0.0001742555258976,0.0001896183812042,0.0001567027485915,0.0001724270505639,0.0001582749632215,0.0001864101600641,0.0001923184758787,0.0001872639499448,0.0001847110122755,0.00019882141546,0.0001803916228994,0.0002347855025827,0.0002125643348946,0.0002190860558519,0.0002072344622464,0.0002213742928913,0.0002038807936239,0.0002151575757523,0.0002920056522518,9.83418452177e-05,7.89591123168e-05,9.90576214913e-05,0.0001108677229168,6.7361402668e-05,7.705010679e-05,7.90116322188e-05,8.05701372902e-05,8.48945308263e-05,3.89975424073e-05,4.97268835775e-05,5.70338612498e-05,4.76500351017e-05,4.36144549654e-05,7.9896121722e-06,1.00511647424e-05,1.39249261668e-05,9.3673010713e-06,5.9873127193e-06,3.8944558036e-06,0,0,0,0,0,0,0,0,0,0,0,0,0,0
0.0001898857807655,0.0008892986276037,0.0018404293734034,0.0018882422920814,0.0020294377109704,0.0012356826249672,0.0012954360266557,0.0011393386779834,0.0012391202434766,0.0011229598989295,0.0011886681036815,0.0011799610680513,0.001361714891836,0.0014501739816164,0.0015643701926642,0.0016351818543091,0.0016407940519421,0.0015964537691143,0.0024229160863973,0.0024833439045596,0.0026408277666529,0.0026832967042458,0.0023961797926097,0.0025856370959124,0.0024513388143618,0.0020728963258499,0.0001338662672668,0.0001508544101725,0.0001620036386191,0.0001601285466021,0.0001955287081631,0.0001864537262888,0.0001773448916779,0.000188239530889,0.0001569397807144,0.0001739727698092,0.0001727252162113,0.0002096634617788,0.0001948949236632,0.0001983594109069,0.0002013063117712,0.0001944077693456,0.0001770846569442,0.0002389625323397,0.0002243405702062,0.0002351858560256,0.0002285155560082,0.0002098753254032,0.0002136973551863,0.0002153926908812,0.0003067839654951,0.000120295609588,9.2245091864e-05,0.0001111096181216,0.0001036452404343,7.29270963124e-05,7.55156625657e-05,7.19203877679e-05,7.77703737737e-05,7.63712138471e-05,3.85084504284e-05,3.94913522242e-05,5.14886869246e-05,5.13156014514e-05,4.30666595973e-05,9.0155558834e-06,1.0618131279e-05,1.30083140075e-05,1.17215855885e-05,4.0233675323e-06,2.7746617875e-06,0,0,0,0,0,0,0,0,0,0,0,0,0,0
0.0002078538655228,0.0012833383858063,0.0021817221556,0.0019307102990618,0.0028997672503655,0.0012056104709079,0.0012035650079461,0.0013118019205062,0.0013380363814305,0.0014843128190897,0.0014234058001267,0.0014605360924049,0.0012381150420776,0.0011154615865993,0.0013142616359714,0.0014087679690287,0.0013785096738203,0.0014171558174593,0.0024549465099685,0.0025156416275875,0.0026752831615592,0.002718983565409,0.0024411486233688,0.0026101233557448,0.0024776099158443,0.0020988269497574,0.000139334615126,0.0001487756799244,0.0001484853366954,0.0001664182387837,0.0001813321409385,0.0001880058186828,0.0001744283930549,0.0001941579307862,0.0001560253013806,0.0001675315738102,0.0001637086215854,0.0001864317065995,0.0001953507645574,0.0001788906230817,0.0001842900700382,0.0001886645730636,0.0001823292364782,0.0002549884162564,0.0002337070216815,0.0002349667449564,0.0002082937299307,0.0002236437236725,0.0002137402219485,0.0002264205854577,0.0003128222225785,0.000108403861138,7.49650195976e-05,8.76626854513e-05,9.39523988487e-05,7.27476194372e-05,8.96849162901e-05,7.27131675083e-05,8.81797997018e-05,7.63373412894e-05,4.19216457108e-05,4.55398307058e-05,4.67741128258e-05,5.49317587231e-05,3.84760565843e-05,8.0976888536e-06,1.42621328196e-05,7.4636975456e-06,7.7818953544e-06,1.1041127287e-05,3.3369934226e-06,0,0,0,0,0,0,0,0,0,0,0,0,0,0
0.0002014833995745,0.0013249478100285,0.0020559837809627,0.0026355935605604,0.0023858093460195,0.0013236267323621,0.0012214732604354,0.0013925344958252,0.0013025775985358,0.0012455024675359,0.0012312966502226,0.0013375193539293,0.0012118251978141,0.0011949773712592,0.0012123362004784,0.0015868301132882,0.0016698586701614,0.0016949606666863,0.0019761264197508,0.0020244454583321,0.0021530267101168,0.0021888817341467,0.0019719385150494,0.0021059196447807,0.0019978551219104,0.0016918483005322,0.0001317246797897,0.0001247425962868,0.0001386894684427,0.0001359209971364,0.0001559350921346,0.0001613148447239,0.0001509893285024,0.0001619951060214,0.0001406162031151,0.0001386610891414,0.0001493728008112,0.0001863678776067,0.0001735221570891,0.0001629640644763,0.0001711416432303,0.0001747597317151,0.00015441842584,0.0002000405479886,0.0001891473704536,0.0001828429024729,0.0001881015488375,0.0001923255936491,0.0002061817463815,0.0001952195715651,0.0002731515284751,0.0001017599407505,8.5491036854e-05,9.52480074588e-05,9.12809995842e-05,7.63957531609e-05,7.45359450697e-05,7.34832099282e-05,7.71256795027e-05,8.24826846818e-05,3.81664613389e-05,5.39489293278e-05,4.59239246263e-05,3.4810623273e-05,4.11078751876e-05,1.340731129e-05,1.31160488078e-05,1.02680960368e-05,5.7870404524e-06,1.352199643e-05,3.6162641531e-06,0,0,0,0,0,0,0,0,0,0,0,0,0,0
0.0002248131565719,0.0013147449262177,0.0021958399784104,0.0021668773313422,0.0021059789297652,0.0012748240095563,0.0012553569410346,0.0014073944717024,0.0012808769545173,0.0013292820653436,0.0012856019139032,0.0013807704824801,0.0012880075772925,0.001132884470934,0.00112172933327,0.0009807609343409,0.0011027074884211,0.0009714791366061,0.0022157355547613,0.0022702324038899,0.0024143589030347,0.0024541592597828,0.0021948457494577,0.0023615937824989,0.0022367230227118,0.0019029257955934,0.0001302390123967,0.0001423228451012,0.0001389696675016,0.000133400224229,0.0001572352435585,0.0001786774560217,0.0001684849567497,0.0001750935601498,0.0001395793744999,0.0001574216540901,0.0001662270838105,0.0001729739547165,0.0001939066474644,0.0001600187297679,0.0001824083026204,0.0001755186095475,0.0001728521040321,0.0002408836121816,0.0002050925035667,0.0002064909944149,0.0001975988897102,0.0002017734660299,0.0002007890851872,0.0002060658606804,0.0002998249343923,0.0001307590503475,9.65255631298e-05,8.85742929725e-05,8.74668281411e-05,7.14631550601e-05,7.08107928123e-05,6.39185821389e-05,6.71483049718e-05,8.40829699994e-05,3.9981624434e-05,3.91537919152e-05,3.90598371263e-05,5.2010233997e-05,4.16076902771e-05,7.0834465857e-06,1.54014773574e-05,1.15807404036e-05,7.2468648913e-06,1.25760434082e-05,2.4717670977e-06,0,0,0,0,0,0,0,0,0,0,0,0,0,0
0.0003864971341611,0.0009311013449768,0.0022388625772165,0.0021625350229694,0.0022740633281658,0.0013713164714008,0.001351475610221,0.0014400718828279,0.0013387066477871,0.0014207503144393,0.0014887704725638,0.0016816466744845,0.001555692551792,0.0017972011656179,0.0015036951037975,0.0017446497460018,0.0018788685105854,0.0017529861141914,0.0020602546021126,0.002111116227978,0.0022451022638265,0.0022818716753345,0.0020413224463772,0.0021958683664569,0.0020800752108121,0.0017703773796767,0.0001237683896667,0.0001380500500474,0.0001271319137645,0.0001429020178431,0.000152621200219,0.0001539258965187,0.0001569895365532,0.0001605758265697,0.000141115030665,0.0001560044172235,0.0001462991236414,0.0001892988878563,0.0001876375662542,0.000169719372376,0.0001785090225181,0.0001686636931957,0.0001720936793205,0.0002392901152092,0.0001777828630474,0.0002055330519248,0.0001981885577862,0.0002075699569663,0.0002086238281982,0.0001938116243543,0.0002731840693441,9.44323315181e-05,9.28726466679e-05,9.24920482765e-05,9.35599515583e-05,7.0019426392e-05,8.68986528141e-05,7.47745191434e-05,8.37444106796e-05,7.25893515216e-05,4.42045378789e-05,5.79794550395e-05,4.52490958289e-05,4.80462374512e-05,4.91474961187e-05,7.2820381896e-06,1.60794143469e-05,1.44269648554e-05,1.21679658319e-05,7.8820308808e-06,1.7277360589e-06,0,0,0,0,0,0,0,0,0,0,0,0,0,0
0.0001937150236763,0.0014049748660166,0.0022371181217501,0.0025969884773156,0.0024022485064241,0.0013460609822897,0.001348520175247,0.0014241270085978,0.0013808938920055,0.0016312642864547,0.0016274825679185,0.0015969544864897,0.0013907108822655,0.0014309438243603,0.0015551903736507,0.0014293316925996,0.0014165860861672,0.0015140141869871,0.0024215477452254,0.0024805324621248,0.0026381282293015,0.0026823492640522,0.0024081760937831,0.0025718914853363,0.0024455682732646,0.0020745605066265,0.0001370227163299,0.0001485141895194,0.0001429662627725,0.0001662945445852,0.0001828476223731,0.0001741937469341,0.0001831054309452,0.0001757081478041,0.0001691750528141,0.0001559837422856,0.0001818911520278,0.000203963060456,0.0001989780576192,0.0001778351524984,0.000206011852105,0.0001809880861624,0.0001986041875349,0.0002421125148925,0.0002241258782051,0.0002270806453344,0.0002260014168583,0.0002133283952298,0.0002125373956694,0.0002085927386306,0.0003152870493765,0.0001132215288886,9.73482389318e-05,0.0001122016763505,9.75392941209e-05,6.69883313643e-05,7.85907272787e-05,7.78751298523e-05,7.75943800841e-05,6.61643541624e-05,3.88521621137e-05,5.96321228547e-05,4.94005535723e-05,5.2548680593e-05,4.77722580559e-05,9.5090547001e-06,1.31350742214e-05,7.7511482891e-06,1.10948827989e-05,7.3354444282e-06,3.4898114989e-06,0,0,0,0,0,0,0,0,0,0,0,0,0,0
0.0002560382434082,0.0015098085591317,0.0021198309233394,0.0023276607340997,0.0027755418797482,0.0013197286232998,0.0012241742943666,0.001298355309425,0.0013381470416377,0.0013197698039473,0.0013737333024342,0.0012968700318917,0.0014800836428679,0.0017855325766194,0.0018109464776121,0.0014412675221425,0.0014852063430588,0.0016747869708704,0.0021444027189181,0.0021968148106497,0.0023363484203069,0.0023752838129762,0.0021292580214614,0.002284244883847,0.0021656550757637,0.001835247435745,0.0001266238639796,0.0001381134874305,0.0001379878189551,0.0001455588380339,0.0001672182393041,0.0001659207280289,0.0001571432226924,0.0001699823759505,0.0001454242570149,0.0001614388193777,0.0001664561926985,0.0001837053657329,0.000176305670132,0.0001767362331525,0.000171274843514,0.0001909021089099,0.0001874945368376,0.000218368682649,0.0001968799280621,0.0002051657935318,0.0002091436263948,0.000200421465644,0.0002062727276421,0.000203323348277,0.0002897505242853,9.91993868659e-05,8.05151875239e-05,9.03474340299e-05,0.0001003044270379,6.59326141568e-05,7.57878671642e-05,7.25314372586e-05,7.18231662875e-05,6.5999630013e-05,3.87168623309e-05,4.34285229641e-05,3.96904726311e-05,4.26100139996e-05,3.88341369818e-05,6.2568310954e-06,1.9008238746e-05,8.7998211004e-06,8.4185558138e-06,9.3299451021e-06,3.6324123971e-06,0,0,0,0,0,0,0,0,0,0,0,0,0,0
0.0001897719404324,0.0009801038523219,0.0019873470334565,0.0018267975930367,0.0020206641013071,0.0012298517598412,0.0012391028435607,0.0013324787534613,0.0011976045631049,0.0010995834076549,0.0011553569404115,0.0013452936093268,0.001340146076601,0.0014869817889661,0.0014773626599808,0.0014984228981795,0.0016042136883175,0.0015449590127457,0.0019472248856443,0.0019955394213992,0.0021221400346872,0.0021565855344945,0.0019237731631713,0.0020777670773011,0.0019713149641193,0.0016714356306465,0.0001144629516897,0.0001196913402795,0.0001368299566686,0.0001416749372497,0.0001527239067546,0.0001549285440896,0.0001533718166704,0.0001492704976514,0.0001309698673181,0.0001277567095323,0.0001443807211224,0.0001574460936896,0.0001694818587571,0.0001531907961907,0.0001628567127193,0.0001675206306671,0.0001625690475919,0.0002053220609548,0.0001812940250751,0.0001984799375569,0.0001919651315071,0.0001917564805575,0.0001848012076349,0.0001939395291903,0.0002598019141169,0.0001110217818522,8.68005900207e-05,9.88123234711e-05,8.30797028143e-05,6.49894886934e-05,6.60447823461e-05,8.11477885096e-05,7.28635338909e-05,6.21770293273e-05,3.78733419201e-05,3.42746004787e-05,5.17033357397e-05,3.8356095556e-05,3.29407249764e-05,5.0057162928e-06,1.73693389958e-05,1.16131185109e-05,6.1283105481e-06,4.6027760925e-06,3.7030195879e-06,0,0,0,0,0,0,0,0,0,0,0,0,0,0
0.00019332830876,0.0014918664719645,0.0017015835256803,0.0022444729693658,0.001770180727621,0.001483278667421,0.0014696830071231,0.0014881510232156,0.0013813863793596,0.0013651735726184,0.0013955152613251,0.0014901090896761,0.0012435289049486,0.0013753053995692,0.0015698906590635,0.0014575118403466,0.0013938814209981,0.0014874563730656,0.0019004123508659,0.0019471882960228,0.0020707991004722,0.0021048918338653,0.0018875998505211,0.002029679386594,0.0019234551180413,0.0016336737822347,0.0001153934847106,0.0001220245441877,0.0001398435885076,0.000134050599015,0.0001454517134322,0.000148739393146,0.0001514977213587,0.000149673286839,0.0001338724446503,0.0001417468635477,0.0001478066310504,0.0001775261937898,0.0001598627060534,0.0001585118085473,0.0001781808711853,0.0001810754567249,0.0001797889098921,0.0002028883367147,0.0001860113879256,0.0001967506427049,0.0001912895112602,0.0001789509490678,0.0001905168152105,0.0001892554710468,0.0002676869017373,0.0001078292521608,9.85329148935e-05,0.0001158586481353,9.32983942278e-05,6.78649478535e-05,8.56164532425e-05,7.91187895303e-05,6.85919175493e-05,6.84886478368e-05,4.98473163905e-05,4.69255909796e-05,4.32770566851e-05,4.44386839183e-05,3.72529201026e-05,6.9884134306e-06,1.53802520179e-05,1.1737388806e-05,5.2546352028e-06,5.7087334445e-06,2.2330441767e-06,0,0,0,0,0,0,0,0,0,0,0,0,0,0
0.000187086470454,0.0011325377694452,0.0021027884415082,0.0019582576952455,0.002088900792588,0.0012911642710645,0.001252888168754,0.001272516604527,0.0013124545486189,0.001151391079606,0.0013088970282052,0.0013909244950167,0.0010755091199896,0.0012405261615578,0.0011621661492109,0.0012157394558082,0.0011744424771962,0.0012650979804176,0.0019105770988991,0.0019583634860177,0.0020825270774411,0.0021158438290982,0.0019003765031605,0.0020412256341121,0.0019313279639898,0.0016319238915502,0.0001083118356405,0.000120296187697,0.0001385104812654,0.0001285315564924,0.0001522803359494,0.000161833283549,0.0001478882921634,0.0001548831546423,0.0001381810007374,0.0001378680056925,0.0001411649308964,0.0001576491707394,0.000180109149159,0.000164814616373,0.0001830336991727,0.0001490769470038,0.0001606219884356,0.0002035941376437,0.0001956204563599,0.0001914975943003,0.0001919768530682,0.0001889184182945,0.0001846954472655,0.0001951918040615,0.0002539945812558,0.0001040445694472,8.20784668697e-05,8.99843185178e-05,9.00464729374e-05,6.0991344576e-05,6.83947751092e-05,6.38276265884e-05,6.65733038841e-05,6.8194823738e-05,4.41336050814e-05,3.31548736283e-05,3.17380401937e-05,4.1566384287e-05,4.01367696576e-05,5.6184175292e-06,1.76000889161e-05,6.4104147056e-06,7.1943405296e-06,4.2875460189e-06,4.3159086277e-06,0,0,0,0,0,0,0,0,0,0,0,0,0,0
0.0002222755163519,0.0011267808850855,0.0019372091164158,0.0022754968540215,0.0022471274789082,0.0010788734810616,0.0010191104113677,0.0010676300001243,0.0010738660959365,0.0011812028616755,0.0012520446482438,0.0013956898784411,0.0014793392776943,0.001680450032766,0.0015316699941924,0.0014323158843533,0.0014171980691507,0.0014934919995276,0.0018272082157962,0.0018726181882551,0.0019914053604021,0.0020236354359118,0.0018058116002036,0.0019481017998587,0.0018517022299863,0.0015782481556409,0.0001169736405226,0.0001390685083587,0.0001186343141259,0.0001276513855031,0.0001579575083029,0.0001443035907116,0.0001323906146427,0.0001471045918417,0.000119994729941,0.0001334354060186,0.000141555328315,0.000170014589706,0.0001738480220483,0.0001571887185582,0.0001786037011493,0.0001578559969759,0.0001597244283371,0.0001970931798998,0.0001689538786544,0.0001928666255739,0.0001983780089602,0.0001867510922021,0.0001918999986766,0.0001759089462625,0.0002533387637608,9.66523019881e-05,8.42111639095e-05,0.0001081424604852,7.58030473172e-05,7.16020323859e-05,8.19884788743e-05,6.90572565723e-05,6.34235926942e-05,5.512861796e-05,4.49327081347e-05,3.88776597132e-05,3.99285469835e-05,4.15136724714e-05,3.46403214072e-05,6.1677370633e-06,1.38230997438e-05,1.11963667219e-05,5.3699931106e-06,3.1958214694e-06,2.561336862e-06,0,0,0,0,0,0,0,0,0,0,0,0,0,0
0.0001513346913282,0.0009092322620051,0.0015670838550193,0.0021675110329897,0.0018783326277655,0.0010611775070118,0.0011002992930574,0.0010815007338506,0.0011010988727787,0.0012902241953775,0.0012334059398422,0.0011073421650206,0.001067799882622,0.0012373444179398,0.0013203579064448,0.0014101234046831,0.0014499805672287,0.0014203141897715,0.002275007260925,0.0023322861977732,0.0024800793606798,0.0025192750740271,0.0022559278150836,0.0024272571708944,0.0022925583892833,0.0019501847108424,0.0001368069065913,0.0001532878900553,0.0001440574830232,0.0001642663353495,0.0001707225495203,0.0001719889858762,0.0001635967466073,0.0001883904807551,0.0001423474442753,0.0001702833764566,0.000180241439496,0.0001897944970138,0.0001854129556261,0.0001817974192537,0.000184566647567,0.0001832271991484,0.0001804846133049,0.0002444021587616,0.0001951534279079,0.0002344850876248,0.0002029841893675,0.0002162876510198,0.0002162256589286,0.0002109709077996,0.0003180498550027,9.72942611707e-05,8.48488712243e-05,0.0001021394413415,8.54401658046e-05,6.85555499238e-05,8.71904217071e-05,7.66034425381e-05,6.79451364179e-05,7.30921050905e-05,3.57743876398e-05,4.72709480649e-05,4.83321809936e-05,4.78108933787e-05,3.16858910999e-05,1.08913730026e-05,1.24626739853e-05,7.8917028841e-06,7.4452236442e-06,4.0951883006e-06,1.6845705179e-06,0,0,0,0,0,0,0,0,0,0,0,0,0,0
0.0002729648219898,0.0011203041658495,0.0024792096210824,0.0022439651806426,0.0024170195774964,0.0011319146584786,0.0012068654074248,0.0012513574119963,0.0012319284305652,0.001226874031122,0.0012711429255034,0.0013272044674229,0.0015029022409767,0.0015263880045568,0.0014950184481093,0.0009992774274248,0.0010336696735229,0.0010834192486349,0.0019217927062635,0.0019690666890699,0.0020940721828098,0.0021285840315944,0.0019063289676112,0.0020455616836766,0.0019462232655095,0.0016450069009243,0.0001175323522389,0.0001229312692344,0.0001415565760993,0.0001391321413299,0.0001466863941135,0.0001540786950242,0.0001519761731849,0.000170857126542,0.0001331848362477,0.0001434622437481,0.0001325081585605,0.0001738526103887,0.0001654146610026,0.0001588394682695,0.0001674397279584,0.0001742054655259,0.000153094499578,0.0001931074453649,0.0001806877647308,0.0001941229729864,0.0001894638747907,0.0001712220738907,0.0001878516426354,0.0001917877873434,0.0002660806561261,9.45192420574e-05,9.5595654003e-05,9.33775465565e-05,9.20527108533e-05,6.19826430417e-05,6.53482564187e-05,7.3303288168e-05,7.03553971903e-05,8.27449132077e-05,4.51698891678e-05,3.81222639666e-05,4.50320893474e-05,4.65240033068e-05,3.66210058179e-05,6.1340918441e-06,1.33268585786e-05,1.31790512147e-05,8.9685627849e-06,8.9970067609e-06,2.5824425509e-06,0,0,0,0,0,0,0,0,0,0,0,0,0,0
0.0002334313745106,0.001082537999293,0.0018081761006289,0.0020182643376885,0.0021156385681986,0.0011558857876344,0.0011749418237311,0.0012292959371953,0.001237249898155,0.001414506619853,0.0014197004673493,0.0013400620069722,0.0013869576344828,0.0014492848703211,0.0012996065714074,0.0014217840462656,0.001509525012344,0.0014785516147969,0.0020312235619693,0.0020815387070755,0.0022136124833488,0.0022496492188972,0.0020123580612931,0.002165999557256,0.0020529119238188,0.0017406017421267,0.0001163862027106,0.0001275958113252,0.0001386863726584,0.0001405544565077,0.0001534608266943,0.0001498718002871,0.0001503598483587,0.0001621140784059,0.0001215026006309,0.0001363144645597,0.0001445730648261,0.0001662349454973,0.0001626786296619,0.0001641135884977,0.0001671429758091,0.0001609399363051,0.0001649306981007,0.0002189732462322,0.0001832018807418,0.0001960595758888,0.0001912470413134,0.0002047062973221,0.0001850802397633,0.000196672995868,0.0002784902093381,9.38641541138e-05,8.86484167665e-05,9.46444554639e-05,9.25693178383e-05,6.16676248234e-05,8.3471695823e-05,7.1731225067e-05,6.92347174942e-05,7.16081807644e-05,4.26500430526e-05,3.95538819663e-05,3.95680358508e-05,4.20220056331e-05,3.89967514836e-05,6.8112908567e-06,1.728567302e-05,4.8464793878e-06,6.244535856e-06,4.355435209e-06,4.5597646e-06,0,0,0,0,0,0,0,0,0,0,0,0,0,0
0.0002112382631951,0.0009588892872485,0.001698303957003,0.001725516225618,0.0023875737638201,0.0010953666487485,0.0011019925452525,0.0011651180997058,0.0011714689084388,0.0011697524416427,0.0012320700814327,0.0012629034356181,0.0010476874616672,0.0012330079666452,0.001298451865303,0.0016313190507937,0.0016705752731987,0.0016812962340253,0.0017570916991731,0.0018011135833957,0.001915291940539,0.0019458384250344,0.0017406679868551,0.0018734589119349,0.0017780319625689,0.0015093122217955,0.0001197190080678,0.0001237847710821,0.0001320268794193,0.000118625289858,0.0001457225752333,0.000137309573492,0.0001415044511631,0.0001391951747709,0.0001210691493298,0.0001263452673454,0.0001350261691893,0.0001602459344182,0.0001606215592949,0.0001537389570027,0.0001573971195838,0.0001562726667777,0.0001643128750391,0.0001835995838083,0.0001731861115343,0.0001852372724645,0.0001734633282037,0.0001725902290287,0.0001757937086363,0.0001777534606791,0.0002452550652898,9.85245453435e-05,8.74301611714e-05,9.94215781493e-05,7.87985060824e-05,6.48706802169e-05,7.25363332923e-05,6.10119053926e-05,6.57954090819e-05,8.78927839815e-05,3.46611832446e-05,4.17714461854e-05,3.57982450719e-05,3.52354139467e-05,3.40904655571e-05,8.0953158648e-06,1.76276551299e-05,1.51563247918e-05,1.0427495548e-05,7.6897199524e-06,1.7464792727e-06,0,0,0,0,0,0,0,0,0,0,0,0,0,0
0.0002378491913464,0.001154043268221,0.001775761394665,0.0023826086956522,0.0022228943499265,0.0010766624434336,0.0011472372053132,0.0011824817336602,0.0011066792096081,0.0012338590095857,0.0011743969685991,0.0012677358578838,0.0009979240707663,0.0011300666915179,0.0011601624386784,0.00131113074871,0.0013110110882817,0.0012916143045211,0.0019011276141989,0.0019485650642197,0.0020721306069203,0.0021054245048569,0.0018913157828037,0.0020210180891449,0.0019218674357038,0.001632941573161,0.0001168154191053,0.0001260607810879,0.0001227327268968,0.0001337674187946,0.0001528387383419,0.0001526135125254,0.0001352205429873,0.0001555004534335,0.0001287968265411,0.0001342349157194,0.0001471400251469,0.0001573807047939,0.0001601512743442,0.0001597859508135,0.0001532027603382,0.0001600056864511,0.0001609415499523,0.0002035486218351,0.0001628445996667,0.0002062964795738,0.0001795738800352,0.0001745065623872,0.0001824523953997,0.0001972616609313,0.000255581298773,9.42114122364e-05,7.69565567464e-05,9.04517717569e-05,7.17432362943e-05,6.66993035113e-05,7.78678914796e-05,6.08833882178e-05,7.27955541772e-05,6.11723758395e-05,3.94072845235e-05,4.35192308487e-05,4.23648117748e-05,3.55266471279e-05,3.32503298608e-05,5.6132116417e-06,1.79573761853e-05,5.6048408395e-06,1.06146973277e-05,4.6231238471e-06,5.1757270599e-06,0,0,0,0,0,0,0,0,0,0,0,0,0,0
0.0001376895756535,0.0012152199161743,0.0018484573044488,0.0021211432611221,0.0019541651938259,0.00111078080559,0.0010954342692468,0.0012129357326644,0.0010996352084551,0.0011887813133485,0.0011498640365078,0.0012870985451298,0.0011423129358108,0.0013576988000462,0.0011853986423884,0.0013874419231269,0.0014461477217306,0.0014029010969289,0.001867907466948,0.0019146089997844,0.0020360021114451,0.0020685970023606,0.001853348728263,0.0019925568615915,0.0018903898709689,0.0015999953471802,0.0001276164082263,0.0001285827407486,0.0001287702721964,0.0001381495795315,0.0001542862803137,0.0001407985132274,0.0001379229039222,0.0001488734159146,0.0001383165815447,0.0001338127492223,0.0001481447253896,0.0001570703192386,0.0001651140114878,0.0001542585690211,0.0001633886368774,0.000156701538011,0.0001656669791131,0.0002038447936728,0.0001789717798535,0.0001868429087134,0.0001832256377819,0.0001827702567158,0.0001813498631458,0.0001838862075702,0.000258785951723,9.20505555356e-05,8.36901121081e-05,9.2572507067e-05,9.40023918656e-05,6.8568255499e-05,7.39234467993e-05,5.94808933376e-05,5.99359226023e-05,7.15566861932e-05,3.89279705991e-05,4.73436154729e-05,3.75563450193e-05,3.93855826335e-05,3.13087261368e-05,9.1846088555e-06,1.24965522405e-05,1.09649622013e-05,5.8645688489e-06,8.494544444e-06,3.0344272786e-06,0,0,0,0,0,0,0,0,0,0,0,0,0,0
0.0005752995259713,0.0011535714001099,0.0020551245919284,0.0021528487781759,0.0016857564958626,0.0011369375821858,0.0010990645883987,0.0011593663348007,0.0010967665799107,0.0011178286725327,0.0010882716386779,0.0011856055204593,0.001248998981534,0.001257359761048,0.001204304031065,0.0013176810490768,0.0013262858036857,0.001472511468135,0.0019675274183606,0.0020166453144608,0.0021445232066997,0.0021789501707543,0.0019507918324896,0.0020962494099599,0.0019831661284061,0.0016803975294862,0.0001163583458694,0.000128291928127,0.0001333942939221,0.000148529187885,0.0001522052122699,0.000152591477269,0.0001427644541062,0.0001619566139062,0.0001344928727767,0.0001410312390964,0.0001413363873213,0.0001583105434049,0.0001671403287602,0.0001662504050919,0.0001666820608552,0.0001700711031333,0.0001559555340613,0.000204252249357,0.0001876473305794,0.0002038981011551,0.0001902623516381,0.0002029319925492,0.0001888430638334,0.0001731859530727,0.0002700086068938,8.93910063581e-05,7.6609929742e-05,9.1955693721e-05,7.84001582253e-05,6.88543501932e-05,8.71039887287e-05,7.91110547013e-05,7.52181026281e-05,7.58292666767e-05,3.70647048586e-05,3.95986949911e-05,4.39515026773e-05,4.48579979867e-05,3.6559092473e-05,8.1552964666e-06,1.7926727693e-05,6.6357526264e-06,1.23846224906e-05,7.982193901e-06,1.6882285449e-06,0,0,0,0,0,0,0,0,0,0,0,0,0,0
0.0001431865183385,0.0010416819209122,0.0020042044768567,0.002212963912116,0.0016027127336747,0.0009622489462413,0.0009590334382458,0.0009948103289153,0.0009592985849894,0.0010646634295032,0.0011707502570913,0.0013575491259589,0.0011842688875083,0.001247586675291,0.0013695388455309,0.0011264858553923,0.0011467206627026,0.0012478263659926,0.0029386280415886,0.0030106204518026,0.0032018093102161,0.003254953003597,0.0029132203152695,0.0031230320543458,0.0029663139273735,0.0025167463763043,0.0001557126342639,0.0001640575222319,0.0001642016023154,0.0001887561068901,0.0002015998872314,0.000194932705545,0.0001913998536271,0.0002106202839119,0.0001771329548077,0.0001931509457217,0.0001875207589503,0.0002252353761292,0.0002242012589395,0.0002096324639899,0.0002219153567338,0.0002083114871532,0.0002114142843869,0.0002898406503937,0.0002450499182892,0.000271767924056,0.0002470999164602,0.0002474894691722,0.00025015684791,0.0002541542786795,0.0003701177235799,0.0001057538801731,9.92299963893e-05,0.0001042669969833,9.35618631824e-05,8.28015601667e-05,7.88134618034e-05,8.58446727511e-05,7.98230711319e-05,7.88112719129e-05,4.10688458824e-05,4.90897991043e-05,5.12706953962e-05,4.52596510821e-05,4.15869709471e-05,7.9834066348e-06,1.41678824981e-05,1.06294685582e-05,1.04354726562e-05,9.0567230121e-06,2.6189100443e-06,0,0,0,0,0,0,0,0,0,0,0,0,0,0
0.0001606897903194,0.0014278046162104,0.0020096447954741,0.0020720974022101,0.0023097240327514,0.0011238155217506,0.0011415274225106,0.0012438038028403,0.0012334811927864,0.0011434062514149,0.0011698861357194,0.0011970710305927,0.0012618158789953,0.0013487749472501,0.0015010519618868,0.0011802033742652,0.0012207792439687,0.0011596711133804,0.0008016146811258,0.0008186789314556,0.0008711993973073,0.0008889411542796,0.0008199038704319,0.0008572574837772,0.0008158188068323,0.0006967740709096,7.09378721515e-05,5.21708843455e-05,7.64418630374e-05,5.65434424033e-05,6.80920847402e-05,6.87525704485e-05,7.85987892393e-05,7.64371493527e-05,6.91082207848e-05,8.82181576595e-05,6.7884688407e-05,8.47064771685e-05,8.0385911144e-05,9.38169954346e-05,9.36168369142e-05,8.93645596486e-05,8.44699071931e-05,9.28556752407e-05,9.11630032447e-05,9.59279515059e-05,0.0001039575861156,9.55406737847e-05,9.31869821472e-05,8.81192471847e-05,0.0001107524762729,7.0953539037e-05,6.498321948e-05,6.35681615567e-05,6.34801290241e-05,5.58548427543e-05,5.36259891651e-05,5.20340721441e-05,5.67204029071e-05,5.28565455965e-05,3.31752743082e-05,2.92652399906e-05,2.54990645438e-05,3.30040671737e-05,2.70085672571e-05,3.0677283405e-06,1.97045907366e-05,8.5441149872e-06,6.1844856818e-06,7.1575976255e-06,1.3698373302e-06,0,0,0,0,0,0,0,0,0,0,0,0,0,0
0.0002581688245951,0.0009279425085251,0.0018097626278772,0.0022058823529412,0.0015567555147059,0.0010964218081176,0.0010824257850603,0.0011375476947038,0.0010648151624905,0.0011955519462132,0.0012322333519936,0.0013023982781532,0.0012682094576143,0.0013939051430713,0.0013774751130593,0.0013291371265771,0.0014088714876896,0.0013182716167034,0.0008298999046746,0.0008460198352965,0.0009006139409363,0.0009209310809109,0.0008573541800373,0.0008843081675468,0.0008409906070443,0.0007226121579214,4.70970483518e-05,4.21000071916e-05,5.35574071482e-05,5.32297441257e-05,5.92617332281e-05,5.39396693285e-05,5.88931497574e-05,5.1650416191e-05,5.67321035005e-05,6.36332354365e-05,6.5237059022e-05,7.11657679599e-05,6.37535239447e-05,7.16723162315e-05,8.35899636459e-05,6.88859375555e-05,7.19142441796e-05,7.91266415129e-05,9.00931927604e-05,8.85261992802e-05,9.0142264057e-05,7.62580769689e-05,8.27862896657e-05,7.37933882074e-05,0.0001015442989245,6.34975047883e-05,5.81701880082e-05,6.72003384361e-05,6.38769307138e-05,5.11201296515e-05,4.4282353479e-05,4.90660487956e-05,4.61812013551e-05,5.66840936279e-05,3.28148163504e-05,3.28517259533e-05,2.80265846646e-05,2.42285136506e-05,2.61891683526e-05,3.6018321518e-06,1.10207998146e-05,1.25094730421e-05,5.0447204872e-06,4.9305654682e-06,7.313056329e-07,0,0,0,0,0,0,0,0,0,0,0,0,0,0
0.0001735618677148,0.0012535961748855,0.0021096715155936,0.0023371760065913,0.0026859036697867,0.001164086263952,0.0011878646774783,0.0012334834021891,0.0011819420835878,0.00119945915061,0.0011862608457002,0.0012145425745351,0.0013108992181473,0.0013417483728799,0.0014970478721397,0.0015114177665731,0.001507232174007,0.0015512874949471,0.0008551890431257,0.000871736435471,0.0009280032486589,0.0009490198669486,0.0008855683304651,0.0009149906715936,0.0008707756789999,0.0007471074258209,5.89372549214e-05,5.15119735477e-05,7.01575038422e-05,6.02279491623e-05,7.53519929423e-05,6.86156357627e-05,7.19287217965e-05,6.12433742604e-05,6.40904579546e-05,5.92077461645e-05,6.5877957032e-05,8.31709304075e-05,7.25389696335e-05,8.27311473424e-05,9.96621921984e-05,7.65768227834e-05,9.36419977617e-05,9.65826940085e-05,8.92329932902e-05,9.58352291347e-05,0.0001039386349384,9.08837990918e-05,9.28528990968e-05,8.98132031869e-05,0.0001081903707049,6.29831330428e-05,6.8139765348e-05,7.25914003454e-05,6.59823060805e-05,5.77105109046e-05,5.09693981389e-05,7.96555110048e-05,5.13642352981e-05,5.69803563656e-05,3.18698552024e-05,3.43731600494e-05,3.15995925337e-05,3.14548499788e-05,2.54799257552e-05,9.5703154529e-06,1.16758701941e-05,1.11645471119e-05,3.0145174521e-06,4.9965437916e-06,7.749924789e-07,0,0,0,0,0,0,0,0,0,0,0,0,0,0
0.0002760195904904,0.0012369990460073,0.0022844071357965,0.0021048218897336,0.0024663212971541,0.0012377802976451,0.0011503383205471,0.0011641582898457,0.0012336385679314,0.001258364224036,0.0011809417194403,0.0012480759621773,0.0013159922747351,0.0012595569618463,0.0014779434899771,0.0015063326650006,0.0015370994106131,0.0015612008233045,0.000831860590225,0.0008481488888341,0.0009028534046843,0.0009230543160304,0.0008559364766366,0.0008872044591907,0.0008447807172574,0.0007198243562861,7.05411291292e-05,5.39709851481e-05,6.83117795662e-05,4.84482913803e-05,6.41608319434e-05,7.84691680113e-05,6.85581003563e-05,6.70673176879e-05,6.27590826805e-05,5.97410617633e-05,6.80901730541e-05,7.38772203894e-05,8.22875980413e-05,7.10741369035e-05,8.20039689297e-05,7.82989506973e-05,6.70686883357e-05,8.25518183354e-05,8.98831552351e-05,9.57758017677e-05,8.41730500635e-05,7.3656161533e-05,9.63409824976e-05,7.82415101251e-05,9.91971807363e-05,6.4265979925e-05,6.61807885886e-05,6.74196066415e-05,6.92829306406e-05,4.30398878242e-05,5.21815705934e-05,4.83364005873e-05,5.45427072876e-05,4.93071535995e-05,3.02600979018e-05,3.32896775104e-05,2.38310612093e-05,2.67425173362e-05,2.72124722158e-05,4.8576039097e-06,1.50723926409e-05,8.824109311e-06,7.3711139682e-06,5.9900245078e-06,5.889649713e-07,0,0,0,0,0,0,0,0,0,0,0,0,0,0
0.0001768904067604,0.0005446823416087,0.0010911160733832,0.0010267524847848,0.0014479618196944,0.0008262454221905,0.0007981657168469,0.0008639383366114,0.0008513225968162,0.000795362950548,0.0008406267725732,0.0008864759451163,0.0010284913327382,0.0011010885231118,0.001045691659665,0.0010616495876682,0.0010161611925378,0.0010773802659005,0.0006975113202268,0.0007112959341727,0.000757147325628,0.0007739256716189,0.0007174999327456,0.0007433550250719,0.0007056878308974,0.000604520695871,4.30915045157e-05,4.11943155957e-05,4.02794298113e-05,4.50869352278e-05,4.89890395181e-05,4.84025257117e-05,4.89735195418e-05,5.27211448659e-05,5.33246973121e-05,4.95535448622e-05,5.17339906901e-05,5.15101815675e-05,5.49133023285e-05,5.64446471588e-05,6.05576767312e-05,5.38419059973e-05,6.43163633504e-05,6.72465738649e-05,6.14433378696e-05,6.47752259776e-05,7.03503908479e-05,6.95204220888e-05,7.1344130495e-05,6.97613138393e-05,8.91254980549e-05,5.74073036405e-05,5.37703454364e-05,5.98655015837e-05,4.3695238382e-05,3.26558140765e-05,3.93756448065e-05,3.60758920669e-05,4.15412399154e-05,4.8018147123e-05,2.59175340457e-05,2.73358716626e-05,1.88497373022e-05,2.04476374604e-05,1.66509613988e-05,6.2494222711e-06,1.04832523729e-05,4.506413054e-06,3.6991739591e-06,2.3135811888e-06,8.767956716e-07,0,0,0,0,0,0,0,0,0,0,0,0,0,0
0.0001183381729565,0.0009425431444656,0.0019218119288143,0.0016206616817731,0.0014735142846417,0.000690220940376,0.0007349447990566,0.0008027937130725,0.000769393048569,0.0008290318637462,0.0007988395959441,0.0008294533040372,0.0008041119968172,0.0009030074815256,0.0009270775579906,0.0008518302308817,0.0008904638187637,0.0009036894501613,0.0008028606719358,0.0008191818060399,0.0008718936164472,0.0008906331192842,0.0008210457157366,0.0008524930423741,0.0008099258926917,0.0006924434719618,5.21967333616e-05,5.21411638549e-05,4.66133104492e-05,5.31519090264e-05,5.54150278094e-05,5.15981456215e-05,4.7262139529e-05,6.05744388998e-05,4.84873993381e-05,4.57610461941e-05,5.9837635241e-05,5.63208466803e-05,5.88275684757e-05,5.34591565178e-05,7.1200798597e-05,5.6270281808e-05,6.8636148606e-05,7.97076982765e-05,6.03729865303e-05,8.17137042565e-05,7.33124287606e-05,7.56403383277e-05,7.16838469357e-05,8.224798305e-05,7.90620007076e-05,5.13671627265e-05,4.34095736774e-05,4.92759672964e-05,4.93723814117e-05,3.66970898495e-05,3.62879180723e-05,4.36925418272e-05,4.51472668544e-05,4.05735449026e-05,2.0018574187e-05,3.1977237706e-05,1.79978383058e-05,2.12053084436e-05,1.76587342482e-05,2.7986678594e-06,9.4872568449e-06,3.9387565047e-06,1.00883462449e-05,7.6471105329e-06,9.764505426e-07,0,0,0,0,0,0,0,0,0,0,0,0,0,0
0.0002646117651453,0.0006223846011087,0.0016745109178075,0.0018611484768219,0.0015984829333166,0.0007964372653227,0.000834960533605,0.0008834091667027,0.0008318782092274,0.000817145613423,0.0008461425098248,0.0009976508844537,0.0011222609786393,0.0010885437595688,0.001212714932985,0.0008768799994502,0.0009407662872351,0.0009031889850953,0.0007833111449569,0.0007978422752207,0.000849469069636,0.0008695076924842,0.0008182452261628,0.0008289251120312,0.00078789500845,0.0006787082976645,4.30732995263e-05,3.72182288801e-05,4.65394113542e-05,5.10272884991e-05,4.53654983155e-05,5.26862358611e-05,4.4820185581e-05,4.89021941849e-05,4.75988584216e-05,4.11309660551e-05,5.12696433826e-05,5.5570197516e-05,5.60599602542e-05,6.54041893034e-05,6.55167816409e-05,5.22889774844e-05,5.75644934509e-05,6.97308672291e-05,6.74337639164e-05,6.99212524708e-05,6.14019108437e-05,5.88896740359e-05,5.74330482939e-05,7.43823127303e-05,8.57484019507e-05,4.96298961069e-05,4.78940101735e-05,7.66808238718e-05,4.55393183059e-05,3.34785249359e-05,4.35063450582e-05,4.71885407156e-05,4.48031955021e-05,3.50985968803e-05,2.40886964754e-05,3.33310680641e-05,2.02641757621e-05,2.78911247195e-05,2.59889265674e-05,2.980363782e-06,7.3850850582e-06,5.6063352989e-06,6.9461336442e-06,3.9777369398e-06,2.1674801995e-06,0,0,0,0,0,0,0,0,0,0,0,0,0,0
7.42625726536e-05,0.0007240600833721,0.0018143996778655,0.0014925126823971,0.001672393136158,0.0009864847521399,0.000969516426435,0.0009714180256715,0.0011114534458627,0.0010017187085954,0.0010145139062332,0.0008905762708088,0.0009739495645951,0.0011290482876462,0.0010895499451655,0.0010165064130996,0.0010924999152288,0.0010499054074685,0.0007508954687089,0.0007652671674924,0.0008146945037144,0.0008333468230604,0.0007779391518888,0.0007965373902084,0.000757928087027,0.0006494709466087,4.92848164832e-05,3.5609945828e-05,3.77970791241e-05,4.99911650441e-05,5.26290285189e-05,5.4551359181e-05,4.92108821522e-05,6.02156978834e-05,5.07262496934e-05,4.38734882633e-05,5.83025878951e-05,5.62210248776e-05,5.63658918303e-05,5.96299496782e-05,5.76728215878e-05,5.53766778494e-05,5.36811164309e-05,6.28001221025e-05,6.57168439026e-05,6.85251838374e-05,6.72338876225e-05,7.14941533566e-05,5.87620466415e-05,7.18092202726e-05,8.09592455673e-05,5.49313398685e-05,4.57710289905e-05,5.02061712365e-05,5.21764158418e-05,3.91429925188e-05,4.56459328627e-05,4.54919260183e-05,4.12137588501e-05,4.27500668498e-05,1.93315532885e-05,2.66113321849e-05,2.4867163201e-05,2.3807392092e-05,1.9657525073e-05,3.8663320497e-06,8.6779246753e-06,1.15637708152e-05,2.6913542626e-06,3.9516478611e-06,3.1125841681e-06,0,0,0,0,0,0,0,0,0,0,0,0,0,0
0.0002177658616298,0.001124891334835,0.0014458782148774,0.0015024973389012,0.0013848166672764,0.0008393817830878,0.0009097443073734,0.0008851493831634,0.0008843993273594,0.0008787307522273,0.0009697054896697,0.0010137614257468,0.0013176619742643,0.0013194491961796,0.0012055991546546,0.0010389361432607,0.0010509222861054,0.0010502459881768,0.0006869812304814,0.0007010252459339,0.0007461177938078,0.0007620535323203,0.0007016467856326,0.0007394082938651,0.0006928995734474,0.0005966309052138,4.52391585948e-05,4.11093662078e-05,6.74826918975e-05,4.66946879318e-05,4.84280495626e-05,6.06783123324e-05,5.1015126259e-05,5.50300559818e-05,5.72689009162e-05,5.799592281e-05,5.33491159037e-05,5.06074991628e-05,5.4678380821e-05,5.37163492938e-05,6.07909815635e-05,5.98825805272e-05,4.92572445362e-05,7.1317299798e-05,8.15911194907e-05,7.48188853473e-05,9.48130596766e-05,6.34224956865e-05,7.40597509465e-05,7.64217540351e-05,8.43817765271e-05,5.40383363743e-05,5.93074108591e-05,5.87954536654e-05,4.97931719425e-05,4.77641744732e-05,4.33047848528e-05,3.76216117781e-05,4.5129352936e-05,4.81338038703e-05,3.07400654547e-05,3.19492400122e-05,2.54808088869e-05,1.80467647371e-05,1.99634640668e-05,6.6704927283e-06,6.2004711136e-06,1.04338478097e-05,4.3424833804e-06,4.334213931e-06,3.705995012e-06,0,0,0,0,0,0,0,0,0,0,0,0,0,0
0.0001235137677623,0.0007185371443122,0.0008249870916177,0.0009151689406639,0.0009614092416944,0.0007215375991674,0.0006996688479455,0.0008154705431074,0.0007117375544377,0.0007434757434511,0.0007259297877828,0.0007782722212038,0.0008340374581602,0.0007883530125573,0.0008609798622251,0.000642237065133,0.0006240998010561,0.0006348838479229,0.0003639140582062,0.0003707537752206,0.0003947261176995,0.0004039238330884,0.0003754657744637,0.0003872069717287,0.0003677561045007,0.000319543631518,2.60040997584e-05,2.13842480746e-05,2.98220088538e-05,2.33580263335e-05,3.34652923389e-05,2.82917749089e-05,2.61092556163e-05,3.06740006501e-05,2.68972035985e-05,2.79910396538e-05,3.29754202772e-05,3.01630438665e-05,3.25569320626e-05,3.32107989726e-05,4.49088072508e-05,3.93357717325e-05,4.07497339635e-05,3.54295637472e-05,4.52084676481e-05,4.52311095916e-05,3.79513736502e-05,4.14699644967e-05,4.08943175766e-05,3.7914895746e-05,4.46315532302e-05,3.44260258652e-05,3.48487263926e-05,3.3378579436e-05,3.1016969555e-05,2.61673492225e-05,2.16867887025e-05,2.62077728735e-05,2.07137263274e-05,3.12013914736e-05,1.58868804015e-05,1.82177525192e-05,2.26201128978e-05,1.09071571371e-05,1.63328035337e-05,2.1131117576e-06,3.5704735315e-06,4.8300708083e-06,1.136160964e-06,4.1044531637e-06,1.9398393801e-06,0,0,0,0,0,0,0,0,0,0,0,0,0,0
5.50785046364e-05,0.0002549601746877,0.0007736753175453,0.0005623337650777,0.0008271547688213,0.0007386380143213,0.0007460322661464,0.0007859506321169,0.0007061381951662,0.000702019256715,0.0007650749882563,0.0007879586938542,0.0005466077804054,0.0005339015577744,0.0005957368181989,0.0008313571284362,0.0008204416827071,0.0008355511824757,0.000483662687265,0.0004930141954248,0.0005248375923005,0.0005367327155345,0.0005020979388608,0.0005125522793877,0.0004881528818519,0.0004191549357979,3.43835336695e-05,2.85216870666e-05,2.47951695634e-05,3.21265226521e-05,3.00457300227e-05,3.62481365394e-05,2.69036955143e-05,3.34807361459e-05,3.82014240281e-05,2.75425350017e-05,4.34579365099e-05,4.65170035214e-05,3.66935613912e-05,3.01987928945e-05,4.24786764489e-05,2.96918415906e-05,3.54269516548e-05,4.70391425086e-05,3.83372479242e-05,4.21481355953e-05,4.59552480162e-05,4.60161047039e-05,4.99728489913e-05,4.07006814766e-05,5.36033885769e-05,3.05137754223e-05,3.50547287848e-05,3.61725151237e-05,3.42854702421e-05,2.77313151904e-05,3.48076368262e-05,3.64365739767e-05,2.8650327234e-05,3.25837596741e-05,1.83048546828e-05,1.83810684057e-05,1.54316460974e-05,1.15363027827e-05,1.4132853969e-05,3.6121180403e-06,4.1412277505e-06,4.230096263e-06,4.1222556236e-06,1.8359247137e-06,1.9055984977e-06,0,0,0,0,0,0,0,0,0,0,0,0,0,0
6.92880651308e-05,0.0002687899078349,0.0006865093349739,0.0010855130203822,0.0006793416040983,0.0005977433962578,0.0005781676977736,0.0005976351291313,0.0005588483244289,0.0006012843642262,0.0006520741573874,0.0007486032592652,0.0006917365929607,0.0007127541540332,0.0004264101588027,0.0005584544532759,0.0006114216439444,0.0006209640890326,0.0005154366633853,0.000526184196173,0.0005599867892069,0.0005716780081436,0.0005267223743078,0.0005456798287453,0.0005199595563769,0.0004419920847474,2.69268633167e-05,2.56030689953e-05,3.54397223156e-05,3.12595993662e-05,4.04149981062e-05,4.65892758609e-05,3.93079589559e-05,3.85361113637e-05,3.64413502736e-05,3.07906780369e-05,3.80070025963e-05,4.31839157e-05,3.75802634117e-05,5.10498521722e-05,4.39013307546e-05,3.18514059094e-05,4.07733053618e-05,5.38964573603e-05,5.0748485907e-05,4.72489857969e-05,4.41342837307e-05,5.0198722566e-05,4.44237025163e-05,5.06236294061e-05,6.27377502259e-05,2.97938650838e-05,3.35133112956e-05,3.72648581273e-05,2.75044298969e-05,2.14289842253e-05,2.19539505862e-05,2.48242416912e-05,3.00018446532e-05,2.91214245267e-05,2.54697685548e-05,1.72930261322e-05,1.13752342257e-05,1.41892947391e-05,1.33215872223e-05,3.240141908e-06,2.116531873e-06,7.414500726e-06,1.565776979e-06,1.2094460731e-06,9.497128753e-07,0,0,0,0,0,0,0,0,0,0,0,0,0,0
7.51245274759e-05,0.0006529078453905,0.0011038434156356,0.0012366997676266,0.0008423129718367,0.0006837430045817,0.0007092211517233,0.0007049922537171,0.0007016980435913,0.0006852360370003,0.0006837026806982,0.0006674558513422,0.0004066365908162,0.0004759186460436,0.0007373324472915,0.000808982248953,0.0008688704409071,0.0009019803810826,0.0004912679749367,0.0005013451477135,0.000533586467395,0.0005449392574419,0.0005009751504158,0.0005250415828185,0.0004938133881959,0.000427516364386,3.86491332507e-05,2.86276801239e-05,3.26748038486e-05,3.3541867162e-05,3.40462927585e-05,3.91552112651e-05,3.9408623171e-05,4.55259476316e-05,2.77869209543e-05,4.12430517793e-05,4.05962818928e-05,4.6208852213e-05,4.05843306365e-05,3.80963596961e-05,4.53476011682e-05,4.19627469895e-05,4.26438816308e-05,5.36319819728e-05,5.27413486907e-05,5.04775114653e-05,4.36985357597e-05,4.23462315475e-05,4.68642712099e-05,5.19747726811e-05,5.57114030111e-05,3.87920938796e-05,2.91438616383e-05,3.73145981506e-05,3.10480774103e-05,2.33836650062e-05,2.60201677267e-05,3.43705305588e-05,2.88939355102e-05,2.07477937877e-05,1.23542094936e-05,1.30046464619e-05,1.42736147603e-05,1.92700438377e-05,1.65097244289e-05,2.0916427241e-06,4.7400547315e-06,2.5185356889e-06,2.1256074681e-06,3.1023660933e-06,1.9261682432e-06,0,0,0,0,0,0,0,0,0,0,0,0,0,0
9.68093837561e-05,0.0004079093061858,0.0013264727613598,0.0009613396945081,0.0009406679233466,0.000646690790187,0.0006195157561428,0.000710743481948,0.0006971921828807,0.0006234671354612,0.0006418467796553,0.0005687498672998,0.0005576349508547,0.0005880112385843,0.0004648228460151,0.0008600459950712,0.0008492373914062,0.0008794289667194,0.0005154164568298,0.0005250635333211,0.0005590216070534,0.0005720990155309,0.0005324440814339,0.0005468090713905,0.0005192410491453,0.0004502731326777,3.54692118775e-05,2.41413501555e-05,2.18417214063e-05,3.07580062601e-05,2.59392868587e-05,3.66235770689e-05,3.37976878099e-05,3.25859216687e-05,3.35318580827e-05,3.37162726747e-05,4.2435784673e-05,4.29282414927e-05,3.77976093883e-05,3.34338356736e-05,3.88469936502e-05,4.14064542224e-05,3.63623088575e-05,3.63217593642e-05,4.24236846101e-05,4.78689117209e-05,4.32040443312e-05,4.05005077036e-05,3.80692179124e-05,4.32864611345e-05,5.23111354648e-05,3.24400317076e-05,3.21918544473e-05,3.08882478015e-05,3.22852674884e-05,1.94586506955e-05,2.2142621295e-05,3.27274760912e-05,2.43796617979e-05,2.34537576009e-05,1.89046261492e-05,1.62804250565e-05,1.36940874722e-05,1.68711150921e-05,1.29529868878e-05,2.4093250681e-06,8.5158561531e-06,2.4166446346e-06,1.4303736936e-06,1.5443859261e-06,3.7762321892e-06,0,0,0,0,0,0,0,0,0,0,0,0,0,0
2.1055867533e-06,7.4221933055e-05,0.0001170706234853,0.0002895181785832,0.0003508960324429,0.0001425595267792,0.0001615286541372,0.0001588801223776,0.0001569596185867,0.0001667759352721,0.0001439023276524,0.000140999133284,0.0001933323517825,0.0001750852541879,0.0001470467640095,0.0001830072311093,0.0001926230932766,0.0002075396138531,7.98387816141e-05,8.13668490595e-05,8.66221987944e-05,8.86054022001e-05,8.23059120538e-05,8.69189797925e-05,7.99955106079e-05,7.11791721029e-05,4.0691107747e-06,5.2695383532e-06,4.7915686655e-06,3.5621900952e-06,9.9189388216e-06,6.9019662903e-06,7.2787220752e-06,7.0553305325e-06,1.12509995658e-05,5.905101919e-06,6.4684558319e-06,8.7906603308e-06,6.2650123361e-06,5.2268027018e-06,7.4970862664e-06,5.9628853771e-06,6.6605825355e-06,1.28440032924e-05,7.3104686034e-06,8.6014441561e-06,1.05546076668e-05,7.0338443135e-06,1.14891010091e-05,9.9337506285e-06,1.03309898149e-05,3.7906479059e-06,4.5547504066e-06,1.19354333645e-05,5.928916235e-06,7.5132891607e-06,3.6102530762e-06,3.8610931053e-06,4.9330419963e-06,8.0621573452e-06,2.5162086249e-06,4.2806983662e-06,3.4265571623e-06,2.1989142455e-06,2.4786329808e-06,5.91632109e-08,2.868710692e-07,5.302027953e-07,4.408971749e-07,4.042863422e-07,3.81580804e-08,0,0,0,0,0,0,0,0,0,0,0,0,0,0
4.71510819932e-05,0.0001712328767123,0.0004815614453047,0.0005302015088346,0.0004747369465952,0.0004157759822126,0.0004258357257114,0.0004289699609837,0.0004270007483079,0.000407444224677,0.0004182797153723,0.000455513906555,0.0002587217567384,0.0002594705458962,0.0002164907401043,0.0004839144470348,0.0003942291337816,0.0005239596469071,0.0001142164913962,0.0001163145441334,0.000123845332,0.0001267933892092,0.0001244643947768,0.0001212482066382,0.0001214666037444,0.000100875865817,1.58475334422e-05,1.01873192696e-05,1.04756882514e-05,7.7092093396e-06,1.57709152048e-05,1.02336002668e-05,1.01035882736e-05,1.46455497464e-05,1.29723112866e-05,1.51324789515e-05,1.68338252256e-05,1.43113830943e-05,2.24323255887e-05,2.1375588932e-05,1.94465378254e-05,2.20151797145e-05,1.75936815746e-05,1.73218364278e-05,1.87192159109e-05,2.57272379948e-05,2.70874275917e-05,2.65209536983e-05,1.84238552724e-05,2.5735904962e-05,2.16084468169e-05,2.8696497297e-05,1.64255208196e-05,1.7161929751e-05,2.16820497562e-05,1.48542659908e-05,1.44242043709e-05,1.12761649767e-05,1.30495778251e-05,8.8324861634e-06,5.0108905932e-06,5.7842456782e-06,2.6380540246e-06,5.8731226091e-06,1.03254755856e-05,3.381050632e-07,3.1508620942e-06,1.1102685842e-06,1.3248023713e-06,1.852601329e-07,3.203591167e-07,0,0,0,0,0,0,0,0,0,0,0,0,0,0
1.48111943007e-05,0.0001160210220218,0.0003011609507799,0.0003554686632157,0.0002715385621786,0.0002203515673496,0.0002129472453329,0.0001557114379801,0.0002129583240692,0.0002189906743324,0.0003144611791504,0.0003037968738443,0.0002998958298061,0.000328460359724,0.0002408921855507,0.0002550695220106,0.0003145921582185,0.0002634095997291,0.0001368571041545,0.0001390826318379,0.0001481473254562,0.0001520433205663,0.0001454430021351,0.0001497535256216,0.0001428723340775,0.0001173617190219,6.1293819979e-06,6.6219939587e-06,1.01997010219e-05,4.2587628507e-06,6.9928682745e-06,1.41028122956e-05,1.23125874536e-05,7.6238790974e-06,1.01019456155e-05,1.13183935336e-05,1.50240952352e-05,8.4007079822e-06,1.03301596022e-05,1.42162293882e-05,1.47622004673e-05,7.9761675055e-06,1.41751990877e-05,1.09107396202e-05,1.84138574543e-05,7.1751999385e-06,2.31668980892e-05,8.2339894807e-06,1.60804504434e-05,9.4760943655e-06,1.61261584821e-05,1.23773970306e-05,1.85458104852e-05,1.63237050602e-05,1.26266977212e-05,6.3516552583e-06,5.9567738044e-06,8.5150216079e-06,1.72973999828e-05,1.47843944692e-05,6.7428479552e-06,5.8771751349e-06,9.1926674816e-06,3.1040920192e-06,2.9147097016e-06,6.215952717e-07,1.1044061542e-06,1.2365417511e-06,6.456882217e-07,7.740297543e-07,2.843114404e-07,0,0,0,0,0,0,0,0,0,0,0,0,0,0
8.2501443775e-06,0.0001216896295685,0.0001629403514562,0.0001849407364629,0.0003966944421527,7.62685653832e-05,0.0001023412045798,8.44414232508e-05,8.23093437271e-05,0.0001046590476209,0.0001269501230664,0.0001081373874556,0.0001487294265647,0.0001948137084811,0.0002357028714581,0.0001667142528166,0.000194098012575,0.000146613503512,0.0001639606671524,0.0001672937785252,0.0001780586146958,0.000181885606719,0.0001695367973091,0.0001726631060069,0.0001635107071579,0.0001405467582435,1.08225371982e-05,8.7872078386e-06,9.1411958416e-06,9.357016215e-06,7.3046008257e-06,1.05688751746e-05,1.2359933798e-05,8.8554129868e-06,6.3426841846e-06,7.8904194965e-06,1.41166874945e-05,1.3395965702e-05,1.10096179637e-05,8.3575271175e-06,7.3624717908e-06,9.972420791e-06,7.5740339263e-06,1.14673397192e-05,1.39599849193e-05,1.02993369375e-05,1.77564222102e-05,1.7372251319e-05,9.5813923698e-06,1.97025948693e-05,1.76373349048e-05,9.9808445396e-06,8.3319254499e-06,4.9101741572e-06,1.17504228551e-05,5.8084752394e-06,1.69970448402e-05,1.17530690143e-05,4.4849095132e-06,6.8548613361e-06,1.7669782279e-06,6.3805007822e-06,2.1626737438e-06,2.9185760226e-06,1.921911978e-06,5.758435019e-07,1.4680921914e-06,7.193236337e-07,2.441547969e-07,4.697330426e-07,8.13849323e-08,0,0,0,0,0,0,0,0,0,0,0,0,0,0
2.49444984909e-05,0.0002416498291302,0.0003414278230936,0.0002681533587767,0.0002743894833994,0.0001324048708818,0.0001277592985799,0.000133873920436,0.0001292885466401,0.0001498748869765,0.0001349824844409,0.0001731240400795,0.0002611340212819,0.0002233906105173,0.000198518877744,0.0001011880782338,0.0001260766331054,0.0001173808578594,0.0001475890883364,0.0001500269397284,0.0001597970746934,0.0001639509305952,0.0001558831472289,0.0001544469330909,0.0001494598095183,0.0001288865597823,6.7676107831e-06,9.7023926518e-06,9.0724722424e-06,3.2960645945e-06,5.2479716276e-06,7.659329051e-06,4.8102094185e-06,1.42456196945e-05,1.68035824827e-05,1.55252446377e-05,1.0368058693e-05,1.00420466646e-05,1.38343334002e-05,7.1170722411e-06,9.0691238713e-06,6.738494765e-06,5.1107015882e-06,7.1516014277e-06,1.58783232487e-05,8.1448887342e-06,1.48467183418e-05,8.5788388945e-06,1.57353760032e-05,1.43981741966e-05,1.73554715725e-05,1.3097110113e-05,9.2331415308e-06,9.2276961933e-06,1.08266342276e-05,4.1189510193e-06,1.46081528445e-05,7.6311274295e-06,7.4663019613e-06,7.7573850456e-06,7.2375426269e-06,3.2219530744e-06,1.8940529187e-06,4.8297592624e-06,2.3527962011e-06,5.986882301e-07,2.327709071e-07,9.776955008e-07,5.325931873e-07,2.073699272e-07,6.45429717e-08,0,0,0,0,0,0,0,0,0,0,0,0,0,0
3.5573769325e-06,1.77868846627e-05,0.0001458524542343,0.0001280655695716,0.0001636393388971,7.0880201667e-05,8.87034928563e-05,7.36874478886e-05,0.0001126832700984,0.0001354470651025,9.07405411695e-05,0.0001030881489711,0.0001933498736679,0.0001525594705379,0.0001583199959357,6.49043569424e-05,6.33187110343e-05,7.10908026675e-05,5.30236079954e-05,5.41015103601e-05,5.75827748801e-05,5.88203944164e-05,5.75696292862e-05,5.65927930755e-05,5.37274335525e-05,4.52082205434e-05,1.8221870349e-06,1.8898815986e-06,3.9348006767e-06,5.1656349975e-06,7.8934652611e-06,5.6839553776e-06,3.7846822663e-06,4.9121132929e-06,5.1270352844e-06,3.4813450189e-06,2.5928763536e-06,5.4505818771e-06,6.144964713e-06,6.5325483011e-06,4.0473240552e-06,7.7387610518e-06,4.6731509316e-06,3.3563227526e-06,5.19974871e-06,9.7283932016e-06,3.8470557175e-06,1.09574486726e-05,6.4129648671e-06,3.4742533432e-06,5.725731901e-06,2.8597119523e-06,1.5624163546e-06,1.6329247519e-06,1.2145053322e-06,1.7809239525e-06,2.1281061286e-06,4.7440895775e-06,6.7095518322e-06,7.5675435703e-06,3.9025340106e-06,3.8154067122e-06,1.6968483111e-06,3.42114713e-06,6.5634511861e-06,6.44678615e-08,4.592285816e-07,4.097183276e-07,1.052770234e-07,7.3636655e-08,0,0,0,0,0,0,0,0,0,0,0,0,0,0,0
0,0,0,0,0,0,0,0,0,0,0,0,0,0,0,0,0,0,0,0,0,0,0,0,0,0,0,0,0,0,0,0,0,0,0,0,0,0,0,0,0,0,0,0,0,0,0,0,0,0,0,0,0,0,0,0,0,0,0,0,0,0,0,0,0,0,0,0,0,0,0,0,0,0,0,0,0,0,0,0,0,0,0,0,0
0,0,0,0,0,0,0,0,0,0,0,0,0,0,0,0,0,0,0,0,0,0,0,0,0,0,0,0,0,0,0,0,0,0,0,0,0,0,0,0,0,0,0,0,0,0,0,0,0,0,0,0,0,0,0,0,0,0,0,0,0,0,0,0,0,0,0,0,0,0,0,0,0,0,0,0,0,0,0,0,0,0,0,0,0
0,0,0,0,0,0,0,0,0,0,0,0,0,0,0,0,0,0,0,0,0,0,0,0,0,0,0,0,0,0,0,0,0,0,0,0,0,0,0,0,0,0,0,0,0,0,0,0,0,0,0,0,0,0,0,0,0,0,0,0,0,0,0,0,0,0,0,0,0,0,0,0,0,0,0,0,0,0,0,0,0,0,0,0,0
0,0,0,0,0,0,0,0,0,0,0,0,0,0,0,0,0,0,0,0,0,0,0,0,0,0,0,0,0,0,0,0,0,0,0,0,0,0,0,0,0,0,0,0,0,0,0,0,0,0,0,0,0,0,0,0,0,0,0,0,0,0,0,0,0,0,0,0,0,0,0,0,0,0,0,0,0,0,0,0,0,0,0,0,0
0,0,0,0,0,0,0,0,0,0,0,0,0,0,0,0,0,0,0,0,0,0,0,0,0,0,0,0,0,0,0,0,0,0,0,0,0,0,0,0,0,0,0,0,0,0,0,0,0,0,0,0,0,0,0,0,0,0,0,0,0,0,0,0,0,0,0,0,0,0,0,0,0,0,0,0,0,0,0,0,0,0,0,0,0
0,0,0,0,0,0,0,0,0,0,0,0,0,0,0,0,0,0,0,0,0,0,0,0,0,0,0,0,0,0,0,0,0,0,0,0,0,0,0,0,0,0,0,0,0,0,0,0,0,0,0,0,0,0,0,0,0,0,0,0,0,0,0,0,0,0,0,0,0,0,0,0,0,0,0,0,0,0,0,0,0,0,0,0,0
0,0,0,0,0,0,0,0,0,0,0,0,0,0,0,0,0,0,0,0,0,0,0,0,0,0,0,0,0,0,0,0,0,0,0,0,0,0,0,0,0,0,0,0,0,0,0,0,0,0,0,0,0,0,0,0,0,0,0,0,0,0,0,0,0,0,0,0,0,0,0,0,0,0,0,0,0,0,0,0,0,0,0,0,0
0,0,0,0,0,0,0,0,0,0,0,0,0,0,0,0,0,0,0,0,0,0,0,0,0,0,0,0,0,0,0,0,0,0,0,0,0,0,0,0,0,0,0,0,0,0,0,0,0,0,0,0,0,0,0,0,0,0,0,0,0,0,0,0,0,0,0,0,0,0,0,0,0,0,0,0,0,0,0,0,0,0,0,0,0
0,0,0,0,0,0,0,0,0,0,0,0,0,0,0,0,0,0,0,0,0,0,0,0,0,0,0,0,0,0,0,0,0,0,0,0,0,0,0,0,0,0,0,0,0,0,0,0,0,0,0,0,0,0,0,0,0,0,0,0,0,0,0,0,0,0,0,0,0,0,0,0,0,0,0,0,0,0,0,0,0,0,0,0,0
0,0,0,0,0,0,0,0,0,0,0,0,0,0,0,0,0,0,0,0,0,0,0,0,0,0,0,0,0,0,0,0,0,0,0,0,0,0,0,0,0,0,0,0,0,0,0,0,0,0,0,0,0,0,0,0,0,0,0,0,0,0,0,0,0,0,0,0,0,0,0,0,0,0,0,0,0,0,0,0,0,0,0,0,0
0,0,0,0,0,0,0,0,0,0,0,0,0,0,0,0,0,0,0,0,0,0,0,0,0,0,0,0,0,0,0,0,0,0,0,0,0,0,0,0,0,0,0,0,0,0,0,0,0,0,0,0,0,0,0,0,0,0,0,0,0,0,0,0,0,0,0,0,0,0,0,0,0,0,0,0,0,0,0,0,0,0,0,0,0
0,0,0,0,0,0,0,0,0,0,0,0,0,0,0,0,0,0,0,0,0,0,0,0,0,0,0,0,0,0,0,0,0,0,0,0,0,0,0,0,0,0,0,0,0,0,0,0,0,0,0,0,0,0,0,0,0,0,0,0,0,0,0,0,0,0,0,0,0,0,0,0,0,0,0,0,0,0,0,0,0,0,0,0,0
0,0,0,0,0,0,0,0,0,0,0,0,0,0,0,0,0,0,0,0,0,0,0,0,0,0,0,0,0,0,0,0,0,0,0,0,0,0,0,0,0,0,0,0,0,0,0,0,0,0,0,0,0,0,0,0,0,0,0,0,0,0,0,0,0,0,0,0,0,0,0,0,0,0,0,0,0,0,0,0,0,0,0,0,0
0,0,0,0,0,0,0,0,0,0,0,0,0,0,0,0,0,0,0,0,0,0,0,0,0,0,0,0,0,0,0,0,0,0,0,0,0,0,0,0,0,0,0,0,0,0,0,0,0,0,0,0,0,0,0,0,0,0,0,0,0,0,0,0,0,0,0,0,0,0,0,0,0,0,0,0,0,0,0,0,0,0,0,0,0
