0.0012870935122119,0.0079683318944852,0.0142437004090073,0.0153686911649186,0.0158968730131801,0,0,0,0,0,0,0,0,0,0,0,0,0,0,0,0,0,0.0001443791525072,7.02616647216e-05,0.0001019650988033,0.0002037588276927,0.0003865248409259,0.0002425741132035,0.000244630552171,0.0002340056175058,0.0003068378309367,0.0003191764647415,0.0002414602087628,0.0002224381483138,0.0002810137031338,0.0002669943259421,0.0001915058788449,0.0003240605072892,0.0002691364498666,0.0002771578800698,0.0003564494210267,0.0003110891230329,0.0002769865101558,0.0002832415120152,0.0001966997054678,0.0003111220787856,0.0002966413210564,0.00035182243335,0.0005925114775,0.0006363821754725,0.000328601810009,0.0003230322878055,0.0004020338181388,0.0004493846435947,0.0004169430006529,0.0003308296188904,0.0003522508581348,0.0003226038630206,0.000244630552171,0.0002587685700723,0.0001478065507863,0.0001790486043305,0.000187307315953,0.0001730836130947,0.0001388096303037,2.82760358026e-05,3.51308323608e-05,0.0001542329225596,3.4273982791e-05,5.86941955296e-05,1.02821948373e-05,0,0,0,0,0,0,0,0,0,0,0,0,0,0
0.0077218039225004,0.0444253593998763,0.0709973685888015,0.0773654756653545,0.078006785538135,0,0,0,0,0,0,0,0,0,0,0,0,0,0,0,0,0,0.0007267965650497,0.000571439958948,0.0004859149432961,0.0004908969830428,0.0013785303979155,0.0014695356572888,0.0013954693330543,0.0015250023664689,0.0014364050929732,0.0015886064072353,0.0011442914958242,0.0010767848572563,0.0010048965786034,0.0015315620521354,0.0011984296610718,0.0015582989987761,0.0016988755536292,0.001860312803114,0.0019588549944118,0.001480100136444,0.0014148354157621,0.0014606701814318,0.0018165538873387,0.0022814420680115,0.0021030020110834,0.0018030001843355,0.0019452374191041,0.0018364628846342,0.0020800015942527,0.0020017835702293,0.0020130761936552,0.0019803799610098,0.0016486399861831,0.001891680491827,0.0013155075951196,0.0015637792424975,0.0012577159340577,0.0013744617321224,0.0008207080142752,0.0013025734534695,0.0011565805271994,0.0009423528180908,0.0009697540366977,0.0002175490689398,0.0003201790877221,0.000247109171437,0.000261723154694,0.000340854552671,3.4874278227e-05,0,0,0,0,0,0,0,0,0,0,0,0,0,0
0.0141533279707408,0.0727992052255282,0.12071718585182,0.132178738590901,0.133627155990798,0,0,0,0,0,0,0,0,0,0,0,0,0,0,0,0,0,0.0008531159164866,0.0013310992253844,0.0010392348180275,0.0007027563647386,0.002771349608946,0.0023577331296753,0.0021113341813408,0.0027382296397331,0.0023299770629313,0.0024184388830141,0.0021875356529232,0.0018501206452349,0.0022899148023667,0.0024417676016885,0.0023111608336356,0.0026004710017216,0.0027376336505699,0.0031090593365501,0.0033953502628312,0.0025791398291437,0.0025861214164842,0.0030195758207589,0.0029877329711815,0.0028836509955573,0.0030461857544967,0.003645154863527,0.0034368140803291,0.0034006290239911,0.0039935531000802,0.0031706623482995,0.0032207254380095,0.0034405995939153,0.0031787507726574,0.0030092344263775,0.0023693974890125,0.0028792236474877,0.0027790974680678,0.0022746352120615,0.001577668456337,0.0017543759685643,0.0016560836019542,0.001430203709096,0.002156544216436,0.0003214935828995,0.000578705477481,0.0005190214198505,0.0003967585000826,0.0003439708884836,0.0001450807905881,0,0,0,0,0,0,0,0,0,0,0,0,0,0
0.0148966213388787,0.0773832098718108,0.128936761506837,0.139221064803723,0.141849757069889,0,0,0,0,0,0,0,0,0,0,0,0,0,0,0,0,0,0.0012320916905444,0.0008433204601138,0.0008655786719821,0.0010541090486275,0.0028021261575516,0.0025998089780325,0.0025960715917113,0.00262605373531,0.0026842739088908,0.0027016319920269,0.0022216685353598,0.0019888708940659,0.0019431853392237,0.0025951580083884,0.0022225821186828,0.0027493044308791,0.0028822723308833,0.0027749614282566,0.0033252771894855,0.002962329062491,0.0029501202671752,0.002508278150984,0.0034241039057284,0.0028674888916573,0.0033974502719987,0.0033484489846767,0.0038826460695154,0.0034692911423944,0.0042764004817076,0.0034128981354595,0.0033395623105353,0.0039669385056205,0.0035063327934886,0.003037332336697,0.0022102902703376,0.0031639882064698,0.0022697562393588,0.0024632697977659,0.0017069058593912,0.0019214254455316,0.0021491632407292,0.0018417839790706,0.0019942693409742,0.0002257381337984,0.0005022216685354,0.0005519704331215,0.0003757319048212,0.0004252315103193,4.4848635854e-05,0,0,0,0,0,0,0,0,0,0,0,0,0,0
0.0156781172096168,0.0793895297249335,0.132629822115181,0.144331093928254,0.146919170152533,0,0,0,0,0,0,0,0,0,0,0,0,0,0,0,0,0,0.0012309967465247,0.0011653356994972,0.0008746355685131,0.0010431402374614,0.002541767017366,0.0025077956648498,0.0030728862973761,0.0026334558668188,0.0028405797101449,0.0024767820171547,0.0024606413994169,0.0019131279841129,0.0022377149617611,0.0025244433176998,0.0025035703722483,0.0026995394431064,0.0028411712511091,0.0033926564414586,0.0039778594667681,0.0033006295685976,0.0030867452571091,0.0028403261925888,0.0035392740947311,0.0034611906874551,0.0041074914437825,0.0034182617146237,0.0040734355854143,0.0038013267418769,0.0034816411036464,0.0033049393670512,0.0032911649131702,0.0039012126589766,0.0033925719356065,0.003120125068661,0.0025355135843157,0.0030970549710567,0.0025375417247644,0.0029823805298517,0.0018159462542781,0.0017321164490641,0.0023219672962353,0.0015343727553133,0.0018253264038535,0.000307263277982,0.0005163307559048,0.0004666413149111,0.000505683018549,0.0004487260742806,8.41678286221e-05,0,0,0,0,0,0,0,0,0,0,0,0,0,0
0,0,0,0,0,0.145304495248069,0.13481373890715,0.134996074376538,0.130092240186282,0.129575001347706,0.119204887479348,0.0969267856011545,0.0157497650567352,0.0172140630772302,0.0097419548450684,0.0027260249700376,0.0028217359941906,0.0030381379128452,0,0,0,0,0.0005664308900538,0.0005225551976882,0.0007292734790894,0.0005140002581577,0.0011112354062286,0.0012966608629177,0.0011764258232388,0.0012258817978069,0.0012014344735634,0.0012472212717716,0.0011802974111214,0.0012024782566039,0.0012292175228903,0.0013290233911782,0.0014717820546481,0.0012469174691909,0.0016003797595476,0.001727380506898,0.0013356810961999,0.0015369188126606,0.0013442844661685,0.0017653345309859,0.0014016793782512,0.0018724703737993,0.0018460763027078,0.0016025935587207,0.0016612698355401,0.0018327279715225,0.0018030153662934,0.0018004541685333,0.0019017937290951,0.0017004826814238,0.0018415355975049,0.0011719713480296,0.0012686774914238,0.0012610768538604,0.0013925982176976,0.001086884279049,0.0010513185048472,0.0008954069903124,0.0007462624284391,0.0008614652932776,0.0007357482191317,0.0002812798033604,0.0003972516609775,0.0002181810734556,0.0001845276867931,0.0003152004706807,0.0001023309743089,0,0,0,0,0,0,0,0,0,0,0,0,0,0
0,0,0,0,0,0.139083640246202,0.139641907870512,0.134778419264511,0.131644469874346,0.130073388077852,0.121156355030325,0.0978319100375706,0.0150284920601876,0.0164199840437913,0.0086261978035287,0.0024469144385066,0.0027761033201838,0.0027667618369965,0,0,0,0,0.0005136525832415,0.000557308005573,0.0006866439684668,0.000491471125081,0.0010741493189222,0.0013248261808526,0.0011580545961955,0.0012599281452341,0.0013164564215935,0.0012995958743245,0.0011042465632454,0.0012742845527544,0.0012475812145881,0.0013049709879884,0.0014001030139095,0.0012536331470335,0.0015992425743453,0.0017172016908106,0.001412122356197,0.0014682647758338,0.0013108862228145,0.001685437912602,0.0014821478982504,0.0018772124566704,0.0018634803587959,0.0016131227664253,0.0016211127941828,0.0018918161016863,0.0019081805960821,0.001763475219868,0.0018877610459609,0.0016324703420595,0.0018998011629759,0.0010446471774077,0.0012375398019053,0.0012767395303571,0.0013641802422659,0.0010699887417806,0.0010635382889898,0.00094578053584,0.0007496007602145,0.0008527074993505,0.0007488210406316,0.0002581655279569,0.0003911947245752,0.0002238706738852,0.0001993753873563,0.0002957903427781,0.0001028738456284,0,0,0,0,0,0,0,0,0,0,0,0,0,0
0,0,0,0,0,0.138368987490012,0.133904781897446,0.139432538331041,0.13064235378781,0.130065657531778,0.121039991451383,0.0951382078721938,0.016414765068479,0.0182417534481428,0.0099452366738281,0.0027551297046331,0.0030013079864106,0.0032561480257061,0,0,0,0,0.0005273358402871,0.0005804101936266,0.0007640713152289,0.0004965182540979,0.0011597823830657,0.0012588966302162,0.001171969421509,0.0012207576835866,0.0012433159147216,0.0013260922492448,0.0011442875664573,0.0012173895405268,0.0012319307082298,0.0012412276964733,0.0014622762117355,0.0012551564644422,0.0016113640639807,0.0016702819800186,0.0013244880558827,0.0014215888339387,0.0013377953992939,0.0016790201466841,0.001490753329631,0.0018702456201688,0.0019141831406285,0.0017420642098871,0.001704173022402,0.0018486025028346,0.0018046083446166,0.0018540057617693,0.0018173333878116,0.0016215526507914,0.0018113779814958,0.0011641447521999,0.0011682221356462,0.0012245940344167,0.0014387829995192,0.0010885140756794,0.0011011571268531,0.0009525592741712,0.000724830682857,0.0008605843314431,0.0007781129701965,0.0002505536436098,0.0004240919769492,0.0002232792120076,0.0001573937667493,0.0002972885845012,0.0001141746590541,0,0,0,0,0,0,0,0,0,0,0,0,0,0
0,0,0,0,0,0.12943738850247,0.126960631625756,0.126816196303577,0.142965645827955,0.136920510346522,0.130632883910505,0.101188179620966,0.0150770444356758,0.0167655491993068,0.0085642628371128,0.0021002920220791,0.0023845549886758,0.0024319805964103,0,0,0,0,0.0004891633243668,0.0005447578462272,0.0006631817001863,0.0005079810254521,0.0011357993565929,0.00138007483944,0.0010783969417198,0.0012606355151806,0.0012632578536251,0.0012504851354967,0.001098393000563,0.0012252608145949,0.0012093238798306,0.001316068261233,0.0014634187847262,0.0011893253455322,0.0015300685971942,0.0016869273417042,0.0013290566052273,0.0014310516118769,0.0013741307248257,0.0018024134254381,0.001284010356013,0.0017131496448373,0.001794935251723,0.0017904151218186,0.0016792186967959,0.0019366140546929,0.0018091340186243,0.0018428640875242,0.0018535210303385,0.0017358550746212,0.0019090841372296,0.0010940742774541,0.0011727826319759,0.0012768369119225,0.0014789325250805,0.0011396212680277,0.001064134731147,0.0009636459456153,0.0007182274727565,0.0008242805101025,0.0008495113130182,0.0002830972646716,0.000439104557259,0.0002197553808381,0.0002545201508309,0.0003352991652728,6.30822717647e-05,0,0,0,0,0,0,0,0,0,0,0,0,0,0
0,0,0,0,0,0.128087495649125,0.1246327189698,0.125438406928522,0.136033437251528,0.141383438345574,0.129643141621253,0.102502059629317,0.0164611058006458,0.0183030515947715,0.010222703792194,0.0028482592959898,0.003308757416419,0.0032515388298848,0,0,0,0,0.000478397752785,0.0005385356361979,0.0006654449574602,0.0005184707908557,0.0011064110509872,0.0013531763840984,0.0011046310444461,0.0012277442329342,0.0013464528897521,0.0013467832877118,0.0011395830434013,0.0011947832261273,0.0012473705450387,0.001344574653626,0.0013739327828652,0.0011699294394195,0.0014611017382691,0.0016786999637128,0.0014275055438825,0.0014423264848213,0.0013628001145558,0.0016921988609847,0.001324024900955,0.0018079845234652,0.0018334113772198,0.0018004076088124,0.0016536103155071,0.0020409916184375,0.0019419807392817,0.0017877379247547,0.0018409928642138,0.0017583165121947,0.0018995935915039,0.0011377967733608,0.0011569208779196,0.0012842904619534,0.0014411796548093,0.0010958083870933,0.0010961001961674,0.0009523677430998,0.0006935024674343,0.000796842341184,0.0007882839720306,0.0002675792915025,0.000405414202251,0.0002103639395269,0.0002732432998126,0.0002894224679719,8.48623985796e-05,0,0,0,0,0,0,0,0,0,0,0,0,0,0
0,0,0,0,0,0.117649217704028,0.115904229789564,0.116548380329662,0.129580349326115,0.12943717203629,0.146143294730352,0.115347913338306,0.0260882874344407,0.0239544820131623,0.0105383941129329,0.0034993173513613,0.0038396869366611,0.0036936687729468,0,0,0,0,0.0004539814321532,0.0006034415936218,0.0006940801044198,0.000536269156058,0.0011669667228946,0.0013716172515097,0.0011271251030106,0.0012604476496482,0.0013140445901578,0.0012987794644009,0.0011519288036988,0.0012395458315889,0.0012517890374799,0.0015044650436437,0.001358472229652,0.0011998733735731,0.0015183221886881,0.0016536235174871,0.001326050421381,0.0014136765494578,0.0012821432955023,0.0016259931423611,0.0013476476520408,0.0018262474465795,0.0018092846002167,0.0017766981218596,0.001700028874958,0.0019438180251714,0.0019227085035681,0.0017132478676297,0.0018021593720314,0.0017541802441085,0.0017852578986297,0.001223203376767,0.0011746462377226,0.0014410380068732,0.0013489136731871,0.0010996160098427,0.0011118608052112,0.0009619872547199,0.0006430481624784,0.0007669472882214,0.0008218880296625,0.0002762341171347,0.0004327694777176,0.0002205501285388,0.0002309820913223,0.0002154753288476,7.253102675e-05,0,0,0,0,0,0,0,0,0,0,0,0,0,0
0,0,0,0,0,0.0882601041119506,0.0863493876679636,0.0845197040933477,0.0926066252818408,0.0944208062630859,0.106422972708318,0.170961912435612,0.0795749803666017,0.0796717173522226,0.0311446102578475,0.0092935392190974,0.0094391944415276,0.0097067485339793,0,0,0,0,0.0005634539183345,0.0006113409767479,0.0006923295871393,0.000487625288725,0.0011315849464958,0.0011144747895496,0.0010607504883393,0.001397881554128,0.0012425418860725,0.0012857650447491,0.0012893568520253,0.0011174259104867,0.0011567646326493,0.0014384330402826,0.0011725557248117,0.0012170373798644,0.0015167673842342,0.0015967178904635,0.0013882444712754,0.0014062082680368,0.0013478117410775,0.0016083402708951,0.0015544315051315,0.0016918886898906,0.0018066474456313,0.001841475083804,0.0018972141802038,0.0018860383955156,0.0018735643804752,0.0016576851922605,0.001871600352373,0.0017446299850414,0.0018907132761331,0.0011178511513885,0.001342188416484,0.0014374875054359,0.0015090873472527,0.0010357808035552,0.001062860046032,0.0009397620285496,0.0005959755211892,0.0008969052912755,0.0006851358641646,0.0002500921916116,0.0003692807909065,0.0002500730904313,0.000337001446655,0.0001883516451202,5.056359371e-05,0,0,0,0,0,0,0,0,0,0,0,0,0,0
0,0,0,0,0,0.0146639232093379,0.0135628078436336,0.0149105322348832,0.0141086013716135,0.0155042082040555,0.0246108541775283,0.081363947915792,0.247998218454877,0.257435901141606,0.170984783389676,0.0303374534851783,0.0279761033636293,0.0294087379842382,0,0,0,0,0.0006446551472783,0.0003987499583585,0.0004757098771005,0.000443529300987,0.0012144226903091,0.0009118586278183,0.0010923452889463,0.0012237949263879,0.0013251513437378,0.0014917410804983,0.001007893892293,0.0008053130987132,0.0009984798344824,0.0016620677316294,0.0013084774692388,0.0014571016050936,0.0010795150914173,0.0011134388551328,0.0015567591545644,0.0013782372229081,0.0015571390435911,0.0013584684794205,0.0014616305847466,0.0015636990997755,0.001886757553582,0.0022208022385837,0.0019283012709703,0.0017865301811961,0.0017641514038756,0.0019876713668348,0.0017045501240127,0.0024304345888224,0.0019174235706151,0.0013314473961885,0.001355873342727,0.001043892681734,0.0015320521467391,0.0012528908334378,0.0008316381680966,0.0011742176749225,0.0005863268277503,0.0009522520041603,0.0006847213612869,0.0002269545727428,0.0002222042694815,0.0003038050507618,0.0003313698010117,0.0001045272890499,4.29521009388e-05,0,0,0,0,0,0,0,0,0,0,0,0,0,0
0,0,0,0,0,0.0147614579553018,0.0136482415193414,0.0152614156978398,0.0144495824838435,0.0158775633929008,0.0208131429205271,0.0750290448068505,0.237103998477986,0.271761184907583,0.176189422461934,0.0304865896915005,0.0277963896545313,0.0297329553473353,0,0,0,0,0.0006431189972563,0.0003577024460958,0.0004487819574512,0.0004291378551466,0.0012677253485584,0.0009262984886889,0.0011056130101166,0.0011705444950534,0.0012543049635185,0.0014055126287549,0.0010112369210362,0.0008289245244202,0.0009687310431522,0.0015619751156518,0.0013057447587488,0.0014199660985338,0.0011246985240349,0.0010291071419562,0.0015748898107838,0.0013296146983181,0.0015957301681967,0.0014405579759545,0.0014086720889277,0.0016511202721237,0.0018485519327033,0.0023140003894474,0.0019795518889612,0.0018372701332238,0.0018155215902064,0.001922235003487,0.0017413820093076,0.0025266667825217,0.0019228910264151,0.0013993610969784,0.0012592715917926,0.0009756864164271,0.0015727319135942,0.0013448577949534,0.0008615007377198,0.0010267307340485,0.0005577194565415,0.0009750951060628,0.0006188813750531,0.0002399942617965,0.000264228651156,0.0003188847125271,0.0003446081561045,0.0001236938587885,3.79847302282e-05,0,0,0,0,0,0,0,0,0,0,0,0,0,0
0,0,0,0,0,0.008046897263516,0.0069065293459727,0.0080145629383067,0.0071099080120812,0.0085420598312967,0.008819862182844,0.028251702210343,0.151692360304204,0.169713469713072,0.249244357107294,0.0983054848717484,0.0995687675891305,0.0986148137332444,0,0,0,0,0.000410143236774,0.0004265051908626,0.0004438759108841,0.0005059513182054,0.0011537402723286,0.0010526122965565,0.0012599333809238,0.0012722186312565,0.0014173437806693,0.001229922658377,0.0010139675088844,0.0010761043058732,0.0010877783971454,0.0013858896498955,0.001530408882931,0.0014291976428717,0.0012269377055503,0.0010249935864705,0.0015353319855212,0.0014124854000869,0.0013674090003628,0.0016385254886835,0.0014201346968378,0.0015963255084551,0.0016245357966357,0.0023870191876637,0.001734111592145,0.0018501054108331,0.0017047530634826,0.0020463694402136,0.0016742534737147,0.0021320639400248,0.0017411504600921,0.0012803147632835,0.0013432421147871,0.001127105782881,0.0014187830680987,0.0013939203086541,0.000959555777505,0.0010389615041678,0.0009208913746374,0.0009468324297148,0.0008259926480771,0.0002316675283122,0.0002787957375813,0.0002396669843244,0.0002436286678951,7.33285071881e-05,3.44388986258e-05,0,0,0,0,0,0,0,0,0,0,0,0,0,0
0,0,0,0,0,0.0021190775084392,0.0018437154734189,0.0020894954901512,0.0016409235399529,0.0022398091961135,0.0027561659367354,0.0079337319522345,0.0253291162857571,0.0276363061003931,0.0925150563295172,0.254012838790079,0.253397962301524,0.248386556174071,0,0,0,0,0.0004242160724354,0.0005861494004096,0.0006214652677389,0.0005234398490156,0.000922848546291,0.0009766675247509,0.0012856171686498,0.0012484228160211,0.0013097933663931,0.0010860226440429,0.0012579849576864,0.0012869611914018,0.0015341709283969,0.0011567386522799,0.0011818306449311,0.0016293220793788,0.0015276975259853,0.0013999576212383,0.001313484808108,0.0012394927994052,0.0014095130468107,0.0013714701998913,0.0012031649657936,0.0013658765169497,0.0018085947209292,0.0018637316705185,0.0013753250523345,0.0020599374272417,0.0017730313672836,0.002152751185738,0.0018201579950022,0.0018304983444078,0.0017251513301997,0.0011439095880261,0.0013895670619668,0.0009849978026051,0.0012922317103389,0.0013459607526065,0.0009296845658345,0.0008630583821959,0.000834456349322,0.0009477113260371,0.0008742671239237,0.0002752889794919,0.0002974486217358,0.000175470163559,0.000312337836513,8.74728169321e-05,8.60500341645e-05,0,0,0,0,0,0,0,0,0,0,0,0,0,0
0,0,0,0,0,0.002175588469989,0.0020746942366267,0.0022576328248842,0.0018478187195049,0.0025807134529835,0.0029995852203774,0.0079923533786374,0.0231670905602537,0.0249921084996681,0.0929396767682584,0.251331241332398,0.256910046312329,0.251886192376376,0,0,0,0,0.0004449536315852,0.0005657716656645,0.0005811911076386,0.000562801361543,0.0009148901120709,0.0009390782207755,0.0012605183914034,0.0012128135254477,0.0013499261151094,0.0010603906510581,0.0012409655935456,0.001340868642168,0.0015233338527651,0.0011768288117703,0.0012209320815124,0.0015896572364152,0.0015279291013866,0.001381227101808,0.0013695280977549,0.0012547074042574,0.0014214043075484,0.0013886790853263,0.0012187907918744,0.0014143644762013,0.0016842682035818,0.0018388538212071,0.0013908741197717,0.0021073608736907,0.0017413660438452,0.0020986259336879,0.0018046633994931,0.0018082189426509,0.0017302127545162,0.0011785455350487,0.0014734335399177,0.0009810554890536,0.0013058496867242,0.0013229043059352,0.0009686325106593,0.0008722193401582,0.0008728546483484,0.0009174836449696,0.0008734830588431,0.0002900978868008,0.0002918259465001,0.000180360125855,0.0003156788031914,8.1264728454e-05,9.75447693851e-05,0,0,0,0,0,0,0,0,0,0,0,0,0,0
0,0,0,0,0,0.0023453475437613,0.0020702824681236,0.0024523713827548,0.0018869112722548,0.0025392365192017,0.0028891007657738,0.0082291101764634,0.0243837228395854,0.0267665216698628,0.0921636227407536,0.246666855181565,0.252199205574784,0.257970889228275,0,0,0,0,0.0004536163810152,0.0005835479326824,0.0005706445321565,0.000539859357317,0.0009585838564326,0.0009385833599959,0.0013358630301144,0.0012195163376477,0.001272024022558,0.0010782511752884,0.0012391752289893,0.0013709574693312,0.0014807666552239,0.0012190150994957,0.0012256179026629,0.001593867656214,0.0014800333683423,0.0013885566268154,0.0013447909856566,0.0012399721056943,0.0013997914318563,0.0014205731549846,0.0011691782525333,0.0013878721054838,0.0017157618166746,0.0018044742691528,0.0013946070124208,0.0021158516482273,0.0017619161449961,0.0021081138230091,0.0017752387529898,0.0018254217167334,0.0017451407747777,0.0011768186814879,0.0014177353354099,0.0010669174358047,0.0013108901150712,0.0013595290048282,0.0009380767787851,0.0009016459372734,0.0008807181329661,0.0009165094672308,0.0008737202335923,0.0002976059319433,0.000279978505186,0.0001762190151189,0.0002947055974734,7.70918431505e-05,9.72036001381e-05,0,0,0,0,0,0,0,0,0,0,0,0,0,0
0,0,0,0,0,0,0,0,0,0,0,0,0,0,0,0,0,0,0.0765567373196312,0.0770247794590548,0.0769376055765404,0.0799587592043567,0.074468906658848,0.0719148058968365,0.0699785811465759,0.0644511881393221,0.0020554206382987,0.0018503799854899,0.0017629227786497,0.0017761067732689,0.0028109501831629,0.0022590112929452,0.0021908396191986,0.0021673728441625,0.0023064573297882,0.002183119545163,0.0024220866698283,0.0024570878880305,0.0025649090709037,0.0024608034211234,0.0024611651667603,0.0025126970118076,0.0022476128946441,0.0025413927789674,0.0025693359991195,0.0025491499675475,0.003031748351028,0.003031258564506,0.0030257114736479,0.0033549108022126,0.0047169776765107,0.0010454435181387,0.0010512158230141,0.00113639795077,0.0009869737470002,0.0009097884753534,0.0008620740413417,0.0008455017763716,0.0007573759125509,0.0008355094425363,0.0006400269255874,0.0006327460447565,0.0006325370319549,0.0005325494990855,0.0006145834510917,0.0002501383431895,0.0002758749149171,0.000201420309371,0.0001966005167267,0.0001890585213911,0,0,0,0,0,0,0,0,0,0,0,0,0,0,0
0,0,0,0,0,0,0,0,0,0,0,0,0,0,0,0,0,0,0.0772773197195763,0.077879442706126,0.077689509015155,0.0807950894650407,0.0751843073899051,0.0726967438549458,0.0705714968762106,0.0650624798410833,0.0020307303607477,0.0018386828303605,0.0017569137495857,0.0017630519370682,0.0028045629105637,0.0022426429388492,0.0021875265029394,0.0021606552555843,0.0022947556720344,0.0021742816035407,0.002409271709016,0.0024640082495014,0.002562798728514,0.002446001917088,0.002459039578717,0.0024971583274449,0.0022242576959495,0.0025321690503646,0.002558880892503,0.0025570305098337,0.0030215225132316,0.0030239592789423,0.0030196101935433,0.0033300527012458,0.0046984949757533,0.0010444531086917,0.0010659551064385,0.0011447296488394,0.0010123362167309,0.0009150379640611,0.0008874760373575,0.0008580676300379,0.0007674820900693,0.0008474831347449,0.000638285585994,0.0006323726499154,0.000633289541736,0.0005323376431377,0.000616129341953,0.0002533320166077,0.000272183295325,0.0002050882968268,0.000198226938141,0.0001899511737165,0,0,0,0,0,0,0,0,0,0,0,0,0,0,0
0,0,0,0,0,0,0,0,0,0,0,0,0,0,0,0,0,0,0.073983996121759,0.0744628935991188,0.0743142586073514,0.077188712841344,0.0719003247698283,0.0694455095908266,0.0675279510050581,0.062200198416613,0.0019734858723465,0.0017839049298594,0.0017010303989818,0.0017053729975659,0.0027048664531711,0.0021750555220129,0.0021119976334709,0.0020923977194501,0.0022203710823476,0.0021009167737777,0.0023273942523016,0.0023678782434391,0.0024767323760661,0.0023659640945315,0.0023752032914318,0.0024183307297477,0.0021524884350131,0.0024432538318028,0.00246819041567,0.0024664316209624,0.002918070436888,0.0029106035873801,0.0029278739827319,0.0032180176119092,0.0045360831991628,0.0010086130858565,0.0010135752170693,0.0011008403911115,0.0009660472827223,0.0008769522432146,0.0008399913804683,0.0008243395336433,0.0007323511563935,0.0008089500722737,0.0006098002129556,0.0006096618602529,0.0006059462116308,0.0005092685500801,0.0005881541822099,0.0002406007792893,0.0002601983639911,0.000197238577024,0.0001901520705227,0.0001826947876118,0,0,0,0,0,0,0,0,0,0,0,0,0,0,0
0,0,0,0,0,0,0,0,0,0,0,0,0,0,0,0,0,0,0.0750968952062817,0.0756343910919108,0.0753894570712555,0.0783645575964723,0.073062191322505,0.0705943695112664,0.0686114967189309,0.0632362085057058,0.0020063331015239,0.0018096671396892,0.0017266869403802,0.0017380863518768,0.0027488821037242,0.0022030494295766,0.0021443940966453,0.0021212032784043,0.0022530686000972,0.0021314869517746,0.0023675653725537,0.0024148651402783,0.0025033645728314,0.0024073567978644,0.0024024064088752,0.0024521349570189,0.0021938866085608,0.0024753614236916,0.0025089395927814,0.0025001565155861,0.0029697983731584,0.0029681108217895,0.0029580534421867,0.0032721639413516,0.0046102727400411,0.0010229559705968,0.0010342432580278,0.0011137685183206,0.0009776059668522,0.0008909124893933,0.0008555201486229,0.0008342081247878,0.0007430172033035,0.0008191570505143,0.0006287248407638,0.0006169634219595,0.0006174812591038,0.000523675232803,0.0006046081047164,0.0002450057600361,0.0002684422747586,0.0001981822640502,0.0001937575311776,0.0001862568420084,0,0,0,0,0,0,0,0,0,0,0,0,0,0,0
0.0001059724433912,0.0005504906807141,0.0006301744111454,0.0009329977434473,0.0009161427791572,0.0004275515926747,0.0003758107339634,0.0003883392297202,0.0003710967382651,0.0003652962531681,0.0003472039906382,0.0004670672082983,0.000522628339761,0.0005660920734398,0.0003747958809229,0.0004119188872078,0.0004356081378477,0.0004435377667521,0.0731762681124351,0.0736378153875264,0.073472871362607,0.0764419993397673,0.0710997831576571,0.0687430825400446,0.0668758629681072,0.0615647468674519,0.0019457778797195,0.0017477220011098,0.0016670292190093,0.001685151574211,0.0026674574715377,0.0021388653694332,0.002071673117631,0.0020579304221044,0.0021838970423538,0.0020776424465608,0.0022893352658577,0.0023345099154446,0.0024305838907169,0.0023403553048066,0.0023266437638597,0.0023744908301175,0.0021353525863429,0.0024071026791095,0.0024327668018701,0.0024223932213151,0.0028891509632829,0.0028798489812654,0.0028610157013955,0.0031786110247102,0.0044600519391697,0.001013008872214,0.001019885284082,0.0011015875260856,0.0009732377252047,0.0008882723542037,0.0008391021533154,0.0008267237827745,0.0007322321835218,0.0008069344035192,0.0006314977687935,0.0006110206970031,0.0006130939981402,0.0005174346040865,0.0005949080921868,0.0002438667570412,0.0002608850225404,0.0001930592032619,0.0001906425364476,0.0001850039279116,1.8989974523e-06,0,0,0,0,0,0,0,0,0,0,0,0,0,0
5.4414184849e-05,0.0004566810001593,0.001037452885279,0.000673806869459,0.0009150873281308,0.0004161778895874,0.0004302295317748,0.0004509872246266,0.00043605570823,0.0004338861288708,0.0004869530515564,0.0005346994202307,0.0003410918828779,0.0003322177846432,0.0004112338053656,0.0006005347519948,0.0005844234788183,0.0006020376382418,0.0745622190809508,0.0751266258610864,0.0748765045716477,0.0779317879540583,0.0725327652954574,0.0700987963932025,0.0682429973144201,0.0628111236764974,0.0019822639815408,0.0017877435744364,0.0017096114639031,0.0017197150646104,0.0027137324329352,0.0021824910362087,0.0021231031314686,0.0020988206570244,0.0022347232637813,0.0021089601738698,0.0023423733842648,0.0023880997887989,0.0024757673731072,0.0023830528532441,0.0023884302285846,0.0024335951964478,0.0021705519624159,0.0024630005804232,0.0024814551762917,0.0024837778780804,0.0029361972025238,0.0029440360087373,0.0029352944656457,0.0032486224100376,0.0045581917996848,0.0010350580198947,0.0010574591941985,0.0011217587865484,0.0009846692382666,0.0008970178850566,0.0008655269299825,0.0008427048336001,0.0007516280278533,0.0008216950605456,0.00063859537266,0.0006222873793136,0.0006256988444895,0.0005266017915653,0.0006019715571412,0.0002458320409557,0.0002660855681672,0.0001986557975433,0.0001926676930573,0.0001871056209826,8.7715605e-08,0,0,0,0,0,0,0,0,0,0,0,0,0,0
8.04777266057e-05,0.0003957610555432,0.0008254715386124,0.0007048225770456,0.0006999533364442,0.000591926406686,0.0005402154600257,0.0006050532066932,0.0005410052488408,0.0005463914825697,0.000570810441451,0.0006171199147707,0.0004147089091923,0.0004247826983173,0.0004361707387493,0.0006488990588393,0.0006118372089747,0.0005999889220042,0.0739428367467599,0.0743256502331346,0.0742019687478818,0.0771919358793011,0.0719126171832507,0.0695486262877711,0.0676495689328517,0.0623001842900541,0.0020090951175942,0.0018049194377189,0.0017205957846324,0.001734515803197,0.0027281105340107,0.0021972429861899,0.0021285730101517,0.0021099895802364,0.0022514758183652,0.002122355706408,0.0023442252444301,0.0024027477751416,0.0024932741962713,0.0024056453050305,0.0023984315483994,0.0024442442988164,0.0021987522434871,0.0024723250488636,0.0024996187585751,0.0024852323398952,0.0029704770279989,0.0029677552645222,0.0029434489205669,0.0032633091024458,0.0045858744503798,0.0010357189165336,0.001034539177479,0.0011382275402705,0.0009789216915449,0.0009084450949663,0.0008523015259556,0.0008436215569234,0.0007440917411198,0.0008129096213753,0.0006327222992412,0.0006222878306662,0.0006145386942056,0.0005307635451703,0.0006050676435624,0.000250236962137,0.0002670930478505,0.0001950917424866,0.000194129759693,0.000189824288563,1.4435848373e-06,0,0,0,0,0,0,0,0,0,0,0,0,0,0
0.0001619994740808,0.0004027505848467,0.0005622975858127,0.0008646330214605,0.0008409257813511,0.0004202557342481,0.000389499067823,0.0003960663143763,0.0004174355686262,0.0004288338834209,0.000444260957336,0.0004378404750035,0.0003894901946526,0.0004091676343796,0.0005008142737036,0.0005505542005064,0.0005968223519982,0.0005717829763593,0.0686017065068539,0.0690260491686214,0.0688488423575446,0.071666117658765,0.0666869430672916,0.0644822290633968,0.0627570249758324,0.057848999729579,0.0018688200465662,0.0016933578904835,0.0016223420797253,0.0016194757405482,0.0025520438534994,0.0020544314063058,0.0019933932889469,0.0019770749444039,0.0020879420555046,0.0019807389956993,0.0022119141609637,0.0022384163022434,0.0023257843829987,0.0022318733577252,0.0022259241057527,0.0022900385342831,0.0020327331072776,0.0023021673758174,0.0023292292434441,0.0023291116827168,0.0027644343467867,0.002761558953607,0.002756525507847,0.0030323441532698,0.0042740069186144,0.0009578253432395,0.0009610855056281,0.0010545424877599,0.0009124894691869,0.0008342927787841,0.0007869951011333,0.0007774117255978,0.0006868881795437,0.0007590122956398,0.0005829116011127,0.0005731643538707,0.0005634759546101,0.0004851943774327,0.0005634229278568,0.0002345045646796,0.000255759809024,0.0001835748446242,0.000179784415371,0.0001705577469515,2.231141312e-06,0,0,0,0,0,0,0,0,0,0,0,0,0,0
0.0003227209576177,0.0011877218661871,0.0023286559899041,0.0024137181088595,0.0021518069082746,0.0009541331156057,0.0008939755907309,0.0009715424543698,0.0009801581771131,0.0009610232428261,0.0010152345505131,0.001067012323426,0.0011199449452243,0.0012693524025154,0.0011993021351908,0.0010193335507852,0.0010188528447191,0.001066186763409,0.0022975093757348,0.0022624930517363,0.0022939897977103,0.0023878315271864,0.0022133727643527,0.0021370641404309,0.002125328678549,0.0019625470268857,0.0001478366381416,0.0001394590515574,0.0001403648422794,0.0001433656518145,0.0001722840825707,0.0001564307020815,0.0001397451049086,0.000154194054107,0.0001551884293406,0.0001377220049417,0.0001644773431032,0.0001714846986426,0.0001658765687574,0.0001656554859382,0.0001627092853347,0.0001672620163788,0.0001562572528125,0.0001612091986422,0.000177823740646,0.0001759417548265,0.000215372828265,0.0002060418779052,0.0002092455606692,0.0002316320274584,0.0003015363241487,7.23506338251e-05,7.8415396074e-05,9.7907608093e-05,7.16663667441e-05,6.03517835997e-05,6.12050763789e-05,6.35572449091e-05,5.63383607125e-05,5.26639503793e-05,3.97244846154e-05,4.83482372106e-05,4.26639664772e-05,3.76780872516e-05,3.89120844647e-05,1.06570704519e-05,1.18836776584e-05,1.08823645061e-05,1.4489464708e-05,1.02936815489e-05,1.8804408e-06,0,0,0,0,0,0,0,0,0,0,0,0,0,0
0.0002063624660861,0.001290075211866,0.0020185762666398,0.0022817959293163,0.0021631976487362,0.0011343989060251,0.0011234568659679,0.001074513419916,0.0012134829666578,0.0011975903658885,0.001215842593331,0.0010707523101286,0.0008568223963837,0.0009450275900093,0.0011148732391554,0.0010991807933722,0.0010655670787997,0.0010636837474815,0.0021074340806475,0.0020872684579638,0.0021128353932366,0.0021945012945331,0.0020256767826966,0.0019638024175481,0.0019454493285543,0.0018119150871213,0.0001420964423323,0.00013120399479,0.0001286063402087,0.0001254125581696,0.0001750030614168,0.0001418673067017,0.0001278798579529,0.0001364802011582,0.0001380231850386,0.0001251077487382,0.0001551463052817,0.0001479264314373,0.0001601480695996,0.0001565845082373,0.0001475181486159,0.0001526243780819,0.0001523733367193,0.0001516863658071,0.0001588504477089,0.0001582540570321,0.0001902899728958,0.0002030349458194,0.0001992441169479,0.0002020520059514,0.0002952417340701,8.08477352516e-05,7.92828189008e-05,7.85849608055e-05,6.36489779813e-05,6.03793209796e-05,5.34516923744e-05,6.6260546922e-05,6.15499716401e-05,5.02357538697e-05,4.86658368594e-05,3.70563637983e-05,3.61818888867e-05,3.62339647017e-05,4.95837441749e-05,1.03434585478e-05,1.83156095308e-05,1.38937152567e-05,1.44462983463e-05,9.3813168675e-06,1.235792404e-07,0,0,0,0,0,0,0,0,0,0,0,0,0,0
0.0002025693312161,0.0011924273836841,0.0017594796061286,0.0022178326287752,0.0025800450406345,0.0010017992151873,0.0009558797851687,0.000973676739597,0.0009229675577766,0.0009515856192144,0.0009725082157769,0.0009919933334112,0.0009990793443697,0.0010979268724765,0.0012989169262456,0.0014083506200778,0.0013922106584775,0.0014735957012895,0.0019543534416795,0.0019413269033658,0.00196102339348,0.0020381093769004,0.0018806923197323,0.0018279601670245,0.0018051682984761,0.0016896947715694,0.0001392103679084,0.0001251812031739,0.0001269951230335,0.0001325106288564,0.0001521398576869,0.000137287595207,0.000131109297448,0.0001435449916836,0.0001380898384803,0.0001274077956581,0.0001419000480663,0.0001604123350167,0.000142740269908,0.0001397780304325,0.0001415521063352,0.0001492761982495,0.0001453536375768,0.0001482745935133,0.0001573015943705,0.00015330453745,0.0001919950668237,0.0001841380740786,0.0001834401071859,0.0002099631362995,0.0002656434525618,8.10981541259e-05,6.88518339006e-05,9.00822385436e-05,7.28778949123e-05,4.92515940857e-05,5.03301223934e-05,4.65452489533e-05,5.79271586116e-05,5.98670758555e-05,4.56344741589e-05,4.57556805122e-05,3.37846063059e-05,3.61371456098e-05,3.95343967328e-05,1.34573177901e-05,1.04875964809e-05,1.13716767385e-05,1.350851662e-05,1.35806063122e-05,1.3097470372e-06,0,0,0,0,0,0,0,0,0,0,0,0,0,0
0.0001936385036445,0.0013022207096061,0.0022803397714059,0.0022419098669843,0.0022095776964747,0.0010431990210887,0.0010392557988575,0.001013515552371,0.001078201080058,0.0010569171977843,0.001086796936272,0.0013063763917296,0.0011185389831105,0.0011616107895139,0.0013106839499511,0.0013666687344074,0.0013386043607681,0.0013443318062562,0.0019676204390362,0.0019467750596687,0.0019646831382917,0.0020501595862892,0.0018998352679119,0.0018375037676659,0.0018185261087334,0.0016855541538367,0.0001420891083395,0.0001219888689593,0.0001324198681517,0.0001218125369055,0.0001586132327057,0.0001445428003828,0.000129463633178,0.000130854241046,0.0001396608864168,0.0001270974763577,0.0001448844105421,0.0001674914934642,0.0001534816211951,0.0001541703131208,0.0001478289225581,0.0001379167861051,0.0001414680567539,0.0001476942953734,0.000159813544165,0.0001618707762617,0.0001763931361788,0.0001836870025806,0.0001953234297544,0.000209777920389,0.0002691984745696,7.85055554639e-05,8.31989206487e-05,8.10127520755e-05,7.23430729598e-05,6.2579447516e-05,6.48751149041e-05,5.64068157469e-05,5.28729447682e-05,5.34440512937e-05,4.137737229e-05,4.81018211928e-05,3.63745301919e-05,3.26533914966e-05,4.4274092252e-05,1.10247898622e-05,1.55932744359e-05,1.36835802438e-05,1.88086873482e-05,1.14640696692e-05,3.0452143395e-06,0,0,0,0,0,0,0,0,0,0,0,0,0,0
0.0002432212518729,0.0011749467847387,0.0018586966709728,0.0021951719800424,0.0022830603631543,0.0009793678523367,0.0010401844253475,0.0009888026559577,0.0010349739336898,0.0011103282898153,0.001085327671616,0.0011123364470783,0.0011602060832182,0.0011923480119978,0.0013987452119849,0.0013735090620683,0.0014272346591465,0.0013432020468777,0.0029829954047961,0.0029664909968798,0.0029850124303718,0.0031059868554124,0.0028807240591487,0.002777575983471,0.0027398729376628,0.0025443893963514,0.0001635641083849,0.0001630617146447,0.000145637301205,0.000151938067134,0.0002016726893286,0.0001756720996632,0.0001671794921999,0.0001695201806863,0.000171466265381,0.0001640914052575,0.0001781683382914,0.0001901413556926,0.000186779515414,0.0001789431119516,0.0001935091751622,0.0001869596920666,0.0001860554977873,0.000178870184847,0.0001998814196522,0.0001926648498365,0.0002271691093108,0.0002260420147914,0.0002383917068682,0.0002523881900985,0.0003409799924887,9.61093222521e-05,9.69118620594e-05,0.0001034469693552,7.85028188722e-05,7.02357869299e-05,5.90055679785e-05,6.59262868643e-05,7.13704835363e-05,5.86401272715e-05,4.61805080571e-05,4.97812395769e-05,4.53065967858e-05,4.60646197223e-05,4.9384738553e-05,1.42203277478e-05,1.66758706713e-05,1.74235686602e-05,1.75179516138e-05,1.11007286688e-05,3.1473406193e-06,0,0,0,0,0,0,0,0,0,0,0,0,0,0
0.0002573925204843,0.0013219956246726,0.0019627475286863,0.0022477104157943,0.0020252127202347,0.0010343361686467,0.0010446832478836,0.0010729372303654,0.0010422895555808,0.001129875022913,0.0010913363822162,0.0011710061926574,0.0013287263691174,0.0013592742520103,0.0012348484476067,0.0011586174636743,0.001140574668059,0.0011583463088394,0.0024388791702799,0.0024132950858123,0.0024419856695127,0.0025324459686798,0.0023499577368752,0.0022726043783159,0.0022450136928602,0.0020838168083222,0.0001510905484298,0.0001344810618787,0.0001337006016829,0.0001408627271776,0.0001787208573764,0.0001552169409358,0.000146303164874,0.0001505646111306,0.0001586254004956,0.0001469741210376,0.0001660872639062,0.0001738636327679,0.0001643120531784,0.0001587701142888,0.0001684021988371,0.0001646936150718,0.0001651556005474,0.0001576487229132,0.0001715879300056,0.0001746312336337,0.0002061391941506,0.0002030536525819,0.0002259253641643,0.0002284335138154,0.0002970488363378,8.91381952346e-05,7.776178586e-05,9.5286683619e-05,8.93493330469e-05,7.39299479428e-05,6.01176215374e-05,5.57196357583e-05,4.91766188867e-05,4.83755146413e-05,4.71956456959e-05,4.26985581665e-05,4.53916918906e-05,4.15445975335e-05,4.49249420175e-05,1.20463311037e-05,1.83293766167e-05,1.2831914386e-05,1.79058594361e-05,1.41649508542e-05,1.7814272044e-06,0,0,0,0,0,0,0,0,0,0,0,0,0,0
0.0002010662648195,0.0009832839586508,0.001833213464162,0.0019086311511436,0.0020775896022056,0.0010107371587754,0.0009165811863094,0.0009560141789474,0.000945357741032,0.0009872047672159,0.0009994876544106,0.0012125489655075,0.0009270122930198,0.0010098429355208,0.0010512075522887,0.0013858148588613,0.0013783075910983,0.0013746108832014,0.0024423676810326,0.0024307046657809,0.0024484698834665,0.0025453594756852,0.0023503168236849,0.0022828166793656,0.0022457325525577,0.0020878027190358,0.000139373588777,0.0001251726730908,0.0001318451412797,0.000130279473324,0.0001756240648169,0.0001510714149305,0.000136405658722,0.0001423418091963,0.0001520883305722,0.0001446147350528,0.0001640295469746,0.0001583971455463,0.000162882250903,0.0001511961932547,0.0001757211410031,0.000160931654167,0.0001507863238557,0.0001656928506439,0.0001724203674766,0.0001678015013001,0.00020328527043,0.0002097205753419,0.0002140721474217,0.0002201324222778,0.0002889312534991,9.1744736682e-05,7.65770852184e-05,9.28130007146e-05,7.87852496174e-05,6.45874715619e-05,5.05396499772e-05,5.75822144193e-05,4.76982641302e-05,5.60769353174e-05,3.92575863197e-05,4.35622728607e-05,4.54219833058e-05,4.33424064212e-05,4.86965821681e-05,1.46697185706e-05,1.55379464166e-05,1.3423839337e-05,1.50984355168e-05,1.37396412405e-05,4.394415134e-07,0,0,0,0,0,0,0,0,0,0,0,0,0,0
0.0001866044460163,0.0009321596517484,0.0015619855978171,0.0017213469448194,0.0016273259065339,0.0010373924608357,0.0010655905941592,0.0010246553170687,0.0010623950779063,0.0010427242161957,0.0010835113449024,0.0010586781937366,0.0007461987555878,0.0008339403359458,0.0011239264196547,0.0014282830879281,0.0015003470175236,0.0015321105891762,0.0024341826546581,0.0024187079217607,0.0024437943407208,0.0025365643806333,0.0023520954591297,0.0022734968331224,0.0022426880619217,0.0020861170700947,0.0001549282386717,0.0001345848308415,0.0001454245610619,0.000132658500495,0.0001794078769708,0.0001566284175108,0.0001434007949804,0.0001427382651803,0.0001583365890528,0.0001393276886621,0.0001663834496284,0.0001658111316212,0.0001583459304601,0.0001621096379695,0.0001638916328126,0.0001576557033042,0.0001544340605232,0.0001556487531369,0.0001636175345344,0.0001689359619299,0.000196011586723,0.0002005299526272,0.0002058343944367,0.0002153217586174,0.0002955113941898,8.06850211286e-05,7.34533985664e-05,8.83852595891e-05,7.7352644496e-05,5.87040916886e-05,6.16452262858e-05,5.05099869632e-05,5.22828605105e-05,5.49509101411e-05,4.61984290932e-05,3.83280637383e-05,3.58370653414e-05,4.23939883819e-05,4.15782967326e-05,1.31668074494e-05,1.60545192992e-05,8.0763637807e-06,1.56636275496e-05,9.5554557221e-06,9.123687463e-07,0,0,0,0,0,0,0,0,0,0,0,0,0,0
0.0002254775035486,0.0008320429261358,0.0018490953399377,0.0016085666114542,0.0018205318593075,0.0010142793924646,0.0009978282389922,0.0009917392845664,0.0010029127166603,0.0010412112006879,0.0010465621440487,0.0010482219171189,0.0008848956483776,0.0009321508766271,0.0010866431445488,0.0016284918735204,0.0016302851858815,0.0015827625367887,0.0024775815832886,0.0024569561441089,0.0024803272413245,0.0025769204909082,0.0023873682848198,0.0023152920342023,0.0022888580070003,0.0021071574615183,0.0001491369640219,0.0001301791729097,0.0001338056470967,0.0001354207077021,0.0001735648562951,0.0001578277585387,0.0001465473515457,0.0001514412859812,0.0001478811122386,0.000135994006987,0.0001613279263304,0.000173053130288,0.0001594253436372,0.0001671646597661,0.0001596734028493,0.0001610790322723,0.0001623102684874,0.0001670180648296,0.0001792605369367,0.0001699178364619,0.0001962205364496,0.0001946500639147,0.0002146476939993,0.0002213756070266,0.0002889363198056,8.025931934e-05,8.0763194933e-05,9.19308586806e-05,7.36116478755e-05,5.32358755208e-05,6.22093774286e-05,5.57505244221e-05,5.55195212066e-05,4.93041222247e-05,4.31954648308e-05,4.89017529791e-05,4.22996214787e-05,3.91917318161e-05,4.66850631536e-05,1.38965797176e-05,1.96376555582e-05,1.02265650854e-05,1.51077701694e-05,1.02792766886e-05,1.8954462866e-06,0,0,0,0,0,0,0,0,0,0,0,0,0,0
0.0002105137995984,0.0012461254921672,0.0019375241523374,0.0021110156277446,0.0020181895813235,0.0010776166728581,0.0010256298180815,0.0009818960474152,0.0010725109706729,0.0011028871716019,0.0012360009290125,0.0012808571664869,0.001447452422259,0.001476930041296,0.0013604355886398,0.0012065627486209,0.0012376122503048,0.0012803863612641,0.0023044265793712,0.0022875972306505,0.0023061900144004,0.002395587842965,0.0022318288522537,0.0021471047080606,0.0021201791342683,0.0019643036264454,0.0001300565157612,0.0001159515318112,0.000121314172763,0.0001211016416535,0.0001632193923823,0.0001436991988925,0.0001369296335257,0.000130949322152,0.0001336357294092,0.0001215138901843,0.0001455709644382,0.0001464770966109,0.0001570847216882,0.0001462988873016,0.0001463534391366,0.0001522682418717,0.0001561941689187,0.0001557308280043,0.0001560482398217,0.0001668173775712,0.0001766055022763,0.0001921939631376,0.0001836868437955,0.0002061456789469,0.0002657135953722,8.39935936325e-05,7.98840108313e-05,8.82920610202e-05,8.69172215523e-05,7.52027168969e-05,5.79295678999e-05,5.94495490196e-05,6.03988369098e-05,5.08503843061e-05,3.92071955837e-05,4.92758969831e-05,3.81618019655e-05,4.66077719609e-05,4.53022536131e-05,1.13375353192e-05,1.56723368948e-05,1.43649531776e-05,1.59787784312e-05,9.8603843521e-06,2.2367072554e-06,0,0,0,0,0,0,0,0,0,0,0,0,0,0
0.0001479054993051,0.0009551320230296,0.0017963735027463,0.0017709615511879,0.0019605585335186,0.0011689578565547,0.0010778875257769,0.0011330971375868,0.0011681957623097,0.0011039142122053,0.001093228976045,0.0010227470070938,0.0011162089534392,0.0012093939126238,0.001471568504875,0.0012075179228757,0.0012577272949278,0.001260987332548,0.0025043712580636,0.0024829800215749,0.00250253332663,0.0026064840699666,0.0024089242861381,0.002335955922938,0.0022939153875861,0.00214868775618,0.0001521452975609,0.000140850175416,0.0001323493325024,0.0001352254498393,0.0001735961644959,0.0001590645786835,0.0001521355323355,0.0001531791375072,0.0001552873373079,0.0001425930743894,0.0001726758563368,0.0001678093602688,0.0001627974487703,0.0001696225257105,0.0001637284516956,0.0001563288191695,0.0001590773642706,0.0001611783812791,0.0001704148356071,0.0001852135527821,0.0002033551606535,0.0002017384744984,0.0002168631816918,0.000235255223757,0.0003041054468302,8.63227931414e-05,7.74361427804e-05,8.62725655519e-05,8.20189532788e-05,6.34777035695e-05,6.46087479606e-05,7.02014336634e-05,5.42295454503e-05,6.11187681065e-05,5.24393505938e-05,4.87055843719e-05,3.87570262753e-05,3.79657472888e-05,4.93365810615e-05,1.72294386301e-05,2.09000667695e-05,1.20757193186e-05,1.43401892726e-05,1.2432981861e-05,1.3432248079e-06,0,0,0,0,0,0,0,0,0,0,0,0,0,0
0.0002507162848911,0.0012441016706906,0.0020247560786435,0.0021944635586333,0.0021176974407317,0.0009920813493324,0.0009668033509736,0.0009742935322287,0.0009510468251118,0.0009416374721446,0.0009672751045582,0.0010633907250101,0.0012451547061732,0.0013174728909825,0.0013766372684837,0.0016676292584475,0.0016404110901805,0.0016427145745958,0.0025449775014437,0.0025438050586061,0.0025504892908473,0.0026631780501377,0.0024607285011209,0.0023856966145534,0.0023552687229569,0.002178211893419,0.0001589029834919,0.0001345290142639,0.0001498756909272,0.0001565971149212,0.0001855839469293,0.0001668015658985,0.0001471669024031,0.0001529175755075,0.0001668630494223,0.0001437300647927,0.0001681010424429,0.0001695258417011,0.0001710313680517,0.000165659105613,0.0001684148613321,0.000165357949981,0.0001698228975303,0.0001738914380854,0.0001804829751295,0.0001814506556983,0.000216855932796,0.000204314786609,0.0002141197791081,0.000239256208446,0.0003095763986788,9.30863787388e-05,8.22870595195e-05,9.33707329722e-05,8.33333247846e-05,6.01741892945e-05,6.21844583962e-05,6.410768488e-05,5.96571820082e-05,6.40280445956e-05,4.35370738797e-05,4.50411834586e-05,4.08894129118e-05,4.23598661674e-05,4.28187646354e-05,1.58186649993e-05,1.3992741244e-05,1.09127013464e-05,1.19966222396e-05,1.47744739102e-05,3.0847211735e-06,0,0,0,0,0,0,0,0,0,0,0,0,0,0
0.0001951879732889,0.0012714250027032,0.0019981133693508,0.002156575429805,0.0020892756606004,0.0011935942688265,0.0011561285397248,0.0011724915601472,0.0011469281886695,0.0011023731320891,0.0011473677323317,0.0012423158637185,0.0008647414860585,0.0009781916157072,0.0011078318413291,0.0014657302050187,0.0014780070545958,0.0014298993163317,0.0024903439242579,0.0024801632494023,0.0025007329556472,0.002587947853999,0.002401611147315,0.002318444362776,0.0022910070331059,0.0021215477645105,0.0001440840206623,0.0001365261949996,0.000125015554118,0.0001345152361387,0.0001708902023799,0.0001477695310593,0.0001418602298406,0.0001368909463141,0.0001440994015896,0.0001444893855439,0.0001528712858275,0.0001603244905388,0.0001559765597851,0.0001608827602582,0.0001565836491473,0.0001548572607631,0.0001606415587169,0.0001575110528926,0.0001582613721821,0.0001631697720364,0.0002070805442619,0.0001915416344345,0.0002046996058095,0.0002220451822149,0.0002908363206562,8.48483243869e-05,8.69165516149e-05,0.0001022531582423,9.20017849064e-05,7.23581318362e-05,6.32433217694e-05,7.40628113621e-05,6.80589468904e-05,6.53037786731e-05,4.26464362809e-05,4.58640559398e-05,3.7503474189e-05,4.43872179989e-05,4.91314345988e-05,1.41698255098e-05,1.46759430167e-05,1.64207331389e-05,1.23025600532e-05,1.00644473383e-05,1.1767624792e-06,0,0,0,0,0,0,0,0,0,0,0,0,0,0
0.0001923298754206,0.0013321531002524,0.0021712647914481,0.0019866692755837,0.0023871362095271,0.0012327093024118,0.0011878239315281,0.0011629065890259,0.0012099312294934,0.0012118817002335,0.0011956782174527,0.001251354112728,0.0008534202302285,0.0008564211564552,0.0008855466867931,0.0012851994638889,0.0012784312553044,0.0012836201655619,0.0022861423101632,0.0022649652608794,0.0022857849551993,0.0023812822022036,0.0022126506787546,0.0021353029586794,0.0021150807781572,0.0019480132030954,0.0001376814980773,0.0001277268069572,0.000117137361517,0.000129286994346,0.0001566541446961,0.0001366228102525,0.0001259988954373,0.0001340959432486,0.0001445733579991,0.0001287603073108,0.0001524055679437,0.0001485861724342,0.0001539389404588,0.000143596432466,0.0001509874678951,0.0001477113194847,0.0001460240532986,0.0001484025472853,0.000153858204725,0.0001585072273307,0.0001855826676625,0.0001843572659913,0.0001964281310449,0.0002133105261128,0.0002772362452124,7.62869395441e-05,7.13251537308e-05,8.98735075105e-05,7.7054469365e-05,6.04379218304e-05,5.24439411522e-05,5.63515648338e-05,5.85951478538e-05,6.44206781057e-05,4.43095679025e-05,4.3099718465e-05,4.08017442894e-05,3.53327081456e-05,4.59322759133e-05,1.36057451891e-05,1.62121126305e-05,1.15760828776e-05,1.20861697805e-05,1.18215915245e-05,1.4829925932e-06,0,0,0,0,0,0,0,0,0,0,0,0,0,0
0.0002388095344707,0.0013542682037734,0.002289299381047,0.0022984269570039,0.0027022217323565,0.0009202581394004,0.0009430556494289,0.0008903019214264,0.0009203266882906,0.0009949452408364,0.0009257035818117,0.001050393959055,0.0011519993078338,0.0012653515377461,0.001280639346871,0.0011641660487295,0.0012238197688882,0.0012002230249867,0.0022075031306393,0.0021983887860113,0.0022154514420754,0.0022943047816677,0.0021237098508431,0.0020662012276118,0.0020359022451952,0.0018757153381043,0.000130561859396,0.0001161750705372,0.0001145267893529,0.0001196872049864,0.0001635545741745,0.000139906033368,0.0001413787457837,0.0001308873920925,0.0001333246982517,0.0001243592638976,0.000142028562629,0.000145840358807,0.0001446503947324,0.0001457723418552,0.0001443637597289,0.0001385224054214,0.0001409463207494,0.0001529104927795,0.0001535805932793,0.0001579296460672,0.0001808739234133,0.0001904378184471,0.0001767870549534,0.000192790296917,0.0002523377212813,8.84842481836e-05,9.20376132423e-05,8.39373215527e-05,7.45730746696e-05,6.13721189027e-05,5.90770235828e-05,6.12064953593e-05,5.21333485101e-05,5.95018721012e-05,4.60119839302e-05,4.12998691921e-05,4.60613750775e-05,3.71246914765e-05,4.22829615738e-05,1.25828546742e-05,1.69812665969e-05,1.31735507746e-05,1.34977692232e-05,1.12384217708e-05,3.8064507124e-06,0,0,0,0,0,0,0,0,0,0,0,0,0,0
0.000221324195633,0.0010866353067003,0.0018466441562919,0.0021743350778358,0.0023809959241797,0.0011244706749987,0.0010412612147959,0.0010147372134239,0.0010523111078839,0.0010675181638309,0.0010479782749072,0.0011298641514275,0.0010830414653979,0.0011344285581174,0.0012511196077661,0.0011666059930803,0.0011906367897724,0.0011751935511696,0.0023932662208872,0.0023706933393805,0.0023953416347311,0.0024867911926359,0.0023015801585441,0.0022356237524363,0.0022032537782298,0.0020492251946807,0.0001425251925549,0.0001276385078247,0.0001282542115523,0.000118575717506,0.0001678028901034,0.0001452967057507,0.000137496582798,0.0001337029650046,0.000142826028447,0.0001373962448318,0.0001440061049807,0.0001520592034359,0.0001519130577739,0.0001514392067435,0.0001470992112084,0.0001445720464135,0.0001505281014166,0.0001499751527344,0.0001630593564277,0.0001656080195409,0.0001878765426602,0.0001794324339056,0.000189887728142,0.0002201265103027,0.0002786514958254,8.23885354522e-05,7.24620132349e-05,9.59921174144e-05,7.40752548506e-05,5.45276024133e-05,5.92473693345e-05,5.32621053032e-05,5.27402169719e-05,4.5061681076e-05,3.59635383084e-05,4.67891947168e-05,3.50389661196e-05,3.28834910267e-05,3.96231701763e-05,1.44306218108e-05,1.44839988231e-05,1.29213105127e-05,1.40205382538e-05,8.4093859151e-06,8.312168046e-07,0,0,0,0,0,0,0,0,0,0,0,0,0,0
0.0001956791342735,0.0010314316826794,0.0018386500188536,0.0021501795448253,0.0022110801586927,0.0009766303568848,0.0009231284653184,0.0009482243724842,0.0010033645197311,0.0010015801025697,0.000943801413413,0.0010753445776486,0.0012150393288935,0.001351925099478,0.0012026939574655,0.0013173195194819,0.0013393568280968,0.0013173544625589,0.0021257600194772,0.0020967962658751,0.0021170661460066,0.0022092810179768,0.0020552612563565,0.0019799872549981,0.0019680586658562,0.0018062135211855,0.0001322136591544,0.0001265344031682,0.0001240077437617,0.0001207755024664,0.000165819572792,0.0001446818797878,0.0001279246433112,0.0001300517721271,0.0001429078798645,0.0001399497665877,0.0001455097434435,0.0001550692584499,0.0001564815985463,0.0001486588536923,0.0001486229560454,0.0001494718521042,0.0001440167232141,0.0001573084597199,0.0001644510832855,0.000154196975421,0.0001897277440467,0.0001817753390418,0.000193733348935,0.0002117000159351,0.0002607124586801,7.88317027565e-05,6.62222796462e-05,8.42908088586e-05,7.18173261389e-05,7.2629384411e-05,5.15144519645e-05,5.22546390163e-05,5.42038345288e-05,4.90240469054e-05,4.13296610781e-05,5.43785193141e-05,4.11971741944e-05,4.2869317697e-05,4.10357944798e-05,1.53141990578e-05,1.38613947884e-05,9.556569538e-06,1.60139392388e-05,1.18651368845e-05,1.9825119151e-06,0,0,0,0,0,0,0,0,0,0,0,0,0,0
0.0001908359996106,0.0010155567776733,0.0020474513870681,0.0017435250850331,0.0019403917384838,0.0012231608043327,0.0011319504145343,0.0011349972868559,0.0012551701523068,0.0011861030575959,0.0011415114380566,0.0012238095863065,0.0010109507700977,0.0011639690082959,0.0013744450980201,0.0012224353566271,0.0012479525240982,0.0012750300481243,0.002292355723667,0.0022765716804784,0.0022918156959565,0.0023773487860581,0.0022095791163719,0.0021427634112668,0.0021104973628564,0.0019509364544749,0.0001300898640094,0.000120133378146,0.0001206443932083,0.0001202545967747,0.0001520368070532,0.0001317130463026,0.0001340644193068,0.0001250075749182,0.0001402462080389,0.0001330759130954,0.0001406073354849,0.0001514346167711,0.0001463301774841,0.0001440871449782,0.0001537754262552,0.0001420295284061,0.0001500270531634,0.0001340745317988,0.0001565161547505,0.0001520567634285,0.0001745525422534,0.0001813590128193,0.0001957606014331,0.0001994203609753,0.0002533731200332,8.17175117286e-05,7.72750209884e-05,8.66996913072e-05,7.35031025627e-05,6.61860049468e-05,5.49923728623e-05,5.76134986729e-05,5.49990452256e-05,5.61612240788e-05,3.8503191766e-05,4.9125561744e-05,4.06963631296e-05,4.0011126861e-05,4.81157546899e-05,1.20452623458e-05,1.56599871452e-05,1.05003084093e-05,1.39462190508e-05,1.06208750914e-05,1.2523574226e-06,0,0,0,0,0,0,0,0,0,0,0,0,0,0
0.0001284647006828,0.0012242695014908,0.001963749734939,0.0023071516393143,0.0023437543719452,0.0009414167543942,0.0009649012883042,0.0009768354314556,0.000866749132899,0.0008995884684997,0.0009170956143164,0.0011465267824165,0.0010543741827259,0.001103309315461,0.0011547299577577,0.0010395404770484,0.0010617005276348,0.0010172184873766,0.0022465072346924,0.0022300541255616,0.0022442253420418,0.0023357222017901,0.0021646721052705,0.0020926319040162,0.0020683770946121,0.001913353267628,0.0001390977426058,0.0001219501351977,0.0001240652701603,0.0001261328613303,0.000164687224208,0.0001389638290191,0.0001352306164254,0.0001273788219662,0.0001459113490859,0.0001292588941484,0.0001441070700361,0.0001523561202518,0.000142519566068,0.0001448042274294,0.0001497140959892,0.0001496861973787,0.0001520305751804,0.0001517175669494,0.0001582085254099,0.0001619492603314,0.0001790357459428,0.0001817227471467,0.0001964272911608,0.0002099873757478,0.0002736433753144,7.00500729385e-05,7.8408782527e-05,8.86764640651e-05,6.84824577963e-05,7.03448830218e-05,5.56319695474e-05,5.91766367502e-05,5.73180622009e-05,5.18995482662e-05,4.44597224519e-05,4.68194814599e-05,3.84689721395e-05,2.71049433584e-05,4.34593125125e-05,1.07739981915e-05,1.58639966995e-05,1.06783676891e-05,1.56341599819e-05,8.0977481229e-06,5.009986025e-07,0,0,0,0,0,0,0,0,0,0,0,0,0,0
0.0001961502475242,0.0014842809696985,0.0018296372165788,0.0018651290129499,0.0022125920787929,0.0012140207873068,0.0011797302079716,0.0011830202838178,0.0011163441960282,0.001185824350488,0.0011997086998106,0.0012046540090312,0.0010889006479054,0.0012483719844848,0.0012529977097453,0.0011392147362183,0.0011893567385978,0.0011656304711779,0.0021515935539416,0.0021511919862437,0.0021648848893105,0.0022468605036075,0.0020807227296848,0.002021981096514,0.0019851844730861,0.0018469331272595,0.0001328547811717,0.0001172807202144,0.0001167212793333,0.0001233278167135,0.0001532385032731,0.0001365258496434,0.0001270457765919,0.0001269601485176,0.0001335123003062,0.0001333892345183,0.0001511919191117,0.000147863211379,0.0001418460348678,0.0001440083181362,0.0001486168124576,0.0001467558169287,0.0001376093628124,0.0001422854103589,0.0001563352446721,0.0001504342694197,0.0001884373185428,0.0001845023331436,0.0001887807700138,0.0002056014162752,0.0002645288007564,7.76682414687e-05,7.7857427536e-05,8.40630532426e-05,6.81520069601e-05,6.01176752882e-05,6.1404644415e-05,5.97810697985e-05,5.34833899972e-05,5.37183869158e-05,4.40827614171e-05,5.14130454545e-05,3.65869311853e-05,3.92825408438e-05,4.15717803868e-05,1.29961639721e-05,1.52338029728e-05,1.17940255378e-05,1.37595098886e-05,1.17631887359e-05,2.7935323696e-06,0,0,0,0,0,0,0,0,0,0,0,0,0,0
0.000165317670654,0.0012094167084497,0.0017084736050426,0.0019533939784638,0.0023210371749875,0.0010580115719703,0.0010351986441284,0.0010703027313498,0.0010339063614702,0.0010629557361964,0.0010506369619183,0.0011370866394217,0.0011613971866893,0.0012354539506739,0.0011271655619623,0.0013334140189625,0.0012519634488569,0.0012737906179016,0.0022619739591657,0.0022469773681594,0.0022640765287591,0.00235920391357,0.0021936604546258,0.0021129010511736,0.002097440616475,0.001937745512143,0.0001437569276769,0.0001246571743366,0.0001292155266867,0.0001187965635418,0.0001597144795543,0.0001424567860993,0.0001360504254686,0.0001302136939542,0.0001362876081831,0.0001248283767654,0.0001467373317401,0.0001562077233208,0.000159127922678,0.000149040920646,0.000150456114349,0.0001471689266953,0.0001496692470499,0.0001443811209466,0.0001527732371805,0.0001665698972608,0.000196969991156,0.000201433950865,0.0001891913464194,0.0002036470652106,0.0002802196383783,7.47301432535e-05,6.81201935853e-05,8.78995368014e-05,8.1251338513e-05,5.74286981523e-05,5.33994371881e-05,5.99978918818e-05,5.04285639067e-05,6.21500306924e-05,4.44276432309e-05,4.64728724946e-05,3.94962194709e-05,4.14713438028e-05,4.30020213904e-05,1.24898991327e-05,1.92092729297e-05,1.11101390477e-05,1.11828040047e-05,1.36200748721e-05,6.922720482e-07,0,0,0,0,0,0,0,0,0,0,0,0,0,0
0.0001938346787518,0.0010250672709248,0.0020211018269367,0.0019032714912902,0.001909550110938,0.0009079971452895,0.000885903903646,0.0009629586202535,0.0010195451843528,0.0010319209213245,0.001019952042334,0.0011457933892776,0.0013514341179551,0.0015288984983567,0.0016373241059877,0.0013583993439583,0.0013512880197535,0.0013243783137639,0.0022358247209991,0.002223151821685,0.0022325372402484,0.0023309821470145,0.0021616690529081,0.0020943891345545,0.0020716285120101,0.0019136614064832,0.0001359607935701,0.0001314899281036,0.0001225147980824,0.0001222984473208,0.0001571102446782,0.0001387246680538,0.0001387571441806,0.0001316965767059,0.0001336554836261,0.0001342978793885,0.0001439111593327,0.0001454960868028,0.0001455092507583,0.0001463688599763,0.000156605640538,0.0001389520092402,0.0001417610803693,0.0001483008683328,0.0001532982314529,0.0001612322017451,0.0001991374725978,0.0001871710554725,0.000189965599319,0.0002040766105439,0.0002690438408185,8.00844803341e-05,7.83605166092e-05,8.69257891251e-05,8.06452221272e-05,6.48354417047e-05,5.71989191052e-05,6.21517810511e-05,6.00089607815e-05,5.71201659269e-05,4.63204975405e-05,4.59773178874e-05,4.09470341159e-05,3.9702900904e-05,4.06116593262e-05,1.2568044719e-05,1.61147591958e-05,1.11524443216e-05,1.47291801496e-05,9.2238293264e-06,9.292698649e-07,0,0,0,0,0,0,0,0,0,0,0,0,0,0
0.0003222216941173,0.001091639570222,0.0018809545776915,0.0021783864032231,0.0022461391643578,0.0009290761854345,0.0008787846990522,0.0009298378300483,0.0009438653867078,0.000935532348777,0.0009633241879062,0.0011652171972945,0.0011582703473817,0.0012910176360262,0.0011741020483374,0.0009894628439019,0.0010088778902337,0.0010103300496388,0.0022028876152429,0.0021912610786532,0.0022167570106543,0.0022930573111415,0.0021197751213092,0.0020611803462704,0.0020281046353209,0.0018854840091935,0.0001362901603767,0.000127367099645,0.0001204728837174,0.000128365085981,0.0001635522551976,0.0001523554301325,0.0001398055899437,0.0001334329966122,0.0001454817500323,0.0001266944303614,0.0001527009092357,0.0001505075754248,0.0001534950873477,0.0001539367007295,0.0001435009320736,0.000145147927749,0.0001491339412321,0.0001580082997356,0.0001635609924276,0.0001628387402074,0.0001846169816677,0.0001875102533307,0.0002013547141588,0.0002112760465157,0.0002712381344755,8.55288749324e-05,7.32650899793e-05,8.4480542889e-05,7.65835710655e-05,6.33654266175e-05,5.09404283238e-05,5.59007032045e-05,5.76919347277e-05,5.81346713098e-05,3.92211013082e-05,4.48189431161e-05,4.02702615452e-05,4.42524480359e-05,5.62429208434e-05,1.21709805067e-05,1.46336887913e-05,1.27187897048e-05,1.54049887772e-05,1.13273344917e-05,2.921427735e-07,0,0,0,0,0,0,0,0,0,0,0,0,0,0
0.0003398297693989,0.0010119853251375,0.0018275401668996,0.001911319392397,0.0020582418899788,0.0010064554630505,0.001007009518041,0.0009904269897425,0.0010688857392228,0.0011338412741689,0.0010815763362891,0.0011374346603251,0.0010537335620732,0.00117658607635,0.0012300157776512,0.0014552364675116,0.0015009806563889,0.0015051578372753,0.0023984529963157,0.0023729017322446,0.0023924316071617,0.0024907454892337,0.0023125564328289,0.002240004844201,0.0022078901959151,0.0020366890672685,0.0001481467958658,0.0001268295126074,0.0001354014971918,0.0001353747771911,0.0001700277577925,0.0001512649024046,0.0001411671958485,0.0001370624896522,0.0001473321271744,0.000139617260364,0.0001626598914024,0.0001651392065747,0.0001634949087458,0.0001641482213637,0.0001536649566195,0.0001652234531772,0.000160021524958,0.0001580554632167,0.0001716945462245,0.0001741451915082,0.000195134445575,0.0001978010969154,0.0002074606175011,0.000215300120351,0.0002899636040393,7.85264335765e-05,8.09407075115e-05,8.70105857635e-05,8.20560099226e-05,5.94309135635e-05,5.80614059918e-05,5.67452431812e-05,6.29154534872e-05,5.33939194221e-05,4.48642626967e-05,4.7568020594e-05,4.03260519249e-05,4.23598781691e-05,4.62625490289e-05,1.2073940216e-05,1.48734779136e-05,1.28764801424e-05,1.45503689639e-05,1.115899951e-05,1.389816583e-06,0,0,0,0,0,0,0,0,0,0,0,0,0,0
0.0001721586858658,0.0011245306599581,0.0021056331578976,0.0023114604263969,0.0018495274726656,0.0009714300979218,0.0009965284614652,0.0009485876473839,0.0009796580632384,0.0010584528896172,0.0010496163631175,0.0011085623465443,0.0010208733901376,0.0011406901231491,0.0011119653701777,0.0012288858219036,0.0012168633982514,0.0012296956566427,0.0033084884929658,0.0032847550366359,0.0033086261669522,0.0034429957800269,0.0031835409765279,0.0030835989624927,0.0030440865280523,0.0028164175190993,0.0001892120819788,0.0001818236946098,0.0001680718982167,0.0001704378893632,0.0002253695663401,0.0001929842117876,0.0001817857644986,0.0001845527422146,0.0001886624216795,0.0001765607746228,0.000206291329624,0.0002096381869631,0.0002101005039755,0.0002093097584193,0.0001973274102177,0.0002051995001163,0.0001933458581873,0.0001970226367647,0.0002195148102432,0.0002198234006534,0.0002634328467594,0.0002558433252735,0.0002613074110537,0.0002844847972475,0.0003823861469887,0.0001013764612757,9.24119870038e-05,0.0001122130678701,8.23370044324e-05,6.61300630507e-05,6.57051837269e-05,6.39326903348e-05,6.31388996942e-05,6.91932806207e-05,5.37347999983e-05,4.82282092069e-05,4.45418269209e-05,4.45815380165e-05,5.58065065712e-05,2.06230046896e-05,1.80289339833e-05,1.45844002953e-05,1.68327569209e-05,1.62823594179e-05,3.1644904781e-06,0,0,0,0,0,0,0,0,0,0,0,0,0,0
0.0001705295916336,0.0010904847201867,0.0016844885921584,0.0018587725488067,0.0017690296549603,0.0009774375720183,0.0009279710426646,0.000981974961836,0.0010055227833364,0.0009818051349558,0.0009423932715077,0.0009882990806042,0.0011589786665171,0.0012169355434061,0.0013449577925099,0.0015034319766565,0.0014776841780274,0.0014825224925107,0.0007388583965272,0.0007357461505359,0.0007412865463717,0.0007697711751276,0.0007285822862453,0.0007055451671193,0.0006927420843107,0.0006359792868938,4.57452915115e-05,5.01689972619e-05,5.1701338832e-05,5.00828200275e-05,6.40068888332e-05,5.83515763686e-05,5.81622687729e-05,5.07731397002e-05,5.28048205895e-05,5.62369091949e-05,5.9003407297e-05,6.35160553055e-05,6.176131777e-05,5.80342654322e-05,6.97213898141e-05,6.11331161623e-05,5.89072605305e-05,6.40273537589e-05,5.66216226267e-05,6.50338196668e-05,7.0788384761e-05,7.67351294088e-05,8.3024939705e-05,7.76294087735e-05,0.0001021484917548,4.70090682707e-05,5.06705835927e-05,6.2113335106e-05,5.42607882648e-05,3.97166354312e-05,3.71631681158e-05,3.56390215225e-05,3.52420553948e-05,3.59400312039e-05,2.9876724304e-05,2.76063685133e-05,2.60838592887e-05,2.57227076434e-05,3.35622848418e-05,5.9267759714e-06,1.13554884666e-05,8.0133738668e-06,8.4286678867e-06,9.5825382812e-06,1.4068489512e-06,0,0,0,0,0,0,0,0,0,0,0,0,0,0
0.0002178649237473,0.0011257283059098,0.0017564779061193,0.0018670819658734,0.0018083903069611,0.0010598423722889,0.0010197248249039,0.0009880862357799,0.0010381665594123,0.001037873588322,0.0010175976154261,0.001145434766469,0.0010202616114573,0.0011316862961936,0.0011295793172332,0.0013048781012485,0.0013044087624171,0.0012815481091364,0.0007626467735593,0.0007708127243469,0.0007646952842351,0.0007989108340078,0.0007529871999995,0.0007399368448448,0.0007103093224842,0.0006550728260519,5.08951394869e-05,5.05030438737e-05,4.50585530967e-05,5.44850037825e-05,6.62535343017e-05,5.22547640852e-05,4.98344788849e-05,4.74486550652e-05,5.45459486475e-05,5.49042611929e-05,5.43333181754e-05,5.76367965915e-05,6.49451434308e-05,5.56990675713e-05,7.44451359706e-05,5.5193896663e-05,5.07975720649e-05,6.21527658238e-05,6.50592928964e-05,6.69216668568e-05,6.62388784862e-05,7.70750948322e-05,7.30068828827e-05,8.21387918018e-05,9.55859473417e-05,5.20147859256e-05,4.37731240578e-05,5.91342924008e-05,5.80363505745e-05,4.09254917277e-05,4.05955356596e-05,4.36295659009e-05,4.33768669228e-05,4.12399001535e-05,3.36530293429e-05,2.84911133614e-05,2.89967739284e-05,2.45591908769e-05,2.13291352401e-05,6.511004255e-06,1.20395866765e-05,1.30734229672e-05,1.11443943439e-05,4.7798075242e-06,2.9664030581e-06,0,0,0,0,0,0,0,0,0,0,0,0,0,0
0.0002430574271477,0.0011053195139251,0.0018727899171024,0.0022135801011473,0.0021394793138095,0.0009458363955195,0.000880130786874,0.0008799484677645,0.0009703958306002,0.0009893622841065,0.0009886055456053,0.0010656792649738,0.0014519499548599,0.0016388753203079,0.0014356933502508,0.0013097733101327,0.0013044710714443,0.0013152469340444,0.0008228637502314,0.0008261879052925,0.0008289392916952,0.0008586901693754,0.0008117479838551,0.0007834232507744,0.000780001796751,0.0007173937351178,6.34245435133e-05,4.99624645285e-05,5.88392109393e-05,5.29515429913e-05,7.05855535975e-05,6.39083813707e-05,6.02845251508e-05,5.69846381375e-05,6.1969253677e-05,6.05666824318e-05,6.04172801735e-05,6.52747174545e-05,7.62582551972e-05,7.00491453077e-05,6.77629067511e-05,7.29763558267e-05,6.45334659022e-05,6.9599291717e-05,7.34376779982e-05,7.21170245713e-05,8.53079733283e-05,8.533581882e-05,8.40212920483e-05,8.8129102503e-05,0.0001158444193885,6.36387585314e-05,5.90208344338e-05,6.32382064861e-05,5.43032810616e-05,4.21562196683e-05,4.44487953831e-05,4.85433838748e-05,4.06927210625e-05,4.59497791668e-05,3.42661249713e-05,3.16802040557e-05,2.4544451366e-05,2.8897590704e-05,3.68781171622e-05,7.8814393516e-06,9.7128309883e-06,1.03128316666e-05,9.5096833521e-06,7.3175212978e-06,7.810237547e-07,0,0,0,0,0,0,0,0,0,0,0,0,0,0
0.0002340271425315,0.0009549134638229,0.0017956028291025,0.0020304475757077,0.0019307960674206,0.0010629743871706,0.0010629404529028,0.0010200797884776,0.0011075399511199,0.0011092204432237,0.0010441157896545,0.0011985267472189,0.0011887338934835,0.001294349292487,0.0012167367886314,0.0012810110229159,0.0012953341654572,0.0013048885623313,0.0007416550583087,0.0007582275307498,0.0007549107789721,0.0007821756109646,0.0007442520123321,0.0007136515618153,0.0006961668497314,0.0006441992754855,4.81787103439e-05,4.19947229118e-05,4.93994783792e-05,4.90705651855e-05,5.55881445907e-05,6.218931809e-05,5.31056610549e-05,5.17549617816e-05,5.14944427297e-05,6.18752318557e-05,5.96075886642e-05,6.04577270339e-05,7.12041424167e-05,6.23257993065e-05,6.24766656636e-05,5.84411332321e-05,5.7060145431e-05,6.12338848721e-05,5.88557341213e-05,6.06750528547e-05,8.18337467269e-05,8.21599628096e-05,7.90436791425e-05,8.62494875651e-05,8.82115832978e-05,5.76928272385e-05,6.01125165637e-05,5.63540255312e-05,4.44416700797e-05,3.76666870421e-05,4.60551397511e-05,4.40071124536e-05,4.49678183711e-05,3.2474408827e-05,2.69373297496e-05,2.88696032465e-05,2.51651935399e-05,2.75095595282e-05,2.8298121331e-05,7.9486205408e-06,1.22376476282e-05,8.8610001662e-06,1.32499956468e-05,6.2932199638e-06,9.696146871e-07,0,0,0,0,0,0,0,0,0,0,0,0,0,0
0.0001955427793512,0.0011538087539959,0.0017900191643066,0.0018521613529271,0.0018699379692318,0.0007123731348766,0.0006154861410083,0.0006903668033559,0.0006683885420203,0.0006996320947741,0.000753345551864,0.0007461976759094,0.0008692374984482,0.0009919150297424,0.0009421606194165,0.0008944688615345,0.0009291301115005,0.0009266172257229,0.0007199206819927,0.0007217083746457,0.0007216407402578,0.0007506255283503,0.0007153112989331,0.0006846124758749,0.0006803179474814,0.0006202384881134,4.2724574789e-05,4.19507149747e-05,3.51556143694e-05,4.46996053686e-05,5.23724916659e-05,5.41867042267e-05,4.58450070718e-05,4.1361192921e-05,3.92162516067e-05,5.63757577185e-05,4.85798751808e-05,4.59717684637e-05,5.89717763029e-05,5.14786799935e-05,5.41445524817e-05,4.53012028157e-05,6.07664495935e-05,5.80630929614e-05,6.36633974174e-05,5.63613710033e-05,6.09086171695e-05,6.95571729219e-05,6.88702648398e-05,6.57818967084e-05,7.46066171208e-05,4.44688635454e-05,4.46381900966e-05,4.60689579769e-05,3.96648010667e-05,3.47488000039e-05,2.61669347873e-05,3.19273533438e-05,3.65182213438e-05,2.77768223461e-05,2.16554798192e-05,2.54327899954e-05,2.84661957698e-05,1.83415358125e-05,2.77738020885e-05,7.4721865916e-06,8.4543528632e-06,5.8539754271e-06,7.0181949132e-06,4.9497048018e-06,1.9267527642e-06,0,0,0,0,0,0,0,0,0,0,0,0,0,0
0.0002085394124779,0.0008036706183135,0.0014116865263553,0.0013500022827228,0.001522018129892,0.0007723967898434,0.000730308752542,0.0006939002324787,0.0007176263903466,0.0007125369187215,0.0007246050155276,0.0008973917791977,0.0008866092330706,0.000894051976476,0.0009900592388235,0.0010883077556377,0.0011634812971839,0.0011181103457282,0.0006832623238411,0.0007010967505481,0.00069233871289,0.0007219667757542,0.0006768032908995,0.000661641867372,0.0006393007245792,0.000586017983252,4.33984052252e-05,3.71972890371e-05,3.59833069656e-05,4.64139779013e-05,4.40693317999e-05,4.4133951492e-05,3.5931444534e-05,4.35033620012e-05,4.59003736855e-05,4.34968530132e-05,4.95250815659e-05,4.7584061234e-05,5.16262075711e-05,4.47416388395e-05,5.2203658991e-05,4.930160863e-05,4.31697237989e-05,4.83209145375e-05,5.04290076072e-05,5.76606160436e-05,5.67263884725e-05,6.14633117441e-05,5.54549948102e-05,6.43695125441e-05,7.42466276317e-05,4.1676860568e-05,4.43495925449e-05,4.86525281491e-05,4.85763241603e-05,2.62090656588e-05,2.59426580455e-05,3.43398452234e-05,2.70680807226e-05,2.98130109516e-05,2.49150746641e-05,2.15210633836e-05,1.78479874536e-05,1.4537986375e-05,1.98299331585e-05,4.5936519261e-06,8.3665604215e-06,6.1984616986e-06,8.5585048907e-06,2.8673561725e-06,7.39239008e-07,0,0,0,0,0,0,0,0,0,0,0,0,0,0
0.0001998433101059,0.0009996411843888,0.0017949804031474,0.0020221064387232,0.0019453007893943,0.0008033684000897,0.0007883763727593,0.000761110487989,0.0008175235457892,0.0008276580343002,0.0009301514002759,0.0010056726607397,0.0007142544345208,0.0007248323788019,0.0008692716662727,0.0008072191192166,0.0008105996129889,0.0008804491526352,0.0007011991731673,0.000709294843611,0.0007109415227891,0.0007366231280631,0.0006977374322538,0.0006740651027624,0.0006621304557892,0.0006057228629639,4.71558257899e-05,4.82490548602e-05,3.48202920861e-05,4.22266083309e-05,5.15212096803e-05,4.28019206122e-05,4.28365784971e-05,3.72979181494e-05,4.30420837539e-05,4.67078715781e-05,5.63071856588e-05,5.13302888532e-05,6.32615326175e-05,5.0304462396e-05,5.65931431967e-05,4.63761094154e-05,4.58204133947e-05,5.29713327968e-05,5.61293780602e-05,5.87388858978e-05,6.66911814611e-05,6.98820567781e-05,6.36765188641e-05,6.58273085454e-05,7.559342861e-05,4.1820768004e-05,4.98742312811e-05,5.55980332747e-05,4.85683535993e-05,3.34615127192e-05,3.59320750818e-05,4.45828749885e-05,3.25266847969e-05,3.718509706e-05,3.0770320033e-05,2.53970267176e-05,2.07142320362e-05,2.00479922636e-05,2.43685373515e-05,5.0696738861e-06,7.7883593976e-06,5.2539207734e-06,9.2620250824e-06,5.9331826722e-06,8.831340878e-07,0,0,0,0,0,0,0,0,0,0,0,0,0,0
0.0001525468647478,0.0008093265710457,0.0017440568168946,0.001460228814954,0.0016044403694039,0.0008930413434092,0.0008479604366835,0.0009001676560183,0.0009532037458877,0.0009349283736183,0.0008764656605313,0.0010627704802839,0.0010552204027938,0.0011761279359735,0.00110148701696,0.0010660292269039,0.0010861218453214,0.0010889609229016,0.0006322821178219,0.0006386252312662,0.0006357987402578,0.0006604536488589,0.0006220896046703,0.000605204104421,0.0005878884387331,0.0005387427787794,4.20772198538e-05,4.51163742866e-05,4.362262726e-05,3.98437911466e-05,5.61459732229e-05,3.80264859361e-05,3.57191837861e-05,3.88632588708e-05,4.31481900544e-05,4.77686126452e-05,4.37850997405e-05,4.80838118664e-05,5.85190517393e-05,5.2654406938e-05,4.85237618524e-05,4.62264385153e-05,4.78450157163e-05,5.0903112791e-05,5.47272959327e-05,5.28997340674e-05,5.64262982808e-05,6.79204798699e-05,6.61530214533e-05,7.34694025126e-05,7.51502815856e-05,4.16293855939e-05,4.991442156e-05,4.69157488964e-05,4.99579796045e-05,3.85269658595e-05,2.85110996255e-05,3.27425380363e-05,3.31853466549e-05,3.11747293034e-05,2.29152630874e-05,2.21594364145e-05,2.05905441834e-05,2.62856157482e-05,2.40031314371e-05,4.8839707034e-06,9.3227401509e-06,8.2079791761e-06,6.473998066e-06,5.2336919353e-06,2.0386237934e-06,0,0,0,0,0,0,0,0,0,0,0,0,0,0
0.0001680932327446,0.0009213401594771,0.0014870128496701,0.0016508202615798,0.001964353102656,0.0007260644116206,0.0006928339421776,0.0007094279078377,0.0007651455183831,0.0007405270903792,0.0007442826852088,0.0007598696101664,0.0008989364217792,0.0010476647788937,0.001127320602951,0.0011566640218267,0.0011461986766225,0.0011764692962896,0.0007266024969964,0.0007346068957367,0.0007315906099509,0.0007585020542246,0.000714148413653,0.0006892165343849,0.0006690472842028,0.0006201408548061,4.09734352402e-05,3.83588316475e-05,4.69638563417e-05,4.19539291974e-05,4.80552667532e-05,3.89672034752e-05,4.37450921794e-05,4.25501286683e-05,3.99159265879e-05,4.1894248565e-05,5.14056771462e-05,5.37591639508e-05,5.84920011604e-05,6.03037717239e-05,5.76919987352e-05,4.11435750019e-05,4.5077722214e-05,5.41466844333e-05,5.16204970043e-05,5.53482173814e-05,7.24423316504e-05,6.73473037083e-05,6.94409918994e-05,6.49511868721e-05,8.57913768937e-05,4.42245410467e-05,4.94346633225e-05,5.5186323608e-05,3.75829109606e-05,3.0526981652e-05,3.27121024229e-05,3.89930828069e-05,3.24749734091e-05,3.00264409383e-05,2.69720929636e-05,2.13432698701e-05,2.21369285111e-05,2.29918247748e-05,2.75551411752e-05,6.7360308872e-06,8.4729187946e-06,6.6813519832e-06,4.6915603739e-06,9.0493899793e-06,5.562755763e-07,0,0,0,0,0,0,0,0,0,0,0,0,0,0
9.18172469517e-05,0.0005260995181857,0.0009863035281243,0.0010939293097685,0.0011438033737649,0.0006716113586496,0.0006585594076821,0.0006863022051821,0.0006832379671629,0.0007083509274189,0.0007196795516028,0.0007456571396835,0.0005706134955333,0.0006417908389859,0.0007421156736705,0.000764015786878,0.00080256902602,0.0007762871301449,0.0005322744859337,0.0005290915849818,0.0005273826727883,0.0005567267485976,0.0005344584466019,0.0005122272270786,0.000497988793622,0.000455445181507,2.95555534501e-05,3.5535998547e-05,3.42342356827e-05,3.10619028062e-05,3.61906743398e-05,3.63552766573e-05,2.92860325153e-05,3.42093700374e-05,3.34420595943e-05,3.08899941112e-05,4.21779703983e-05,3.49569380475e-05,3.65285803931e-05,3.96651023967e-05,4.26626467717e-05,3.14013941436e-05,3.63418079011e-05,3.54996373621e-05,4.22880083759e-05,4.34351521705e-05,4.95217780248e-05,5.22270924964e-05,4.48014798328e-05,5.21900490912e-05,6.37128795044e-05,3.51568329183e-05,3.85771394098e-05,3.93554524791e-05,2.98123069882e-05,2.27594098173e-05,2.61430763609e-05,3.08562075136e-05,2.28277360065e-05,2.5793277383e-05,1.71677555276e-05,1.48350075178e-05,1.37042679187e-05,1.50949759719e-05,1.33009553246e-05,7.661918414e-06,6.6573052397e-06,3.4098237063e-06,5.9576239882e-06,4.775671799e-06,0,0,0,0,0,0,0,0,0,0,0,0,0,0,0
0.000112841049767,0.0008471241171792,0.0011127128600082,0.0012493059849663,0.0011068558425162,0.0005803230192076,0.0005941523151599,0.0006023150340072,0.0006277091594473,0.0006244080336681,0.0006317185847374,0.0006688774971814,0.0008173759074038,0.0007759969524346,0.0008152042385709,0.0007195690573074,0.0007331868363503,0.000756982124549,0.0005338662134833,0.0005318075381396,0.0005349250124911,0.0005542509912602,0.0005246427059296,0.0005063997452944,0.000496893517072,0.0004543370766915,3.64944701324e-05,2.74519198539e-05,3.48239634154e-05,3.66346682011e-05,3.95794056968e-05,3.33690870774e-05,3.29695538545e-05,2.87938900473e-05,3.84100511513e-05,3.93869342753e-05,3.97441052889e-05,3.66901539896e-05,3.98554852309e-05,3.91427281416e-05,3.88500073636e-05,4.14474370369e-05,4.85107127736e-05,4.59515650205e-05,4.51796307791e-05,5.1393888645e-05,5.25542767797e-05,5.25934741464e-05,5.19397409939e-05,5.61394099521e-05,5.80147367924e-05,3.29573011091e-05,3.31345342512e-05,3.69142015512e-05,3.24151063503e-05,2.71176957489e-05,2.29099329633e-05,2.58380064646e-05,2.23955791529e-05,2.07070594261e-05,1.50505844211e-05,2.199329973e-05,1.87596398842e-05,1.57125904759e-05,1.58753152308e-05,4.4269448671e-06,7.7902635909e-06,4.1283698357e-06,5.3972356062e-06,3.7353076628e-06,1.4234457825e-06,0,0,0,0,0,0,0,0,0,0,0,0,0,0
0.0001181956402787,0.0007531322385368,0.0010517032932571,0.0013991530574065,0.0014856640475464,0.0004842743127992,0.0004715068205199,0.0004589007867513,0.0004684395119657,0.0004552629986932,0.0004228130434084,0.0004247248323294,0.0004086613115965,0.0004220557176723,0.0007234789795223,0.0006966048079551,0.0007346515768818,0.0007403499840319,0.0005343668315022,0.0005332541768759,0.0005323392550172,0.0005554198312563,0.0005270906615857,0.0005098217715136,0.0004913283172969,0.0004472238269801,3.22446885874e-05,2.68380956143e-05,2.57455741085e-05,2.77382255306e-05,3.60674586709e-05,3.55187787536e-05,3.44206582938e-05,2.69566822644e-05,3.32665281589e-05,3.05419704434e-05,3.16661272731e-05,3.33504083375e-05,3.26315484643e-05,3.71027352376e-05,4.33840275783e-05,3.10780622492e-05,3.67983414625e-05,3.81152626476e-05,3.71686852884e-05,3.66196907118e-05,4.47213199873e-05,4.68987444918e-05,4.67275658326e-05,4.76528640751e-05,5.36482741499e-05,3.11791841371e-05,3.37653823255e-05,2.86358037277e-05,2.829159611e-05,3.03905632797e-05,1.90239143989e-05,2.11006339172e-05,2.08363647377e-05,2.15043032597e-05,1.39210493542e-05,1.87834358757e-05,9.8872991676e-06,1.36089077248e-05,1.51967099465e-05,3.3798903848e-06,5.1348085433e-06,4.0300323811e-06,5.5989872851e-06,4.3317346826e-06,1.0813873767e-06,0,0,0,0,0,0,0,0,0,0,0,0,0,0
0.0001089680723548,0.000612217155027,0.0009061612274336,0.0011962752339307,0.0009794719256169,0.00055774314417,0.0005351242626014,0.000543591011114,0.0005363683420536,0.0005218952518229,0.0005031146805484,0.0006377088094225,0.0006621741957017,0.0007362029751872,0.0007421423846101,0.0007893243739823,0.0007704321830758,0.0007686589486952,0.0004488591847425,0.0004472143454782,0.0004463729553073,0.0004699549565578,0.000443823532218,0.0004280869175831,0.0004233701620263,0.0003842040194113,2.84107307207e-05,2.68146983622e-05,2.74747761567e-05,2.48431222433e-05,3.6586274683e-05,3.24334247252e-05,3.27689629728e-05,3.1815216026e-05,3.07511987897e-05,3.72154367642e-05,3.09480334112e-05,3.44700139266e-05,3.85319250417e-05,3.20553647115e-05,3.4886099941e-05,2.90989397629e-05,3.82035734498e-05,3.738700695e-05,2.61283340689e-05,3.92269785513e-05,4.68493740943e-05,4.53688326417e-05,5.12297937472e-05,4.9940697578e-05,5.35721869026e-05,3.06765262002e-05,2.85320280522e-05,3.36367697646e-05,3.08558425825e-05,1.95362684736e-05,1.54600711209e-05,2.03748373694e-05,2.65380421929e-05,2.22832253959e-05,1.52983699011e-05,1.56962146651e-05,1.35775017738e-05,1.61552933234e-05,1.50178013681e-05,4.235012051e-06,4.2518322354e-06,5.8455011422e-06,4.8166605481e-06,3.4500110612e-06,1.5297587423e-06,0,0,0,0,0,0,0,0,0,0,0,0,0,0
8.55185432708e-05,0.0006165253499134,0.0013370982608062,0.0012675748524805,0.0011402472436107,0.0004661471743126,0.0004598646006064,0.0004809709734186,0.000540946921184,0.0005052321982899,0.0005276081676539,0.0004767052260972,0.0004659417378729,0.0004572517597281,0.0006335598886577,0.0007125592323493,0.0007177743792343,0.0007170781781635,0.0005069071052131,0.000506521426673,0.0005044749283412,0.00053096457364,0.000499346618939,0.0004788758945132,0.0004723027464683,0.0004365942801495,2.87127925653e-05,3.59082101583e-05,2.94139137344e-05,3.29628631759e-05,3.83831700752e-05,3.43212549674e-05,3.60284467472e-05,3.05347715715e-05,3.58461838449e-05,3.53982641695e-05,3.93556904366e-05,3.40971746361e-05,4.17368440924e-05,4.07792413896e-05,3.88823358305e-05,3.43119854219e-05,3.57863696159e-05,4.39971554504e-05,4.09961854538e-05,4.06238698994e-05,4.75381128141e-05,4.54133438229e-05,6.37163008695e-05,5.33736423815e-05,6.56245814142e-05,3.91686313955e-05,2.42487422275e-05,4.20067196e-05,3.10605226265e-05,2.8949337822e-05,2.06360162577e-05,2.42353953466e-05,2.37146112442e-05,2.61339245982e-05,1.31914625038e-05,1.55191123393e-05,1.48369131422e-05,1.46961554439e-05,1.2970137929e-05,3.7707876752e-06,5.7944495797e-06,2.9256799428e-06,4.0972580869e-06,4.5329122076e-06,1.742969794e-07,0,0,0,0,0,0,0,0,0,0,0,0,0,0
2.1035400667e-05,0.0001670083325684,0.0002406959785413,0.0001732552091301,0.0002317718691675,0.000215190926269,0.0001914440007633,0.000187011582163,0.0002176770927599,0.0002070867880576,0.0002141251794679,0.0002101188003239,0.0001864868634756,0.0002141116997836,0.0002145696169598,0.0002709300758758,0.0002878522310972,0.0002949356464878,0.00024912617185,0.0002514823898151,0.0002491936642639,0.0002598121426139,0.0002471703707449,0.0002361440787505,0.000235862864998,0.0002194251455399,9.4955547684e-06,9.0450669795e-06,1.20900410442e-05,9.911449014e-06,1.33459427113e-05,1.11127616365e-05,1.31057056477e-05,1.16761599136e-05,1.2884408007e-05,1.06972557911e-05,1.65959142329e-05,1.52105759243e-05,1.45350400484e-05,1.45859620531e-05,1.39719717234e-05,1.50894441824e-05,1.61265197854e-05,1.32998005775e-05,1.22723876304e-05,1.53351991134e-05,1.667260902e-05,1.69703981735e-05,1.66494473838e-05,1.68204601689e-05,2.92836507477e-05,8.3521244777e-06,8.9383121396e-06,1.08404456106e-05,1.0534998741e-05,9.4046486411e-06,5.7723713726e-06,6.0882466479e-06,5.8265667382e-06,7.7143196798e-06,9.1756999725e-06,5.2256485901e-06,3.9846315039e-06,5.0043030331e-06,4.5532725561e-06,1.0424039224e-06,1.6182362045e-06,8.649107714e-07,1.0747684573e-06,8.771719921e-07,4.345385146e-07,0,0,0,0,0,0,0,0,0,0,0,0,0,0
2.77198590479e-05,0.0002607018938749,0.0004595411754843,0.0004088341162503,0.000413093509226,0.0003223453718531,0.0003076853450428,0.0003357361844014,0.0003581090627917,0.000332789153891,0.0003558093522716,0.0003290726659776,0.0001936564733371,0.0002500286415398,0.0002738794850713,0.0003104921795092,0.000307127885475,0.0002942935099296,0.0002914215139663,0.0002865822436781,0.0002858346275081,0.0003019286827967,0.0002804550503556,0.0002711004295938,0.0002670182877139,0.0002538269349308,1.12306186791e-05,1.69878218274e-05,9.9934524034e-06,1.48687502086e-05,1.65996327852e-05,1.79343322056e-05,1.47232117752e-05,1.51003553886e-05,1.93115217002e-05,1.56840348511e-05,2.13524660502e-05,1.42708205391e-05,1.59671740546e-05,1.84341310532e-05,1.99994894806e-05,1.60637520069e-05,1.54818769371e-05,1.83396304018e-05,1.91661591026e-05,1.90657056426e-05,2.71973051603e-05,2.30790775943e-05,2.12323655901e-05,2.19771664227e-05,2.7152738604e-05,1.69728424365e-05,1.75303031977e-05,1.41696049013e-05,1.72032689695e-05,1.12861430087e-05,1.11509904479e-05,9.920384633e-06,1.17965107228e-05,1.02919322436e-05,8.4561068794e-06,9.7534565336e-06,6.4206665513e-06,5.3288731496e-06,7.4211988599e-06,1.7163751794e-06,1.767115158e-06,1.7802212274e-06,2.1180424249e-06,1.5145768874e-06,1.931697495e-07,0,0,0,0,0,0,0,0,0,0,0,0,0,0
0.0001294252655375,0.0002139831056887,0.0004383202326203,0.0004778668415346,0.0003970479534989,0.0001882834685298,0.0001872623318964,0.0001879861196551,0.0001906014867936,0.0001836457570905,0.0001928445855015,0.0002369962380144,0.0002815879122014,0.0003209097791675,0.0002503923077944,0.0001947966054671,0.0002018716233026,0.0001969918063435,0.0002262830663523,0.0002296508662126,0.000230431336166,0.0002370596540113,0.0002207211887263,0.0002152531562982,0.0002074229034276,0.0001937572556328,1.09374350151e-05,1.37048445492e-05,1.15240062046e-05,1.387638322e-05,1.84453318154e-05,1.33526777303e-05,1.35277348985e-05,8.0787679374e-06,1.06953756698e-05,1.52885977161e-05,1.31205721908e-05,1.18363503094e-05,1.90000167824e-05,1.39985832536e-05,1.65002710288e-05,1.52406844676e-05,1.13516267056e-05,1.30779788801e-05,1.37203992068e-05,1.56980609808e-05,1.67291486455e-05,1.69865072769e-05,1.96259077891e-05,2.02346513213e-05,2.33599314911e-05,1.27380680042e-05,2.02444769622e-05,1.60003409347e-05,1.32475381529e-05,8.3110419141e-06,8.7859719552e-06,7.117138956e-06,1.10455064086e-05,8.6311293381e-06,4.6062055902e-06,5.496983015e-06,5.3592472684e-06,7.7914880773e-06,3.9849978741e-06,9.756207233e-07,1.8932735776e-06,3.4625041489e-06,5.7270489943e-06,5.253362674e-07,1.218993082e-07,0,0,0,0,0,0,0,0,0,0,0,0,0,0
3.00523662482e-05,0.0002368126460357,0.0003501100667914,0.000339892262267,0.0004495833990729,0.0001663905953385,0.0001742596698199,0.0001384640861449,0.0002306646592445,0.0002492477503112,0.0002110330936996,0.0003337170364958,0.0003209253821929,0.0003623655696435,0.0002659581383377,0.0003623054136763,0.0003691920062207,0.0003442356932229,0.0002307839347206,0.0002319327109301,0.0002321255031969,0.0002421718028352,0.0002277432146137,0.0002181369837414,0.000215666187155,0.0001982754615139,1.52165669287e-05,1.48896476786e-05,1.43040414971e-05,1.99299932295e-05,1.93778150096e-05,1.94690251846e-05,1.58983629973e-05,1.63716982196e-05,1.65096835236e-05,1.77696607001e-05,1.62804637154e-05,1.35961718716e-05,1.48740438341e-05,1.52715553255e-05,1.76653541632e-05,1.72796410807e-05,1.98758804175e-05,1.81496051349e-05,2.09898120897e-05,1.91363468787e-05,1.75945101888e-05,2.34414634833e-05,2.48380487791e-05,2.38915700655e-05,2.81715253724e-05,1.39997158679e-05,1.80320806772e-05,1.54166313005e-05,2.06985675905e-05,1.04112320185e-05,1.26758156935e-05,1.31099187584e-05,9.103199769e-06,6.3327552626e-06,8.4092372188e-06,7.5091243752e-06,7.7799510207e-06,6.7083671481e-06,5.8313179635e-06,1.2667670112e-06,2.3536732722e-06,5.9841575702e-06,1.1100867873e-06,1.6076396034e-06,1.487527454e-07,0,0,0,0,0,0,0,0,0,0,0,0,0,0
5.55231332879e-05,0.0003327335213825,0.0003274649028953,0.0004150050254515,0.0004304056025678,0.0003066329411085,0.0002789163970491,0.0002821581252229,0.0003278355708781,0.0002848253773173,0.0002123902234682,0.0002012244477118,0.0001092158173395,0.0001403247333147,8.63619521458e-05,0.0001094682187737,0.0001025353620762,9.71495195676e-05,0.0002394318321242,0.0002397761739811,0.000240609443998,0.0002511550593302,0.0002384357111183,0.0002285451209318,0.0002275131154309,0.0002029331939959,1.16627181665e-05,1.04317305347e-05,1.55143995824e-05,1.31054577203e-05,1.32476145601e-05,1.66160894416e-05,1.56084783488e-05,1.0775005496e-05,1.2118968266e-05,1.183025532e-05,1.52283167089e-05,1.80648517128e-05,1.3127686847e-05,1.61151829876e-05,1.58682995539e-05,1.11814731961e-05,1.58878695351e-05,1.49119937525e-05,1.17290537408e-05,1.76500462755e-05,2.31190868216e-05,1.58373355883e-05,1.97037336332e-05,1.97679055078e-05,2.93993116022e-05,1.71713941012e-05,8.343811658e-06,1.27982956389e-05,1.06062578518e-05,7.9217423159e-06,4.5816759424e-06,9.060381414e-06,7.9395223743e-06,1.31783006869e-05,7.2724827596e-06,5.6067218711e-06,6.4937257512e-06,5.1838924592e-06,6.960099091e-06,1.1154017009e-06,1.8157981073e-06,5.92207931e-07,1.734416552e-06,2.2462338655e-06,0,0,0,0,0,0,0,0,0,0,0,0,0,0,0
1.05096110393e-05,3.67836386375e-05,0.000149236476758,4.72932496768e-05,8.72297716262e-05,0.0001075625433363,0.0001048134540304,0.0001170862922497,6.66427529001e-05,9.0236812026e-05,7.7247209055e-05,5.83675227851e-05,4.84911258e-05,4.65604464557e-05,4.38248928729e-05,0.0001163557870718,0.0001329834419464,0.0001323538505144,0,0,0,0,2.6444583811e-06,1.157667883e-07,1.8694720246e-06,2.8683406013e-06,2.3020286274e-06,1.484773058e-07,1.6166843717e-06,3.7614322637e-06,4.0583728629e-06,2.2578954668e-06,5.393966655e-07,1.1116254933e-06,2.4145520741e-06,2.8995554776e-06,1.7776542962e-06,4.0753066409e-06,1.6584756188e-06,2.1843401901e-06,5.807206592e-06,1.1941834851e-06,2.8683406013e-06,1.8998779755e-06,7.840743176e-07,4.5289392321e-06,1.2696674319e-06,1.7239898992e-06,5.49082943e-07,2.6602036772e-06,6.1737013895e-06,2.7239207395e-06,5.5950792996e-06,1.4759593219e-06,1.7656737358e-06,3.3318804146e-06,1.2762906972e-06,1.4571605712e-06,3.341529597e-06,8.752902742e-07,0,2.3085833884e-06,1.7516018399e-06,2.483593085e-06,2.891678312e-07,5.970309202e-07,2.502288343e-07,1.484773058e-07,1.73401043e-07,0,0,0,0,0,0,0,0,0,0,0,0,0,0,0,0
0,0,0,0,0,0,0,0,0,0,0,0,0,0,0,0,0,0,0,0,0,0,0,0,0,0,0,0,0,0,0,0,0,0,0,0,0,0,0,0,0,0,0,0,0,0,0,0,0,0,0,0,0,0,0,0,0,0,0,0,0,0,0,0,0,0,0,0,0,0,0,0,0,0,0,0,0,0,0,0,0,0,0,0,0
0,0,0,0,0,0,0,0,0,0,0,0,0,0,0,0,0,0,0,0,0,0,0,0,0,0,0,0,0,0,0,0,0,0,0,0,0,0,0,0,0,0,0,0,0,0,0,0,0,0,0,0,0,0,0,0,0,0,0,0,0,0,0,0,0,0,0,0,0,0,0,0,0,0,0,0,0,0,0,0,0,0,0,0,0
0,0,0,0,0,0,0,0,0,0,0,0,0,0,0,0,0,0,0,0,0,0,0,0,0,0,0,0,0,0,0,0,0,0,0,0,0,0,0,0,0,0,0,0,0,0,0,0,0,0,0,0,0,0,0,0,0,0,0,0,0,0,0,0,0,0,0,0,0,0,0,0,0,0,0,0,0,0,0,0,0,0,0,0,0
0,0,0,0,0,0,0,0,0,0,0,0,0,0,0,0,0,0,0,0,0,0,0,0,0,0,0,0,0,0,0,0,0,0,0,0,0,0,0,0,0,0,0,0,0,0,0,0,0,0,0,0,0,0,0,0,0,0,0,0,0,0,0,0,0,0,0,0,0,0,0,0,0,0,0,0,0,0,0,0,0,0,0,0,0
0,0,0,0,0,0,0,0,0,0,0,0,0,0,0,0,0,0,0,0,0,0,0,0,0,0,0,0,0,0,0,0,0,0,0,0,0,0,0,0,0,0,0,0,0,0,0,0,0,0,0,0,0,0,0,0,0,0,0,0,0,0,0,0,0,0,0,0,0,0,0,0,0,0,0,0,0,0,0,0,0,0,0,0,0
0,0,0,0,0,0,0,0,0,0,0,0,0,0,0,0,0,0,0,0,0,0,0,0,0,0,0,0,0,0,0,0,0,0,0,0,0,0,0,0,0,0,0,0,0,0,0,0,0,0,0,0,0,0,0,0,0,0,0,0,0,0,0,0,0,0,0,0,0,0,0,0,0,0,0,0,0,0,0,0,0,0,0,0,0
0,0,0,0,0,0,0,0,0,0,0,0,0,0,0,0,0,0,0,0,0,0,0,0,0,0,0,0,0,0,0,0,0,0,0,0,0,0,0,0,0,0,0,0,0,0,0,0,0,0,0,0,0,0,0,0,0,0,0,0,0,0,0,0,0,0,0,0,0,0,0,0,0,0,0,0,0,0,0,0,0,0,0,0,0
0,0,0,0,0,0,0,0,0,0,0,0,0,0,0,0,0,0,0,0,0,0,0,0,0,0,0,0,0,0,0,0,0,0,0,0,0,0,0,0,0,0,0,0,0,0,0,0,0,0,0,0,0,0,0,0,0,0,0,0,0,0,0,0,0,0,0,0,0,0,0,0,0,0,0,0,0,0,0,0,0,0,0,0,0
0,0,0,0,0,0,0,0,0,0,0,0,0,0,0,0,0,0,0,0,0,0,0,0,0,0,0,0,0,0,0,0,0,0,0,0,0,0,0,0,0,0,0,0,0,0,0,0,0,0,0,0,0,0,0,0,0,0,0,0,0,0,0,0,0,0,0,0,0,0,0,0,0,0,0,0,0,0,0,0,0,0,0,0,0
0,0,0,0,0,0,0,0,0,0,0,0,0,0,0,0,0,0,0,0,0,0,0,0,0,0,0,0,0,0,0,0,0,0,0,0,0,0,0,0,0,0,0,0,0,0,0,0,0,0,0,0,0,0,0,0,0,0,0,0,0,0,0,0,0,0,0,0,0,0,0,0,0,0,0,0,0,0,0,0,0,0,0,0,0
0,0,0,0,0,0,0,0,0,0,0,0,0,0,0,0,0,0,0,0,0,0,0,0,0,0,0,0,0,0,0,0,0,0,0,0,0,0,0,0,0,0,0,0,0,0,0,0,0,0,0,0,0,0,0,0,0,0,0,0,0,0,0,0,0,0,0,0,0,0,0,0,0,0,0,0,0,0,0,0,0,0,0,0,0
0,0,0,0,0,0,0,0,0,0,0,0,0,0,0,0,0,0,0,0,0,0,0,0,0,0,0,0,0,0,0,0,0,0,0,0,0,0,0,0,0,0,0,0,0,0,0,0,0,0,0,0,0,0,0,0,0,0,0,0,0,0,0,0,0,0,0,0,0,0,0,0,0,0,0,0,0,0,0,0,0,0,0,0,0
0,0,0,0,0,0,0,0,0,0,0,0,0,0,0,0,0,0,0,0,0,0,0,0,0,0,0,0,0,0,0,0,0,0,0,0,0,0,0,0,0,0,0,0,0,0,0,0,0,0,0,0,0,0,0,0,0,0,0,0,0,0,0,0,0,0,0,0,0,0,0,0,0,0,0,0,0,0,0,0,0,0,0,0,0
0,0,0,0,0,0,0,0,0,0,0,0,0,0,0,0,0,0,0,0,0,0,0,0,0,0,0,0,0,0,0,0,0,0,0,0,0,0,0,0,0,0,0,0,0,0,0,0,0,0,0,0,0,0,0,0,0,0,0,0,0,0,0,0,0,0,0,0,0,0,0,0,0,0,0,0,0,0,0,0,0,0,0,0,0
