0.0012352548141581,0.0067467785053595,0.0117031690257935,0.0123032632503122,0.0122032729007404,0.0097528269069709,0,0,0,0,0,0,0,0,0,0,0,0,0,0,0,0,0.0002764770554641,0.0002398294256812,0.00024272626826,0.0002217198742942,0.0003515464168457,0.0003171614096687,0.00032758318652,0.0003647536192534,0.0004157140511264,0.0003356309237431,0.0003032857051275,0.0003371993325949,0.0003397105008658,0.0004241474626573,0.000380814811539,0.0004090718824917,0.000340756106767,0.000296652107033,0.0002821528956941,0.0004114973453609,0.0003887339906595,0.0003298372385857,0.0003832574154885,0.0003598855524347,0.0003736326988734,0.0004191444098309,0.0003839087765417,0.0003942534185314,0.0004307467785911,0.0003485210161644,0.000463700505559,0.0003700587836209,0.0004146513041448,0.0003072624357681,0.0003469611778528,0.0003175899366774,0.0002625927803827,0.0002593381177517,0.0001167478982464,0.0001940113179125,0.0001511436185986,0.0001813440595358,0.0001228844050108,6.8821437595e-05,3.4882098507e-05,4.29898295114e-05,4.22356219761e-05,1.73467733116e-05,4.1481414441e-06,0,0,0,0,0,0,0,0,0,0,0,0,0,0
0.0067412874292007,0.0339555234136426,0.0583742650320537,0.0611671068338961,0.0607781475810501,0.0489640677103943,0,0,0,0,0,0,0,0,0,0,0,0,0,0,0,0,0.0011533665942189,0.0011930758440678,0.0011525273648712,0.0011881946121476,0.0015702494908961,0.0017536296669287,0.0014987094707888,0.0017223298376862,0.0018152702061593,0.0017703457453641,0.0018402415610351,0.0019002721500885,0.0017473183196916,0.0016851211487508,0.0017585280259784,0.0016081603921428,0.0016872449128144,0.0016284646042177,0.0016376511683271,0.0017826173336827,0.0018932500269752,0.001857617033958,0.0018227804524645,0.0018972749024182,0.0021875968753265,0.0021207818020823,0.001914350650574,0.0021712062123524,0.0022167729405055,0.0019405465952123,0.0019033892876656,0.0019199255312407,0.0018722350390242,0.0014828069310068,0.0014604046455626,0.0014393896576116,0.0014864635731645,0.0015323278851934,0.0008800775516426,0.0008632672739947,0.0008924155075882,0.0007976018593212,0.0008683283407751,0.0002057310800882,0.0002027167052883,0.0001720077620151,0.0001612690517907,0.0001942387761638,3.18393338232e-05,0,0,0,0,0,0,0,0,0,0,0,0,0,0
0.0115728981484871,0.0577715057508908,0.100772254698958,0.104869022653708,0.105933519227039,0.0845604296929563,0,0,0,0,0,0,0,0,0,0,0,0,0,0,0,0,0.0020134727595461,0.0020665779828084,0.0018680902188756,0.0020065400955453,0.0026717876848767,0.0027149854702211,0.0026333359775768,0.0027693450141094,0.003199136281597,0.0031239787457065,0.0032289518218838,0.0030872898673946,0.0029266690261455,0.0027293508314451,0.0029876391787387,0.0029911478864358,0.0028849459150506,0.0027155617796979,0.002866650207946,0.0029066168464074,0.0029095407694884,0.0034452119530654,0.0031478193127408,0.003399717404953,0.0037563088937434,0.0034135001003457,0.0033713765389158,0.0037522916776843,0.0036563785254885,0.0034025396263616,0.0032647677608411,0.0034037769967089,0.0032513431400866,0.0026114701180146,0.0025008525990201,0.002620784296177,0.0024719777992029,0.0025920726427925,0.0013947113096328,0.001532381473481,0.0015922265513234,0.0014300017899494,0.0014359259123657,0.0003292761146164,0.0003447517190973,0.0002945958443341,0.0002360495815993,0.0003201399143808,8.57684103757e-05,0,0,0,0,0,0,0,0,0,0,0,0,0,0
0.0124024627475863,0.0617105137200992,0.106904548011879,0.110124672643919,0.111279957098987,0.0883865353924713,0,0,0,0,0,0,0,0,0,0,0,0,0,0,0,0,0.0020884091237397,0.0020891521330588,0.0020170715894663,0.0022064871279683,0.0027911490656399,0.0031336072445828,0.0029109463588742,0.0029497556363305,0.0035902815072238,0.0031194555089476,0.0033277054697236,0.0033481123070681,0.0029051577979001,0.0030892599558065,0.0029780159093847,0.0029641406423333,0.0030675571719752,0.0028247831967924,0.0028887986334158,0.0031541868747922,0.0032515297352329,0.0033398441684827,0.0032784595032274,0.0033189535111165,0.0038448917936521,0.0038168431918574,0.0037306152324513,0.0038272669214325,0.0036470526029863,0.0038417037652948,0.0035687601559006,0.0035385041252569,0.0033778672384037,0.002884733681269,0.0027369266646346,0.0029159400726698,0.0024868694701963,0.0027433588790305,0.0015979279370813,0.0016506211212322,0.001610140072808,0.0016693777867169,0.001313795989685,0.0003312957598704,0.000369690334451,0.0003579058610649,0.0002750344030594,0.0003299652548107,8.05905921888e-05,0,0,0,0,0,0,0,0,0,0,0,0,0,0
0.012677572121326,0.0631918156424981,0.111289582500841,0.114680374188254,0.114399695602099,0.0910743893522349,0,0,0,0,0,0,0,0,0,0,0,0,0,0,0,0,0.002379499814448,0.0023071576779002,0.0021570332761363,0.0024230920729757,0.0030956914180946,0.0030522060033378,0.0030738418669453,0.003207165085735,0.0036143912148778,0.003220680822754,0.0034047548327218,0.0033738324646935,0.0031957773204864,0.0034171041919085,0.0031379125148958,0.0032133086025618,0.0029873162198104,0.003207752726475,0.0029958436882755,0.0032231916513702,0.0032294331083204,0.0033489556733686,0.0034316883666365,0.0034335759399225,0.0040940485170441,0.0038504335898296,0.0038594908253254,0.0039086656708827,0.004035417997762,0.0038504714303318,0.0037861870948395,0.0036872764739276,0.0037796785284621,0.0029667487939119,0.0026603119553194,0.0027431247814155,0.002660151689663,0.0027809274431075,0.0015254797463386,0.0016255389377877,0.0015641371581979,0.0015785365822387,0.0015432870414889,0.0004240807340025,0.0004072350327904,0.0003422027909018,0.000302634981078,0.0003277076526495,7.48262542212e-05,0,0,0,0,0,0,0,0,0,0,0,0,0,0
0.0103853995203879,0.0521823687792894,0.0910586525484463,0.0933665234182347,0.0933531965500639,0.0748113065140452,0,0,0,0,0,0,0,0,0,0,0,0,0,0,0,0,0.0018317655953334,0.0018424617703009,0.0017973863367134,0.0017107217654749,0.0024088023314011,0.0024470146902654,0.0025912852823188,0.002685798582629,0.0029491325694147,0.0026787438528936,0.0028452829320807,0.0027096550684354,0.0027296236954226,0.0026636031069285,0.0027986833848246,0.002607265659766,0.0026671259085817,0.0025658042921231,0.0024542679198349,0.0027008298114443,0.0026700189866232,0.0028815878672521,0.0029025604014461,0.0029734453766788,0.0031169493486833,0.0031047632841565,0.0029802263135396,0.003175385874551,0.0032144561177558,0.0032535446138188,0.0029414937482135,0.0031715162685901,0.0030328584304659,0.0023648585750286,0.002069536454061,0.0025480260081327,0.00227259037629,0.0022933781002936,0.0012809673430811,0.001389818263591,0.0012342559970679,0.0013928664909281,0.001329519946176,0.0002427447626161,0.0003023768507029,0.0002547916490983,0.0002051986330799,0.0002511775831536,9.29618073542e-05,0,0,0,0,0,0,0,0,0,0,0,0,0,0
0,0,0,0,0,0,0.148124186463082,0.148124238239939,0.144993665308794,0.14850400981716,0.149944216404561,0.153758913116445,0.0074728813820691,0.0077098292713006,0.0079667342448637,0.0080762517742969,0.0082205237629204,0,0,0,0,0,0.0011744541805158,0.0011246997296138,0.0010947842532387,0.0011098924257342,0.0015492243128117,0.001602856128787,0.0015724569114343,0.0016383942672441,0.0017599833097714,0.0017429778936814,0.001677136017909,0.0016733478599825,0.0016878052030851,0.00164105885545,0.0016887947213151,0.0015999131380502,0.0015982200843416,0.001679931156711,0.0015289676689461,0.0017059672020293,0.0016800892606791,0.0017307300159357,0.0018021155545391,0.0018396056516707,0.0019798538617221,0.0020832911861733,0.0020984740376397,0.0019942021440182,0.0019642341505906,0.002051884555787,0.0019614766373029,0.0019492329154704,0.0019360993437073,0.0015121049322218,0.0015637725951185,0.0013918192557856,0.0013889878657269,0.0014182614681336,0.0008376982073085,0.00077372513267,0.0008153892499446,0.0007481588804681,0.0007324779913023,0,0,0,0,0,0,0,0,0,0,0,0,0,0,0,0,0,0,0,0
0,0,0,0,0,0,0.148105532378014,0.14828890235111,0.145003618377775,0.148524908113963,0.149945264667164,0.153848762754521,0.0074349684083662,0.0076579502962183,0.0078957909787319,0.0080202506906146,0.0081688774658083,0,0,0,0,0,0.0011798237652554,0.0011183523518868,0.0010992701406611,0.0011083828613839,0.0015403866585371,0.0016116877840781,0.0015580180149947,0.0016285600583822,0.0017587617165458,0.0017432233705246,0.0016819575090897,0.0016687737852518,0.0016984065994501,0.0016348044304179,0.0016845778687007,0.0016061593897576,0.0015862170815666,0.001675108376962,0.0015295894222734,0.0017064942012391,0.0016860817694538,0.001734546995586,0.001800313311698,0.0018302016014892,0.0019822017305564,0.002081118965311,0.0020873929252172,0.0020001855614008,0.0019645544049418,0.0020530779928904,0.0019688111493097,0.00196381527301,0.0019357568658141,0.0015067780577138,0.0015705789125404,0.0013944802380189,0.0013962483498903,0.0014135405894033,0.000840187359886,0.0007802537883721,0.0008129120161108,0.0007543744155637,0.0007292058565774,0,0,0,0,0,0,0,0,0,0,0,0,0,0,0,0,0,0,0,0
0,0,0,0,0,0,0.148320651737585,0.148349567504684,0.145032788062354,0.148678338192866,0.150121578071758,0.153940131635784,0.0072958969773162,0.0075145004209574,0.0077515027122969,0.0078761008617186,0.0080145355198574,0,0,0,0,0,0.0011770171062845,0.0011222378607033,0.0010990293352579,0.00110591004861,0.0015481904867549,0.001601430527167,0.0015654914755532,0.0016332410369234,0.0017609349054916,0.0017446854037248,0.0016805289187699,0.0016715701166734,0.0016942277379189,0.0016428185256045,0.0016918118371647,0.0016003863487226,0.0015854091926976,0.0016730638564952,0.0015259832208538,0.001704650970928,0.0016901078180002,0.0017262671526778,0.0018070142952114,0.0018306542332295,0.0019724401172885,0.0020817402841839,0.002092428590248,0.0019957261508637,0.0019648568248317,0.0020452773548113,0.0019652590666114,0.0019538716947635,0.0019307352244439,0.0015195099552925,0.0015692128245365,0.0013969532466104,0.0013970060980371,0.0014229752500359,0.0008431596392584,0.0007745288804477,0.000813418061135,0.0007525155895431,0.0007301310384622,0,0,0,0,0,0,0,0,0,0,0,0,0,0,0,0,0,0,0,0
0,0,0,0,0,0,0.148170898521606,0.148210466692445,0.145017306955261,0.148500450976674,0.150006322530473,0.153871462305323,0.0074260698803473,0.0076441384405484,0.0078828886686385,0.0080123795025733,0.0081535655270195,0,0,0,0,0,0.0011787014051675,0.0011245682062898,0.001095129012003,0.0011040037049948,0.001543105523467,0.0016080843344709,0.0015654257899444,0.0016316136667283,0.0017518073519974,0.0017430788065594,0.0016776661163704,0.0016769120506607,0.0016953260208741,0.001638289037648,0.0016836392194072,0.0015996156583622,0.00158869218168,0.0016711408049158,0.001528902667059,0.001705000670363,0.001690680877836,0.001731180234553,0.0018057146232547,0.0018385380333615,0.00197362194202,0.0020823088688861,0.0020962431556165,0.0019926033031541,0.0019627544909597,0.0020505219412897,0.0019697789026353,0.0019508532146563,0.0019322944190733,0.0015138533037854,0.0015737547393467,0.0013854888975403,0.0013934527707857,0.0014320976908785,0.0008385370941083,0.000775446648276,0.0008140582155291,0.000755294797334,0.000734269605247,0,0,0,0,0,0,0,0,0,0,0,0,0,0,0,0,0,0,0,0
0,0,0,0,0,0,0.148231178010607,0.148250936159294,0.145077601013273,0.148625959447169,0.149999041226735,0.153868947400345,0.0073695119487463,0.007597073845961,0.0078314508914412,0.0079494348632263,0.0080951533404411,0,0,0,0,0,0.0011768115861906,0.0011238034860452,0.0010966954780501,0.001108973728331,0.0015424309205985,0.0016069937362187,0.0015619720253455,0.0016433981345972,0.0017607299029298,0.0017389536661632,0.0016690163850288,0.0016734387877542,0.0016904796863524,0.0016371731676386,0.0016934376689718,0.0015923905696362,0.0015931651276277,0.0016749583767746,0.0015275628435212,0.0017125553427731,0.0016885513992532,0.0017271169757476,0.0018051211873352,0.0018393434651539,0.0019761658642887,0.0020756196791109,0.0020978206966727,0.0019896850859796,0.0019598709594985,0.0020500268041011,0.0019677969553456,0.0019612509918323,0.0019426238926779,0.0015086885241318,0.001568284954331,0.0013966652489653,0.0013892157166257,0.0014203644631013,0.0008363572418754,0.0007732181496405,0.0008172314804984,0.0007546268187402,0.0007331246773049,0,0,0,0,0,0,0,0,0,0,0,0,0,0,0,0,0,0,0,0
0,0,0,0,0,0,0.148169074947454,0.148274382964102,0.145016201801415,0.148610883484983,0.149988655066649,0.153842439169669,0.0073975096777828,0.007623941475442,0.0078598563824115,0.00797901364365,0.0081331295787385,0,0,0,0,0,0.0011763218437822,0.0011269391230804,0.0010947334648211,0.0011084362643096,0.0015454304664056,0.0016098608377188,0.0015647424505254,0.0016286305456065,0.0017606249679677,0.0017465114203085,0.0016699601389847,0.0016646078073059,0.0016903754816317,0.0016367771083498,0.0016889483542083,0.0016028608512579,0.001588944974322,0.0016711650911457,0.0015338402401142,0.0017036137791675,0.001691357411806,0.0017327229272326,0.0017999339970415,0.0018377960705901,0.0019708286189375,0.0020790151689251,0.002096348228551,0.0019913577460645,0.0019636546308952,0.0020539791181951,0.0019733307714095,0.0019583210131554,0.0019443942738095,0.0015101560415557,0.0015690566341828,0.0013863727866831,0.0013934931391934,0.0014266392804173,0.0008421103697012,0.0007755732704363,0.0008138188620889,0.0007493289363289,0.0007319972994895,0,0,0,0,0,0,0,0,0,0,0,0,0,0,0,0,0,0,0,0
0,0,0,0,0,0,0.0071998059882294,0.0071641831658318,0.0068716147196276,0.0071707899741428,0.0071822677507276,0.0073960694052699,0.16871842777148,0.174109172479186,0.179233444804609,0.182412661190107,0.185433615488151,0,0,0,0,0,0.0011821465661875,0.0011223265290889,0.0011069706357132,0.0011746535117619,0.0014972349365358,0.0016815188389877,0.0015740397002136,0.001650671605834,0.0017486231271318,0.0017744912059896,0.0018064740902119,0.0017683368898413,0.0016911420414884,0.0017543591314949,0.0016487855753846,0.0015654301905556,0.00149592391986,0.0015399384217772,0.0015967756080501,0.0017344278805187,0.001667611391959,0.0016184911720843,0.0017413004109337,0.0017717595334197,0.0020699405114161,0.0020436197567463,0.0019601926298445,0.0020183310473279,0.0019285905819428,0.0019423347117353,0.0019178513390895,0.0020486565797443,0.0019585309958643,0.0015988246067856,0.0015506370736277,0.0014112242076797,0.00140802884339,0.0013636672344733,0.0008276485772127,0.0008804629678564,0.0008073068085125,0.0007567042787508,0.0007019615956141,0,0,0,0,0,0,0,0,0,0,0,0,0,0,0,0,0,0,0,0
0,0,0,0,0,0,0.0071979982829576,0.0071504663839391,0.0068582686671002,0.007152712801114,0.0071746956747973,0.00738633945059,0.16871586544781,0.174121073959422,0.179269789782117,0.182431930639526,0.185433075617457,0,0,0,0,0,0.001179230537985,0.0011220764275475,0.00110913494069,0.0011723774701612,0.0014965630654406,0.0016847916459262,0.0015751269416422,0.0016505475980739,0.0017463815377376,0.0017727251545034,0.0018069497017287,0.0017693702713277,0.0016889348634828,0.0017493205534685,0.0016535657767552,0.0015628303444852,0.0015004434100617,0.0015387698941858,0.0015968782829389,0.0017427809430563,0.0016747356674717,0.0016200797875245,0.0017448016302397,0.0017706310088308,0.0020661127937732,0.0020416710237106,0.0019574325867036,0.0020246179237004,0.0019292430126127,0.0019416455315845,0.0019176523600877,0.0020409151827287,0.0019552822357674,0.0016029049977464,0.0015465608707599,0.0014088803733556,0.0014030216436821,0.0013634404944765,0.0008269205819151,0.0008879980974296,0.0008081819892375,0.0007552127797878,0.0007010413588457,0,0,0,0,0,0,0,0,0,0,0,0,0,0,0,0,0,0,0,0
0,0,0,0,0,0,0.007224038556179,0.0071606132260052,0.0068712069945002,0.0071640792914373,0.0071834341168448,0.0073960027938531,0.168688731281758,0.174116471119408,0.179256167544962,0.182396203533737,0.185435241290638,0,0,0,0,0,0.0011777492390059,0.0011222011183934,0.0011088459285129,0.0011718891105377,0.0014963497716745,0.001686056139944,0.0015771695347312,0.0016496802922004,0.001746789949009,0.0017737695754779,0.0018065828293746,0.001769981784394,0.0016867983959944,0.0017534248962282,0.0016506126638382,0.0015666136839973,0.0014987700354945,0.0015356182766872,0.0016010036034539,0.0017397334273847,0.0016685471526576,0.0016208722400676,0.0017407477156304,0.0017710692488101,0.0020700406745589,0.0020482726272869,0.0019592478079258,0.0020239270829619,0.0019249976110914,0.0019423986962098,0.0019205126444368,0.0020442769464096,0.001954171285855,0.0016000551720177,0.001544675959654,0.0014104024643357,0.0014038225812985,0.0013640360917035,0.0008247649853897,0.0008860453376624,0.000809260747644,0.0007555243476341,0.0007005005731022,0,0,0,0,0,0,0,0,0,0,0,0,0,0,0,0,0,0,0,0
0,0,0,0,0,0,0.0071027381534826,0.0070543783177123,0.0067713401019352,0.0070624068406185,0.0070720019064142,0.0072819533700984,0.166509198071065,0.17185011673941,0.176901707332739,0.180011421982052,0.18300593708797,0,0,0,0,0,0.001164048630499,0.0011078573174011,0.0010978422858645,0.0011554145964941,0.0014761273474102,0.0016610187607148,0.0015563978416298,0.0016275922509786,0.0017236611394048,0.0017506597072287,0.001784515265796,0.0017478676036946,0.0016660859456473,0.0017276093634035,0.0016310672947281,0.0015424684598117,0.0014800726757548,0.0015203031104646,0.0015750945863763,0.001713341251382,0.0016492250373825,0.0015975582013894,0.0017235758003277,0.0017501005396634,0.0020368967007564,0.0020176675992982,0.0019340829666777,0.0019997595791866,0.0018990333232492,0.0019169830025031,0.0018899924308523,0.0020175505887016,0.0019283498684008,0.0015810802720024,0.0015274126504822,0.0013906996394011,0.001389208405299,0.0013446743144837,0.0008149711302948,0.0008709619128689,0.0007971239709984,0.0007459086902945,0.0006934740483234,0,0,0,0,0,0,0,0,0,0,0,0,0,0,0,0,0,0,0,0
0,0,0,0,0,0,0.0071088074166428,0.0070650378012571,0.0067752140636205,0.0070667559233612,0.007081291926312,0.0072985684001168,0.166438204058638,0.171758201476813,0.17684378785615,0.179947776318353,0.18295588835038,0,0,0,0,0,0.0011646961220939,0.0011092152970838,0.0010938096531569,0.0011568940213158,0.0014759138614191,0.0016626238487887,0.0015534814034068,0.0016280562476727,0.0017246230090666,0.0017465455038667,0.001778300005533,0.0017485503535541,0.0016658214946054,0.0017323093211709,0.0016235757987032,0.0015435713616087,0.0014755961246426,0.0015194707528019,0.0015753293660991,0.0017147785830818,0.0016475902395443,0.0015960666339609,0.0017204738841524,0.0017495238143813,0.0020426805882042,0.0020215427405361,0.0019303543067319,0.001991153358572,0.0019016383250463,0.0019173533051018,0.0018914291458249,0.0020166213492614,0.0019306143002554,0.0015820339447952,0.0015252965174728,0.0013943226680531,0.0013839956368999,0.0013487777211709,0.0008134577351263,0.0008693967673657,0.0007985533392543,0.0007476273257524,0.0006908492124468,0,0,0,0,0,0,0,0,0,0,0,0,0,0,0,0,0,0,0,0
0,0,0,0,0,0,0,0,0,0,0,0,0,0,0,0,0,0.340435915060151,0.342056148468791,0,0,0,0,0,0,0.0009854011868084,0.0013349426454141,0.0014235535452149,0.0014336334160541,0.0015218528143602,0.0016048401656197,0.0015478791117374,0.0015923884574879,0.0014671421636658,0.0015454495411525,0.001362423045768,0.0014864769544879,0.0013865556092202,0.0013466612573852,0.0013583915454635,0.0014134365443226,0.0015341056591567,0.0014424471470139,0.0015454375689971,0.0014842958826342,0.0014666853618971,0.0017046472592688,0.0016027049225606,0.0015964884762548,0.0016655069241217,0.0017239581951204,0.0016789648164872,0.0018356854801369,0.0015056872920697,0.0016464341112248,0.0011859325954665,0.0012210922357367,0.0012068712831604,0.0012348147843113,0.0011314415961048,0.000764924084581,0.0006466722966988,0.000775709294133,0.0006477042963187,0.0005142968007573,0,0,0,0,0,0,0,0,0,0,0,0,0,0,0,0,0,0,0,0
0,0,0,0,0,0,0,0,0,0,0,0,0,0,0,0,0,0.338658371649554,0.340219474659596,0,0,0,0,0,0,0.0009764135596465,0.0013266769668286,0.0014154774700059,0.0014250857282342,0.0015143659910667,0.0015990720905844,0.0015376446342533,0.0015818232248525,0.0014605887819779,0.0015400772674436,0.0013583336976411,0.0014806871253972,0.0013834833224498,0.0013445110679099,0.0013524432089277,0.0014058999016878,0.001521827032414,0.0014360875271909,0.0015400300816524,0.0014731142490582,0.0014610869435528,0.0016963058585304,0.0015912746262794,0.0015875980816062,0.0016565555156538,0.0017066752073081,0.0016726790811904,0.0018216025464576,0.0015008906563536,0.0016361918075874,0.0011799608756598,0.0012137927660909,0.0011985891758246,0.0012295756731629,0.001126014260022,0.0007630481386014,0.0006446916238684,0.0007719668619859,0.0006436956385586,0.0005109152814278,0,0,0,0,0,0,0,0,0,0,0,0,0,0,0,0,0,0,0,0
0,0,0,0,0,0,0,0,0,0,0,0,0,0,0,0,0,0,0,0.0449742792320887,0.0432450388086853,0.0426554672784017,0.0404056560760119,0.0394000292265693,0.043675936512826,0.0395585949052814,0.0057958458279377,0.0058696923488971,0.005997209442678,0.0060986276525013,0.0066807628827097,0.0059820977145605,0.0060651840320532,0.005949669685483,0.0059860147946959,0.0055650384460345,0.0002365011805458,0.0002291163489168,0.0002539549785551,0.0002234954532815,0.0002433917320439,0.0001991898951791,0.0002232357863094,0.0002160988539912,0.0002291940655,0.0002394532788956,0.0002946179341244,0.0002517478977998,0.0002777498851618,0.0002931569308459,0.0004079666179741,0.0004113659647922,0.0003813557864629,0.0004027733896747,0.0003973025875225,0.0002857351641224,0.0003056489681907,0.0003209635716708,0.0003222504155768,0.0002805024388806,0.0001934216979765,0.0001656109103643,0.0001841351750715,0.0001766435018943,0.0001564727201184,4.92298892442e-05,6.17889605094e-05,4.73210977374e-05,4.79485146774e-05,5.42097474781e-05,2.08336476067e-05,0,0,0,0,0,0,0,0,0,0,0,0,0,0
0,0,0,0,0,0,0,0,0,0,0,0,0,0,0,0,0,0,0,0.0422649885462145,0.0406407773821316,0.040079099825715,0.0379650683259912,0.0370117650618792,0.0410412275401879,0.0371687699788058,0.0054463550246491,0.0055170281566727,0.005639652057828,0.0057345729444422,0.0062807346938678,0.0056229375116034,0.0057027328758643,0.0055918079876029,0.005625713154924,0.0052299260642054,0.0002227384222327,0.0002145723792809,0.0002388706492674,0.0002095473072626,0.0002279820520005,0.0001874676959314,0.0002095781355956,0.0002029020443753,0.0002158057630562,0.0002255934772474,0.0002765153914527,0.0002362696667487,0.0002614088304964,0.000275471421344,0.0003841522488842,0.000387009720921,0.0003584254687917,0.0003778375600442,0.0003728749817096,0.0002689581621838,0.0002878437294445,0.0003009777634502,0.0003027265639543,0.0002626974927124,0.0001820442450432,0.0001552352536172,0.0001725146123607,0.0001663221398327,0.0001467485721318,4.63360107057e-05,5.80912275658e-05,4.42563685685e-05,4.47420178073e-05,5.13116659665e-05,1.95539107348e-05,0,0,0,0,0,0,0,0,0,0,0,0,0,0
0,0,0,0,0,0,0,0,0,0,0,0,0,0,0,0,0,0,0,0.0420630065704069,0.0404388784607682,0.0398670719036861,0.0377826260334554,0.0368408320988442,0.0408485767250427,0.0369961425568889,0.0054358965581668,0.0055043709286266,0.0056261286301336,0.0057213678157569,0.0062660880540548,0.0056110185080149,0.0056895774472393,0.005578920282772,0.005614411165996,0.0052195422385378,0.000221432309607,0.0002141756276683,0.0002377054021318,0.0002087661269584,0.0002278256946452,0.0001863001120095,0.0002086415353931,0.0002022710772769,0.0002148067141796,0.0002240401762988,0.0002754299668752,0.0002353626510049,0.0002599691422604,0.0002740735557461,0.000381959069064,0.0003853834445305,0.0003571861983212,0.0003766557715465,0.0003720317623461,0.0002678115197602,0.0002863645966933,0.0002999839339154,0.0003008888522974,0.0002619541219518,0.0001812170533665,0.000154972306697,0.0001725889568172,0.0001651740836183,0.0001463272116998,4.59459121972e-05,5.78079061482e-05,4.43202745927e-05,4.47415226201e-05,5.07039357916e-05,1.94957156528e-05,0,0,0,0,0,0,0,0,0,0,0,0,0,0
0.0002590347804721,0.0010814836584618,0.0019076824742202,0.001941006332336,0.0021459761642071,0.0016116702560075,0.0009856228119828,0.0009902541170757,0.0009656168745182,0.0009914110054127,0.000999014433723,0.001024433002816,0.0010297061069767,0.0010600013249706,0.0010900032068794,0.0011107845684092,0.001130290397442,0,0,0.0422952077704033,0.0406619986129253,0.0401065709046424,0.0380285166213639,0.0370716859099738,0.0411025922550373,0.0372312339280693,0.0055129383209842,0.005582955229724,0.0057063562971124,0.0058025057581052,0.0063522367897514,0.0056900031635955,0.0057686102104324,0.0056588718849809,0.0056973158191468,0.0052967117354408,0.000247070905192,0.0002404708718432,0.0002626033276274,0.0002336256356248,0.0002515105013897,0.0002109260712951,0.0002349075933744,0.0002288287493005,0.0002445596704865,0.0002542959940541,0.0003077242287732,0.0002685424387999,0.0002916185112893,0.0003054532778383,0.0004134585775271,0.0004181751994595,0.0003888843498771,0.0004078548225612,0.0004035380757321,0.0002919948389168,0.0003121457708268,0.0003237503310334,0.000324662762568,0.0002836177434625,0.000195593873639,0.0001690229769105,0.0001861906929396,0.0001778960758623,0.0001576946724183,4.62662650641e-05,5.80093108484e-05,4.46705817047e-05,4.53494741216e-05,5.09549706505e-05,1.97831879496e-05,0,0,0,0,0,0,0,0,0,0,0,0,0,0
0.0002328998431632,0.0011595470874994,0.0020294570902659,0.0020125615936565,0.0021566726891205,0.0016802446534492,0.0009783156541962,0.000972917277353,0.000954277604764,0.0009804003981622,0.0009888329872762,0.0010172450827775,0.0010132787518979,0.0010454370160794,0.0010764983889087,0.0010957469932982,0.0011157348600947,0,0,0.0427477526155841,0.0410877231491788,0.0405341029523862,0.0384246641747303,0.0374628291844517,0.0415222988200944,0.0376174264026717,0.0055502737505017,0.0056233088959014,0.0057453020001383,0.0058380089372695,0.0063945366465805,0.0057319441372747,0.0058106325743222,0.0056983575717347,0.0057333529457831,0.0053364697712605,0.0002510287030555,0.000241648937773,0.0002660364650106,0.0002342675344035,0.0002546851383813,0.0002151731611708,0.0002363953801084,0.0002308871036268,0.0002453911146416,0.0002550668964256,0.0003104088266433,0.0002700481153254,0.0002939890647092,0.000308733291368,0.0004162543991842,0.0004224419119089,0.000390581072901,0.0004123476369794,0.0004074034061992,0.0002949698865585,0.000313575353214,0.0003285825232155,0.0003270011801386,0.0002863812483436,0.0001967001256468,0.0001696284718874,0.0001874245214575,0.000178583435039,0.0001603163913954,4.69667145028e-05,5.89480939728e-05,4.48895413148e-05,4.56817833299e-05,5.14039214129e-05,1.98305132972e-05,0,0,0,0,0,0,0,0,0,0,0,0,0,0
0.0002308163503486,0.001096868702082,0.0017964245592965,0.0019027577015937,0.0019744533138255,0.0016050868432154,0.000932511113394,0.0009364503448845,0.0009151286716974,0.0009349018613344,0.0009449344571779,0.0009676462085558,0.000978653311017,0.0010119123198589,0.00104159036829,0.0010632844773954,0.0010773826217671,0,0,0.0464025696817475,0.0446144643506827,0.044009975491744,0.0417176675162069,0.0406597263754271,0.0451917480884908,0.0409535372407985,0.0061919002328961,0.0062645917920236,0.0064200839646393,0.0065203272359882,0.0071348486050997,0.0063886525877181,0.0064675082985378,0.0063462080718098,0.0063781614839359,0.0059530005242709,0.0002690337521319,0.0002589496223521,0.0002881945497886,0.0002567243068863,0.000276198227366,0.0002305352431317,0.000254352382179,0.0002490846985477,0.0002649234184867,0.0002721605721124,0.0003326414571659,0.0002927908483202,0.000316569217555,0.0003323122678898,0.000451303013276,0.0004576517219133,0.0004255697709086,0.0004472432786714,0.0004391621968245,0.0003206034818972,0.0003410877056172,0.000353433690125,0.0003532676758706,0.000311461186544,0.0002126011728679,0.0001829032838008,0.0002023357106266,0.0001936745704523,0.0001725793255482,5.05830252655e-05,6.37244086823e-05,5.04876792996e-05,5.02538211905e-05,5.57399900744e-05,2.17177542624e-05,0,0,0,0,0,0,0,0,0,0,0,0,0,0
0.000201352917259,0.0010799272234125,0.0018427333312163,0.0019877743676725,0.0021181828767051,0.0014589485999785,0.0009028380904918,0.0009017240148514,0.0008794197070131,0.0009000668831668,0.000912515820533,0.0009356694349813,0.0009917587990125,0.0010214790693334,0.0010512736513008,0.0010686878715883,0.0010882415476979,0.0009464949797183,0.0009472718271504,0.0401369321825967,0.0385866470097642,0.0380657291880259,0.036087911366467,0.0351783652521255,0.0391106406875417,0.0354551917541591,0.0054063121290385,0.0054714302675329,0.0056084520338923,0.0056904600170317,0.0062254709679585,0.0055711691061266,0.0056451010018581,0.0055399195405785,0.0055582564037912,0.0052004674309398,0.0002394568678676,0.0002320325401269,0.0002534576552641,0.000229173119459,0.0002438913813761,0.0002064420996046,0.000227489841446,0.0002215199521662,0.0002365332187381,0.0002450649288215,0.0002957177304485,0.0002612317404406,0.0002818755922026,0.0002954343061515,0.0003975571167307,0.0004036391148681,0.0003766762507789,0.0003953348189489,0.0003885560808257,0.0002833347925203,0.0003019636895434,0.0003130910920621,0.0003138227429113,0.0002766653365375,0.0001884589779816,0.0001629249463378,0.0001792612639543,0.0001715950846173,0.0001517348862255,4.3974551474e-05,5.51358269663e-05,4.4293772634e-05,4.30521141963e-05,4.83915585469e-05,1.88099669591e-05,0,0,0,0,0,0,0,0,0,0,0,0,0,0
0.0003148193346258,0.001407346347319,0.0024195912828708,0.0024795572359019,0.0026685578238185,0.0020257562709819,0.0012427068962178,0.001235773850797,0.0012140210088124,0.0012405814873532,0.001251555998801,0.001286431319703,0.0012465555934307,0.0012858267294236,0.0013236946118589,0.0013463633334952,0.0013690463636474,0.0012644255393588,0.0012692039846073,0.0057988992090537,0.0055755821506075,0.005515365670506,0.0052694206564334,0.0051183077614296,0.005831132103223,0.0053312191354828,0.0010668718678382,0.0010755736482981,0.0011236932321561,0.0011232316798414,0.0012236586938474,0.0010918673346897,0.0010960771834115,0.001080299831095,0.0010738060078773,0.001035927367501,6.81976550087e-05,6.60338993452e-05,6.95934794259e-05,6.60861196431e-05,6.9899915084e-05,6.35491204624e-05,6.56280381642e-05,6.45574303465e-05,7.23193012575e-05,7.13192636562e-05,8.33628734028e-05,8.12922613723e-05,7.86133696553e-05,8.21522428307e-05,9.81768665924e-05,0.0001010839160089,9.48815152241e-05,9.82504874358e-05,9.54527460093e-05,7.25997129156e-05,7.79062886436e-05,7.48869774681e-05,7.50460108696e-05,7.06695210003e-05,4.52497180606e-05,4.11356167018e-05,4.3300408352e-05,4.00094252411e-05,3.44915895262e-05,6.1816507002e-06,7.7905378245e-06,9.1219533363e-06,7.0501139169e-06,6.9031579281e-06,3.0586451287e-06,0,0,0,0,0,0,0,0,0,0,0,0,0,0
0.0002761237908485,0.001527970535653,0.0023902996278156,0.0027063280296315,0.0025578646705407,0.0020006327432704,0.0012499530863079,0.0012569990039398,0.001220828551194,0.0012568494462484,0.0012676621227961,0.0013027774648822,0.0013610315834647,0.0014072731244402,0.0014500116016483,0.0014728474046058,0.0014993254638766,0.0013108386141602,0.0013164790900737,0.0057093785807154,0.0054907824696869,0.0054294468606333,0.0051878647803439,0.0050413714727828,0.0057354364762707,0.0052453087132872,0.0010456465769257,0.0010514430286529,0.0010943330554327,0.001095319506396,0.0011970700118793,0.0010653302249778,0.0010734780112155,0.0010584084909188,0.0010473178456507,0.0010146192408021,6.95600692408e-05,6.70174736993e-05,7.20998349532e-05,6.94372980952e-05,6.98381276812e-05,6.48812993721e-05,6.62998544453e-05,6.72602704857e-05,7.25241860472e-05,7.11936983427e-05,8.5323775667e-05,8.18156558015e-05,8.23835408911e-05,8.57035679881e-05,9.92924515659e-05,0.0001027959876972,9.6902054834e-05,0.0001006325005183,9.80820912636e-05,7.32085904889e-05,8.02774174126e-05,7.76070800044e-05,7.49644626199e-05,7.12514354648e-05,4.52585598096e-05,4.1902040281e-05,4.36994958017e-05,4.0689856196e-05,3.69282551708e-05,6.1417291332e-06,7.7047831741e-06,8.9509595583e-06,6.6410864263e-06,6.7596266475e-06,3.0104115487e-06,0,0,0,0,0,0,0,0,0,0,0,0,0,0
0.0002845664646068,0.0013029662752035,0.00231328815649,0.0025084687968576,0.002570300320288,0.0021139010368041,0.0012235354372731,0.001212453584938,0.0011907920024355,0.001220802890622,0.0012294226473583,0.0012634655197535,0.0012712201712334,0.0013127631606595,0.0013533697124917,0.0013770270245811,0.00139780502514,0.0013172013335984,0.001322484597626,0.0058205141067323,0.0056004119845447,0.0055372761048658,0.0052908081652113,0.0051393506359254,0.0058647976497379,0.0053647788341298,0.0010900116994739,0.0010919132732355,0.0011439164004042,0.0011411704162066,0.001246019288732,0.0011101489400875,0.0011139125145095,0.001099706820637,0.0010901495760183,0.0010544844090696,7.05028363765e-05,6.54979987752e-05,7.14943000066e-05,6.87603782114e-05,7.01346676063e-05,6.63311187254e-05,6.75111575237e-05,6.7796539315e-05,7.32618175097e-05,7.2105073605e-05,8.47145558842e-05,8.25218051082e-05,8.14516076473e-05,8.4385808013e-05,9.96562363021e-05,0.0001022005673991,9.65207814979e-05,9.91438380756e-05,9.56378465159e-05,7.32141899429e-05,7.82289237722e-05,7.94819087217e-05,7.46518792658e-05,7.36433373232e-05,4.55535884097e-05,4.07969505321e-05,4.38406435662e-05,3.9908331986e-05,3.60170116892e-05,6.2809483185e-06,7.8725340844e-06,9.200525208e-06,7.2032532576e-06,6.962911292e-06,3.0349139123e-06,0,0,0,0,0,0,0,0,0,0,0,0,0,0
0.0003037769151529,0.0014355723702694,0.0023323491757859,0.0024369890774786,0.0025710866104324,0.002100563941975,0.0012222196474647,0.0012150369034357,0.0011910459811739,0.0012198977812387,0.0012401202230914,0.0012607708178061,0.0012780822896645,0.0013188394098351,0.0013571595348776,0.0013805765731806,0.0014044393412642,0.0013405398871952,0.0013473285800335,0.0056746266212978,0.0054596121232857,0.0053985786539197,0.0051578861625502,0.0050067186204218,0.0057105081960319,0.0052185425802533,0.0010445897994907,0.001047785760575,0.0010940660633631,0.0010948446473129,0.0011928946013495,0.0010654326560983,0.0010705370624555,0.0010563717110432,0.0010484755197391,0.0010120640066779,6.86353339821e-05,6.48362833412e-05,6.92054141656e-05,6.75456453526e-05,6.85680070858e-05,6.3733818313e-05,6.51634407161e-05,6.60882020968e-05,7.25075339223e-05,6.97363561753e-05,8.17575086469e-05,8.12773484206e-05,8.02579090906e-05,8.19723511785e-05,9.66351316703e-05,9.97745432502e-05,9.7528208946e-05,9.95960531332e-05,9.42674457905e-05,7.42379083835e-05,7.60875653207e-05,7.56047430321e-05,7.21310070614e-05,6.96041842362e-05,4.54851158524e-05,3.98176526386e-05,4.30912992465e-05,3.92920151936e-05,3.53200372899e-05,6.0437250906e-06,7.6621173177e-06,8.8177976322e-06,6.7959387596e-06,6.8002959202e-06,3.0261634222e-06,0,0,0,0,0,0,0,0,0,0,0,0,0,0
0.0003382352161818,0.001478151699523,0.0026321958923371,0.0028977773054595,0.0028307369308925,0.0022533347949167,0.0012826505512142,0.0012819221590965,0.0012545573189224,0.0012795622335067,0.0012980239380671,0.0013315251999073,0.0013227059762388,0.0013632388572397,0.0014039148313037,0.0014283536147342,0.0014534386968467,0.001381045019136,0.0013898875971483,0.0060729568027519,0.0058417116798562,0.0057762372072927,0.0055163499961257,0.0053575529420909,0.0061046264047499,0.0055775443082747,0.0011117463147081,0.001118716859253,0.0011670427621702,0.0011653893227127,0.0012694360200922,0.0011350773089479,0.0011393217164146,0.0011238487418551,0.0011136950568332,0.0010751208853325,7.32249266418e-05,7.11978822486e-05,7.47153842057e-05,7.1131580814e-05,7.1592628619e-05,6.65997304787e-05,7.07133179711e-05,6.94165991176e-05,7.51284728734e-05,7.46862657835e-05,8.82586625773e-05,8.58268952838e-05,8.38593690621e-05,8.92203518271e-05,0.0001046907381061,0.0001062321613411,0.0001029703144477,0.0001037376280439,0.0001011862775169,7.79690727153e-05,8.33178766827e-05,8.26751219007e-05,7.86567920712e-05,7.3819250444e-05,4.85493524213e-05,4.31750697417e-05,4.61590435401e-05,4.25645663603e-05,3.7306346236e-05,6.5280378488e-06,8.2344729385e-06,9.5107720719e-06,7.2545931629e-06,7.2258309547e-06,3.171183971e-06,0,0,0,0,0,0,0,0,0,0,0,0,0,0
0.0002751824899585,0.0014526819067214,0.0025901698554978,0.0025371725791446,0.0025418314487047,0.0020625159863171,0.0012800483972741,0.0012803903702659,0.0012525614530034,0.0012830004231121,0.0012918517584331,0.0013310325371191,0.0013526195419444,0.0013944692463855,0.0014365871834934,0.0014619088407604,0.0014832595607367,0.001342294462809,0.0013467975620806,0.005479770188265,0.0052702065368239,0.0052122463736266,0.0049793465213748,0.0048394281718501,0.0055083091794708,0.0050298133176489,0.0009996546263848,0.001003274072368,0.001047798955557,0.0010488893459572,0.0011438264903201,0.0010193593970341,0.001027366566702,0.0010095563545401,0.0010044777923375,0.0009696631409485,6.93633754506e-05,6.60605782612e-05,7.06053599257e-05,6.69152936432e-05,6.85938787697e-05,6.67355445773e-05,6.5554718111e-05,6.71534334319e-05,7.03407049801e-05,7.12313666215e-05,8.30774715612e-05,8.03009081285e-05,8.12838984924e-05,8.41245059301e-05,9.59083929432e-05,9.88727255289e-05,9.63202184009e-05,9.76975457259e-05,9.56828858509e-05,7.13823126861e-05,7.63783084223e-05,7.55035986054e-05,7.33866346849e-05,6.93831708796e-05,4.50689406983e-05,4.11735617023e-05,4.27304605295e-05,3.91330089043e-05,3.50820013675e-05,5.8840199829e-06,7.4996666794e-06,8.4402755362e-06,6.6187943403e-06,6.4814121524e-06,2.9047332356e-06,0,0,0,0,0,0,0,0,0,0,0,0,0,0
0.0002523968679879,0.0015327116668735,0.0027174085153184,0.0027471937279874,0.0027274581716045,0.0022236415846075,0.0012501899105961,0.0012539423557386,0.0012246192940055,0.0012533965729742,0.0012585151936481,0.0012918037461696,0.0013976767336018,0.0014427357379353,0.0014851347392522,0.00151255792825,0.0015329058222152,0.0014016286708939,0.0014062984070008,0.0056393106383606,0.0054252605461324,0.0053645888263063,0.005123942289726,0.0049795340470981,0.0056600364014714,0.0051730947692403,0.0010185783400521,0.0010261283479613,0.0010671389908573,0.001069740824373,0.0011653443543097,0.0010427942339231,0.0010451721018516,0.0010315227855536,0.0010244372680472,0.0009852985785536,6.97250527626e-05,6.70060793542e-05,7.0739152667e-05,7.00054255641e-05,7.07154228009e-05,6.60277461291e-05,6.64100224989e-05,6.83341043e-05,7.23404151616e-05,7.08145124173e-05,8.63503230484e-05,8.22768130925e-05,8.27047899116e-05,8.6161899903e-05,9.86562262719e-05,0.0001036100797881,9.8011389641e-05,9.96797518058e-05,9.76013638326e-05,7.37972343304e-05,7.73825324927e-05,7.62702587684e-05,7.58581102663e-05,7.15265644628e-05,4.61855211924e-05,4.1364012056e-05,4.38328019465e-05,4.20958587264e-05,3.58663124104e-05,6.0325310811e-06,7.639190409e-06,8.60448469e-06,6.58913333e-06,6.6667065149e-06,2.9475519442e-06,0,0,0,0,0,0,0,0,0,0,0,0,0,0
0.0002815957051788,0.0015882129465887,0.0026072223744335,0.0027736504176554,0.0027120835648711,0.0021250083382218,0.0012517028367547,0.0012484389822947,0.0012223258763169,0.001257188950732,0.0012662369830985,0.0012921402710675,0.0013729265569196,0.0014176425900613,0.001460104957969,0.0014866460516162,0.0015125017550871,0.0012958760099321,0.0013030311496159,0.0055511401280078,0.0053382280246328,0.0052785408039817,0.0050439433142982,0.0049002957216738,0.0055731898410631,0.0050943581637899,0.0010074068686711,0.0010152409995841,0.0010571926226905,0.0010592559819672,0.001153514517784,0.0010282792198453,0.0010351090977314,0.0010220832403456,0.001012668134368,0.0009788879135964,7.00686439505e-05,6.92566991875e-05,6.81725665833e-05,6.85063340135e-05,6.98824308291e-05,6.50251491738e-05,6.76901648822e-05,6.54631581181e-05,7.24059489518e-05,7.10056649875e-05,8.30440897211e-05,8.16994967221e-05,8.32886756655e-05,8.48322013728e-05,9.74248689254e-05,0.0001005192625275,9.78460307857e-05,0.0001000291933969,9.69742363646e-05,7.32655171602e-05,7.73381838856e-05,7.64933546174e-05,7.50737685021e-05,7.06190903897e-05,4.49493930352e-05,4.23354206067e-05,4.28625898853e-05,4.07742036492e-05,3.6330599872e-05,6.0039600108e-06,7.4903025842e-06,8.4958266808e-06,6.6089598558e-06,6.6573018005e-06,2.8801687519e-06,0,0,0,0,0,0,0,0,0,0,0,0,0,0
0.0002828670099008,0.0014561260329281,0.0024643834631023,0.0023996916487685,0.0025614747078913,0.0021344373689036,0.0012588423147016,0.0012669093125594,0.0012352879433562,0.0012672943692344,0.0012754079709074,0.0013083228521921,0.0013091710485274,0.001349257790728,0.0013874344242874,0.0014129619193898,0.0014367467161826,0.0013610688331502,0.0013699457052586,0.0055687936911694,0.0053549628581108,0.0052966582148175,0.005063427982944,0.0049160385205171,0.0055849468949261,0.0050963424470271,0.0009984364709251,0.0010016784813756,0.0010449543135361,0.001048277984881,0.0011397654835281,0.0010201284034054,0.001025006635759,0.0010097204493241,0.0010017922559179,0.0009665599348252,6.80330983239e-05,6.35228057039e-05,6.78216486426e-05,6.67102391712e-05,6.71570648711e-05,6.19240274479e-05,6.55133841798e-05,6.58739836301e-05,7.09920187635e-05,6.90196063465e-05,8.28759166642e-05,8.02171497413e-05,7.96734483743e-05,8.31329105188e-05,9.4945781235e-05,9.85117180874e-05,9.51263986508e-05,9.5536315652e-05,9.31179387973e-05,7.21866930774e-05,7.67264872123e-05,7.6567765051e-05,7.35791732334e-05,6.95632938103e-05,4.46702606041e-05,3.96468435079e-05,4.24181451512e-05,4.03750224265e-05,3.50114751918e-05,5.9287470336e-06,7.4502833028e-06,8.3210579838e-06,6.7045105305e-06,6.602270451e-06,2.9149182973e-06,0,0,0,0,0,0,0,0,0,0,0,0,0,0
0.0003596322941647,0.0014299687522709,0.0023402514352155,0.0025984158128043,0.0027889470241988,0.0021208923770075,0.0012463546852673,0.0012417613777177,0.001219704113974,0.0012470483289546,0.0012577730088186,0.0012900001683774,0.0013829398471666,0.0014230491976734,0.0014686047792716,0.0014919253311126,0.0015214079312016,0.0012218157599222,0.0012303701940964,0.0052718129670506,0.0050692406619642,0.0050141651424948,0.0047934606108409,0.004659390772081,0.0053079636521158,0.0048554656779194,0.0009808269621984,0.0009881466812339,0.0010292475879605,0.0010303733852544,0.0011204048738936,0.0010027758582797,0.0010038703934875,0.0009938834435534,0.0009842315246168,0.0009512472226404,6.85451681417e-05,6.63839608439e-05,6.67402022914e-05,6.49855884407e-05,6.94507532798e-05,6.39988227545e-05,6.44983518715e-05,6.44818003261e-05,6.88987461943e-05,6.75361313861e-05,8.3738552038e-05,8.16590919292e-05,7.83089518538e-05,8.10290649467e-05,9.6406757966e-05,9.6928919451e-05,9.32536913329e-05,9.61915148689e-05,9.2961855499e-05,7.15972516216e-05,7.69696334036e-05,7.48492458253e-05,7.11847476728e-05,6.85124623333e-05,4.37860103615e-05,3.9464037919e-05,4.04512004569e-05,3.81515704002e-05,3.50004720664e-05,5.8093267543e-06,7.2136591411e-06,8.3163595987e-06,6.2662013904e-06,6.2687399906e-06,2.791318848e-06,0,0,0,0,0,0,0,0,0,0,0,0,0,0
0.000324988787437,0.0015019568226361,0.0025783628692576,0.0025211224792213,0.0025777192257202,0.0022429295026011,0.0012909430747642,0.0012878822818863,0.001264240479996,0.0012898955039906,0.0013094520631571,0.0013397671647838,0.0013081625244941,0.0013538941972011,0.0013914758619741,0.0014177059232241,0.0014351772399053,0.0013417285396567,0.0013499117039896,0.0002254954969459,0.0002172977528925,0.0002141016146685,0.0002250490412962,0.0002206028909721,0.0002414412793928,0.0002250238448403,6.4989809877e-05,6.81853483883e-05,6.92626366422e-05,7.03310561951e-05,7.68049784729e-05,7.21981280335e-05,7.15008783724e-05,7.16042727269e-05,6.97270782671e-05,6.89905459588e-05,3.90203061711e-05,3.86474682609e-05,3.85528770589e-05,3.78143802547e-05,3.85663518808e-05,4.27786662174e-05,3.84024526467e-05,3.8604992266e-05,4.13175733451e-05,4.08311339328e-05,4.81535299733e-05,4.96008320306e-05,4.74176449034e-05,4.87227268068e-05,4.70778403675e-05,4.71337078449e-05,4.77515584344e-05,4.61539371741e-05,4.64476459215e-05,3.59072728539e-05,3.74759585818e-05,3.40930677572e-05,3.51083761712e-05,3.41585018678e-05,2.0775793912e-05,1.99954534294e-05,2.0706879799e-05,1.8235751158e-05,1.6755298563e-05,2.589829562e-07,3.120801617e-07,2.521478179e-07,2.326582795e-07,2.750457087e-07,1.004057553e-07,0,0,0,0,0,0,0,0,0,0,0,0,0,0
0.0003627444363987,0.001427197579211,0.0026822568495087,0.0026074279846275,0.0027427978547539,0.0021711694704311,0.0012707883330818,0.0012759107706241,0.0012426506630197,0.0012734084484026,0.0012794301189054,0.0013211598495405,0.0012905588534506,0.0013296020364199,0.0013722682172499,0.0013930835105628,0.0014177715808889,0.0013004401041472,0.0013105771017397,0.0002269902617321,0.0002175106359142,0.000215176870044,0.0002275959993183,0.0002206578044472,0.0002414719126433,0.0002265670357809,6.5386690023e-05,6.82599075529e-05,6.68601037837e-05,6.9034166336e-05,7.75968492343e-05,7.14471112372e-05,7.13975513995e-05,7.3539995575e-05,6.7648391508e-05,6.94260540316e-05,4.01575893347e-05,3.73455389748e-05,3.71529766279e-05,3.81248416352e-05,3.73763781001e-05,3.97989557932e-05,3.88486484995e-05,3.86641489445e-05,4.18377973965e-05,4.12211325051e-05,4.67461367601e-05,4.72787568493e-05,4.72366605173e-05,4.67253383542e-05,4.61894131729e-05,4.79149544127e-05,4.53957804545e-05,4.50544040756e-05,4.6541901632e-05,3.60844169759e-05,3.45177700785e-05,3.25855161244e-05,3.29314880552e-05,3.36252560508e-05,2.0559074751e-05,1.93686066605e-05,1.87783589998e-05,1.88758008634e-05,1.68783830268e-05,2.249727538e-07,3.222550527e-07,2.687383625e-07,2.59852208e-07,2.837432957e-07,1.187845874e-07,0,0,0,0,0,0,0,0,0,0,0,0,0,0
0.0003114545134936,0.0015434149997634,0.0026665516700053,0.0027813524923411,0.0026282847292267,0.0022892952522046,0.0013084684300099,0.0012988055488211,0.001268865064418,0.001303592006794,0.0013194034499046,0.0013499517720711,0.0012711695065627,0.0013157679619652,0.0013531998512986,0.0013778240169255,0.0013970016232204,0.0013018509922985,0.0013128130332406,0.0002593329660855,0.0002495854832179,0.0002461582749558,0.00025618412914,0.0002503948666067,0.0002770045826247,0.0002550956727654,7.10298357622e-05,7.56940537365e-05,7.52246688227e-05,7.59514195978e-05,8.3933801978e-05,7.87099841131e-05,7.76924495189e-05,7.46141688483e-05,7.44467933006e-05,7.19443494284e-05,4.12907934848e-05,3.82951226486e-05,3.64174762902e-05,3.76029238238e-05,3.76101326876e-05,4.01978974376e-05,4.01655745093e-05,4.07347962882e-05,4.27886747501e-05,4.29838540983e-05,4.73254713551e-05,4.82624326607e-05,4.89334455802e-05,5.02582345754e-05,4.70813956197e-05,4.71372015259e-05,4.75227249749e-05,4.53974752782e-05,4.74353659452e-05,3.74872942573e-05,3.77370953905e-05,3.638529579e-05,3.39665874927e-05,3.38751512138e-05,2.04785958254e-05,2.06453373179e-05,2.01401800024e-05,1.94404421491e-05,1.66487550429e-05,2.958438939e-07,3.445828773e-07,2.957701707e-07,2.699352497e-07,3.044015929e-07,1.160198202e-07,0,0,0,0,0,0,0,0,0,0,0,0,0,0
0.0002654394778358,0.0014583105187132,0.0024571921038561,0.0025073535930228,0.0027628620009196,0.00215600077424,0.001346434543652,0.001342738740301,0.0013108520604202,0.0013424003910766,0.0013579630047906,0.0013899393380081,0.00128104507236,0.0013209928396076,0.0013573045587701,0.0013855046557635,0.001408279461721,0.0012855677769031,0.0012927800193935,0.0002234275813591,0.0002143412266489,0.0002116423221946,0.0002231205583024,0.0002158556670818,0.0002415657042152,0.000225802346558,6.60312636214e-05,7.13653504571e-05,7.08262452033e-05,7.25705266395e-05,7.822695366e-05,7.30271979883e-05,7.52692791186e-05,7.34022688849e-05,7.16864784786e-05,6.85793433846e-05,3.96479300277e-05,3.84702487562e-05,3.68119404382e-05,3.67619404413e-05,3.8589299028e-05,3.90919822877e-05,3.89606067936e-05,4.05088301839e-05,4.09345188722e-05,4.32355060808e-05,4.62906484858e-05,4.72670186771e-05,4.68375327997e-05,4.78002273714e-05,4.63101387697e-05,4.71897306166e-05,4.52756728476e-05,4.68668374963e-05,4.70212894483e-05,3.63952913724e-05,3.673340074e-05,3.34194848796e-05,3.56292657011e-05,3.24517636145e-05,2.09784603193e-05,1.95661642243e-05,2.08336838246e-05,1.85725433707e-05,1.73264602342e-05,2.38752674e-07,3.033435898e-07,2.638019737e-07,2.691072063e-07,2.705054209e-07,1.010210233e-07,0,0,0,0,0,0,0,0,0,0,0,0,0,0
0.0002465873811976,0.001432390209864,0.0025335086194447,0.0025044709118833,0.0025202621666628,0.0020142604037648,0.0011969067662937,0.0011975447192278,0.0011677750221875,0.0011995466002432,0.001209626423251,0.0012460196125102,0.0012973979424369,0.0013389576996986,0.0013821481742419,0.0014020151413091,0.0014260545184127,0.0013065155520483,0.0013125874692658,0.0002376523826052,0.0002277679145014,0.0002255866768239,0.0002346083551206,0.0002292045376884,0.0002538384649956,0.0002347088619452,6.82156880264e-05,7.01060400572e-05,7.05597388057e-05,7.19536295511e-05,7.69007411935e-05,7.31160751237e-05,7.42623107394e-05,7.31332745641e-05,7.04863002358e-05,7.1584910615e-05,3.94948392237e-05,3.6836844454e-05,3.59617006e-05,3.76907820992e-05,3.43947689706e-05,4.01727444302e-05,3.7711095849e-05,3.83350406752e-05,4.05756365003e-05,3.89106098243e-05,4.75837418483e-05,4.58224649876e-05,4.4448498595e-05,4.65021107569e-05,4.63020547542e-05,4.64961496091e-05,4.66595873436e-05,4.47809407003e-05,4.53912750611e-05,3.39476703981e-05,3.39000388339e-05,3.28293098123e-05,3.28701316649e-05,3.25682334985e-05,1.93495608069e-05,1.88235511825e-05,1.96385742572e-05,1.76935734456e-05,1.64917751461e-05,2.440799496e-07,3.351365281e-07,2.987867811e-07,2.528121033e-07,2.644561786e-07,1.207964304e-07,0,0,0,0,0,0,0,0,0,0,0,0,0,0
0.0003554840633739,0.0015412206919815,0.0025392311125445,0.0027030426823724,0.0026802756506336,0.0021910769228035,0.0013200775909918,0.0013206521615242,0.0012894712243804,0.0013222957476567,0.0013404899283436,0.0013679891609517,0.0013930038681517,0.0014444569605148,0.0014846078903209,0.0015074978369975,0.0015344034705467,0.0014017168731758,0.0014044487919765,0.0001922518004926,0.0001851335333977,0.0001823436402843,0.0001944842231442,0.0001914143396687,0.0002094308401019,0.0001963803649584,6.1303309538e-05,6.43797297256e-05,6.59642007594e-05,6.61101097572e-05,7.07133561921e-05,7.03155663146e-05,6.85405445129e-05,6.72659274694e-05,6.4244945395e-05,6.52053563995e-05,4.3303778411e-05,3.87724857202e-05,3.79931633125e-05,3.77418091521e-05,3.97098515179e-05,4.42033425087e-05,3.9487846306e-05,3.94932781454e-05,4.14294273435e-05,4.43306759073e-05,4.92440196598e-05,4.7512333e-05,4.82202430567e-05,4.92104583604e-05,4.69404967593e-05,4.92217168506e-05,4.66109228994e-05,4.73276863557e-05,4.59719007144e-05,3.46063215459e-05,3.62626544244e-05,3.42721131305e-05,3.62813896068e-05,3.40795940146e-05,2.14805460524e-05,1.90436597378e-05,2.02012894385e-05,1.97871059612e-05,1.6940718644e-05,2.029425018e-07,2.671392063e-07,2.1657973e-07,2.15999279e-07,2.530427959e-07,9.21794755e-08,0,0,0,0,0,0,0,0,0,0,0,0,0,0
0.0003329395930117,0.0016228355292945,0.0025199894415347,0.0027625684200883,0.0026624377018249,0.0021475069866152,0.001288905173183,0.0012936657848959,0.0012675071712227,0.0012999466153111,0.0013103673247445,0.0013465011629771,0.0013278553241071,0.0013761567449141,0.0014116510976246,0.0014386414710915,0.0014616404778036,0.0013066665331616,0.0013139576100722,0.0002136125472217,0.0002051939021716,0.000202459474125,0.0002147390354913,0.000208489978137,0.0002290862094555,0.0002145465983306,6.27658809274e-05,6.5223186848e-05,6.6562000599e-05,6.70134192183e-05,7.44371991716e-05,6.84791015982e-05,6.83462254105e-05,6.94223289565e-05,6.73859931689e-05,6.51507972657e-05,3.85404999495e-05,3.75221496786e-05,3.76370806466e-05,3.7292419659e-05,3.69569177795e-05,3.91492347525e-05,3.89903456924e-05,3.93526841358e-05,4.07484160897e-05,4.24676778002e-05,4.63850519377e-05,4.77709642881e-05,4.73310260903e-05,4.72321403888e-05,4.62999856765e-05,4.79440499321e-05,4.48326008268e-05,4.37197014358e-05,4.59142274276e-05,3.47745674664e-05,3.55774028379e-05,3.38972345146e-05,3.34393165493e-05,3.53748172996e-05,2.01800591645e-05,1.90825988879e-05,1.98390093873e-05,1.8470625552e-05,1.7915008365e-05,2.14981378e-07,2.952534754e-07,2.537810554e-07,2.313008841e-07,2.603723891e-07,1.076494962e-07,0,0,0,0,0,0,0,0,0,0,0,0,0,0
0.000278353507001,0.0015689416939632,0.0029401826016365,0.0027959899157699,0.0027204869338397,0.0022836849331952,0.0013082839714892,0.0013113348837379,0.0012756399306607,0.0013115662898619,0.0013206404852361,0.0013592036992822,0.0012698438642638,0.0013117229617613,0.0013512065887012,0.0013731356070601,0.0013951678302132,0.0013794323553408,0.0013883972101005,0.0002037508785741,0.0001957442370586,0.0001933994371611,0.0002061145324011,0.000200645747011,0.0002210519091559,0.0002058526954244,6.08365427656e-05,6.51976787002e-05,6.586313855e-05,6.69677628625e-05,7.20006181354e-05,6.91204259828e-05,6.92950954557e-05,6.61537768739e-05,6.67632717176e-05,6.41789127953e-05,3.81756056208e-05,3.67963156622e-05,3.76107140807e-05,3.82057417978e-05,3.70174589369e-05,3.85804329984e-05,3.87755925887e-05,3.91953749952e-05,4.17434388235e-05,4.17237830658e-05,4.86988491547e-05,4.76244436886e-05,4.75698861056e-05,4.85398390666e-05,4.53732295313e-05,4.63798794671e-05,4.66622138598e-05,4.62657432779e-05,4.76647861641e-05,3.55105629119e-05,3.62423487657e-05,3.35412636816e-05,3.43517880392e-05,3.2224540033e-05,2.05712601575e-05,2.07347298769e-05,2.04608612012e-05,1.9844449835e-05,1.59620382773e-05,2.333486739e-07,2.800075672e-07,2.25224973e-07,2.035649329e-07,2.387931407e-07,9.44836483e-08,0,0,0,0,0,0,0,0,0,0,0,0,0,0
0.0003080592227632,0.0014663296601553,0.0025586730265279,0.0026141220332818,0.0026551662850199,0.0021909487711525,0.0012974838696571,0.0012963500036384,0.0012718278298569,0.0013029978922775,0.0013146672821211,0.0013448029189681,0.0013012487630274,0.0013455455765583,0.0013821508369372,0.0014110219346359,0.0014324192769412,0.0012618742053592,0.0012649332129155,0.0002058244823732,0.0001982952163276,0.0001956211949773,0.0002098116041834,0.0002031120799129,0.0002239309942895,0.0002093545904579,6.49111269493e-05,6.69580850174e-05,6.77889991879e-05,6.99796273563e-05,7.42205367049e-05,6.89590925152e-05,6.98703027771e-05,6.96913019797e-05,6.85298603607e-05,6.53150340162e-05,3.89156160259e-05,3.7923754843e-05,3.76288983032e-05,3.67718315525e-05,3.73183688907e-05,3.85477897174e-05,3.82420753928e-05,3.97589457966e-05,4.11353119826e-05,4.01426713472e-05,4.67174554885e-05,4.62882364763e-05,4.5860259653e-05,4.73641410238e-05,4.62916007151e-05,4.93162750356e-05,4.49023504234e-05,4.58116137763e-05,4.50904081646e-05,3.54592011861e-05,3.61756726109e-05,3.44714780749e-05,3.5266634988e-05,3.3516738036e-05,2.00481910191e-05,1.92118580154e-05,1.96958062099e-05,1.89450471934e-05,1.60501168892e-05,2.090222743e-07,2.67570444e-07,2.396551578e-07,2.429972905e-07,2.43861438e-07,1.028054722e-07,0,0,0,0,0,0,0,0,0,0,0,0,0,0
0.0002784973835532,0.0014694018318444,0.0026604853525405,0.0025478289128979,0.0025576646305471,0.002160846813506,0.0012751378163859,0.0012687795492714,0.0012404695789185,0.0012772628329995,0.0012896901507344,0.0013219421190449,0.0012746896624811,0.0013145995476901,0.0013538427010646,0.0013793657376653,0.0014023453832097,0.0012004542015244,0.0012078702472554,0.0002070272485349,0.0001995670308201,0.0001964296395358,0.0002100376936663,0.0002032563284163,0.0002214787815289,0.0002088259994039,6.16289596777e-05,6.32812098292e-05,6.42333268959e-05,6.47978804904e-05,7.10351551848e-05,6.72309357449e-05,6.58486621703e-05,6.57976504437e-05,6.41439731348e-05,6.16383602276e-05,3.70248751093e-05,3.59729037459e-05,3.6392432007e-05,3.739204149e-05,3.44539015001e-05,3.9710738363e-05,3.83709271617e-05,3.8259859802e-05,3.86473151066e-05,4.22498508339e-05,4.45975342898e-05,4.68194137053e-05,4.47233852151e-05,4.6176824817e-05,4.46411930614e-05,4.59586282737e-05,4.40397501261e-05,4.5877004712e-05,4.47927635239e-05,3.42818887093e-05,3.52868714817e-05,3.29151523227e-05,3.25970127715e-05,3.2461515811e-05,1.88893376108e-05,1.82980165986e-05,1.83971029778e-05,1.75152153848e-05,1.63132725273e-05,2.301905867e-07,2.853877535e-07,2.292844876e-07,2.155116226e-07,2.525426994e-07,9.61457333e-08,0,0,0,0,0,0,0,0,0,0,0,0,0,0
0.0002672091389142,0.0015657677112555,0.0027166211378335,0.0027277397839624,0.0028183806543893,0.0020933578899727,0.0012682803067664,0.0012699447097513,0.0012351887981855,0.0012671305003888,0.0012805474217766,0.0013101279293982,0.0013762815036462,0.0014176504602723,0.0014623834652647,0.0014836626496844,0.0015131616150326,0.0012894154995736,0.0012959794326378,0.0002354049686914,0.0002260639392233,0.000223173193115,0.0002348924931116,0.0002285987040855,0.000250168724489,0.00023287908846,6.65733460026e-05,7.00895074635e-05,6.97432776744e-05,7.02067585054e-05,7.75781918887e-05,7.24654299343e-05,7.42058897602e-05,7.1117394818e-05,7.11805677228e-05,7.06301400505e-05,4.03533890034e-05,3.7700839856e-05,3.70297173844e-05,3.69982871241e-05,3.89384522243e-05,4.07668193305e-05,3.87321451017e-05,4.12693964155e-05,4.15663568995e-05,4.12154998807e-05,4.76974284757e-05,4.96017644028e-05,4.85902052346e-05,4.82615387717e-05,4.60157412578e-05,4.8153598942e-05,4.62389319573e-05,4.84959787802e-05,4.64717347802e-05,3.56011805214e-05,3.64391526293e-05,3.50663570872e-05,3.43071267191e-05,3.26096786107e-05,2.04827349985e-05,1.91045570919e-05,2.04298237769e-05,1.90626477695e-05,1.67834491565e-05,2.513056049e-07,2.943988325e-07,2.819667132e-07,2.408370285e-07,2.760152183e-07,1.098067609e-07,0,0,0,0,0,0,0,0,0,0,0,0,0,0
0.0003013275844477,0.0015258955554208,0.0024816268439392,0.0027220237822374,0.0026645574151654,0.0020960952506998,0.0013415314910979,0.0013403019534714,0.0013104632463835,0.0013439134796883,0.0013520378004755,0.0013892848002049,0.0013658980430865,0.0014082173238512,0.0014545844195731,0.0014773539586318,0.0015053467982986,0.0012186548295713,0.0012221031579692,0.0002022046224036,0.0001941729509894,0.0001917066445405,0.0002060578459308,0.0001999169575716,0.0002213517292219,0.0002067987232952,6.52597935712e-05,6.75597665267e-05,6.82938845323e-05,7.01600000973e-05,7.58358388546e-05,7.04104047475e-05,7.10756193586e-05,7.03323733229e-05,6.92578667464e-05,6.92369531176e-05,4.17839629392e-05,3.8330115655e-05,3.79606324331e-05,3.79765357293e-05,3.7693574457e-05,3.95392539071e-05,4.00983305978e-05,4.05702903592e-05,4.14001770198e-05,4.34955148306e-05,4.9861565111e-05,5.06492670258e-05,4.76666817855e-05,4.92559178967e-05,4.88318995786e-05,4.82236334906e-05,4.80187153038e-05,4.72462842178e-05,4.70948583654e-05,3.59222458863e-05,3.76412985184e-05,3.6315602981e-05,3.52679627881e-05,3.36465465575e-05,2.06153352828e-05,1.93296985607e-05,1.9986794925e-05,1.7908584961e-05,1.76118606686e-05,2.322063806e-07,2.80184205e-07,2.428342326e-07,2.227019584e-07,2.194807321e-07,9.58876551e-08,0,0,0,0,0,0,0,0,0,0,0,0,0,0
0.0002666534274556,0.0013307431150149,0.0023680329246798,0.0025704666536179,0.0025804139206019,0.0019439078912842,0.0013055647436325,0.0012988346574488,0.0012726027634738,0.001307108794226,0.0013202413714794,0.0013534461151203,0.0012657876673947,0.0013044115914255,0.0013442636576264,0.0013682137741357,0.0013887836087423,0.0011728348142693,0.0011780052116735,0.0002155375949531,0.000207560607999,0.0002045810191502,0.0002161898166584,0.0002102730323037,0.0002312267216342,0.0002155873622248,6.09728956941e-05,6.57258325869e-05,6.51263404327e-05,6.69347758108e-05,7.15890502607e-05,6.88596525001e-05,6.902680502e-05,6.92732823087e-05,6.64598590752e-05,6.41488286429e-05,3.85926467144e-05,3.69996133463e-05,3.7185527405e-05,3.63575879106e-05,3.53256277985e-05,3.87699666028e-05,3.83841671408e-05,3.91520250387e-05,3.96288975031e-05,4.01418229809e-05,4.71912447281e-05,4.60530967002e-05,4.71715775311e-05,4.6001141638e-05,4.37574051611e-05,4.75296135037e-05,4.58137585574e-05,4.37271667491e-05,4.45261440798e-05,3.54275085772e-05,3.57263679482e-05,3.33830781835e-05,3.29453971e-05,3.25471594861e-05,1.83564151635e-05,1.8158680715e-05,1.93132465659e-05,1.87987032319e-05,1.63562520465e-05,2.388786624e-07,2.905114293e-07,2.242352119e-07,2.324746646e-07,2.603211991e-07,9.68142532e-08,0,0,0,0,0,0,0,0,0,0,0,0,0,0
0.0002753400735118,0.0015175696667069,0.0026500367271731,0.0026515211370388,0.0026276209410967,0.0020825612007822,0.0012474950141804,0.0012513960390073,0.001220444378333,0.0012492971566153,0.0012590533801687,0.0012927116371428,0.0013104767961756,0.001356581028675,0.0013962551132664,0.0014224318579341,0.0014403800265797,0.0012302470438267,0.0012359117690702,0.0002287410642464,0.0002199257372522,0.0002168630179892,0.0002276878002153,0.0002220295049317,0.0002440565905239,0.0002271964695258,6.40670400781e-05,6.87494726774e-05,6.78424079891e-05,6.87394717834e-05,7.65832457086e-05,7.16568404678e-05,7.23064771364e-05,7.09439512255e-05,6.97258173396e-05,6.67410405528e-05,3.98722732007e-05,3.67997849205e-05,3.8401678209e-05,3.73083327645e-05,3.7160391933e-05,3.97830676782e-05,3.85140025991e-05,4.01693937134e-05,4.11528552903e-05,4.16736285216e-05,4.71290505429e-05,4.78494732402e-05,4.62533759491e-05,4.83570539639e-05,4.50127629524e-05,4.68606449043e-05,4.71653950654e-05,4.61853885576e-05,4.4775819368e-05,3.64855191791e-05,3.5374591734e-05,3.26761761916e-05,3.35133266778e-05,3.30530113369e-05,1.93834295099e-05,1.98358867251e-05,2.02871901959e-05,1.79791692324e-05,1.59204991058e-05,2.561738595e-07,3.250833368e-07,2.483795942e-07,2.838048748e-07,2.854540145e-07,9.934948e-08,0,0,0,0,0,0,0,0,0,0,0,0,0,0
0.0002955559868038,0.0015222729919023,0.0025370569659333,0.0024824021311504,0.0026653023540274,0.0020712500514558,0.0012072206722854,0.0012075699989111,0.0011805155695088,0.0012090232476275,0.0012184593442049,0.0012523947637356,0.0012302708747019,0.0012700282004862,0.0013047396965655,0.0013271195189247,0.0013515249506275,0.0012511125606055,0.0012509965701602,0.0003127464334661,0.0003013190940656,0.0002969333347457,0.0003027964253584,0.0002941100266016,0.0003256388146405,0.0003003751166301,7.52225702853e-05,7.82547068308e-05,7.87154692406e-05,7.96154964872e-05,8.82880378699e-05,8.02630222644e-05,8.13411300094e-05,8.00475847169e-05,7.82384191949e-05,7.80159481308e-05,3.78512049039e-05,3.57403693685e-05,3.53440301881e-05,3.55120487378e-05,3.63522796192e-05,3.72831249285e-05,3.70924612593e-05,3.68909979241e-05,3.95162998692e-05,3.95819156021e-05,4.41486791227e-05,4.66064613296e-05,4.32265080195e-05,4.42241442372e-05,4.42026976982e-05,4.77904282033e-05,4.44726892085e-05,4.21386896179e-05,4.25829770125e-05,3.47789012466e-05,3.4680010543e-05,3.36818332578e-05,3.19961536121e-05,3.1498324533e-05,1.93043547907e-05,1.85649166942e-05,1.84472403406e-05,1.61144663136e-05,1.67363643107e-05,3.425681011e-07,4.312346548e-07,3.519740287e-07,3.308320156e-07,3.718429118e-07,1.437281643e-07,0,0,0,0,0,0,0,0,0,0,0,0,0,0
0.0002418915041208,0.0013479361684814,0.0023881201975629,0.0026450135552037,0.0025724431297697,0.0021205851603235,0.0012756168563341,0.001276519998312,0.0012429880122363,0.0012776356265731,0.0012891902885352,0.0013250921519517,0.0012533105441017,0.0012929159609255,0.0013316987119635,0.0013550946603225,0.0013783903163407,0.0012324950113711,0.0012402001676984,0.0003189848190533,0.0003070570460427,0.0003030463826602,0.0003097782565132,0.0003019200218886,0.0003340234469662,0.0003084832488463,7.83420588393e-05,8.19491247578e-05,8.1655009781e-05,8.31488475197e-05,9.06198922742e-05,8.36968901778e-05,8.64095276676e-05,8.35413745563e-05,8.21119202978e-05,7.93420111243e-05,3.83326375842e-05,3.7502618491e-05,3.57935239433e-05,3.66033693873e-05,3.69251524345e-05,3.95453390433e-05,3.88520047213e-05,3.81438255559e-05,4.25831967028e-05,4.1219431167e-05,4.67319565479e-05,4.6556075254e-05,4.74937865992e-05,4.65699689399e-05,4.8340912336e-05,4.69899154397e-05,4.46356637526e-05,4.37743302965e-05,4.52392134489e-05,3.53103718061e-05,3.53360277581e-05,3.44360926878e-05,3.3021240188e-05,3.35483171813e-05,1.92837883091e-05,1.87517695681e-05,1.94345836607e-05,1.7974461907e-05,1.69425952075e-05,3.562124923e-07,4.387498811e-07,3.572329548e-07,3.589396285e-07,3.830646958e-07,1.466772136e-07,0,0,0,0,0,0,0,0,0,0,0,0,0,0
0.0003262197364629,0.001340151485004,0.002322663540977,0.0024905909748124,0.0025639819742251,0.0019433360224876,0.0012360370427402,0.0012408156287097,0.0012106415038857,0.0012440593341535,0.0012543501607751,0.0012904196440075,0.0012543842189903,0.0012943485697767,0.0013346450878399,0.0013542300812987,0.0013782917723223,0.0013659124614866,0.00136903264642,0.0002997457392153,0.000288255150185,0.0002847028006643,0.0002920075927347,0.0002829548410097,0.000314842711489,0.0002918015535303,7.45376255338e-05,7.83036780397e-05,7.81684278827e-05,8.23849256611e-05,8.9034963046e-05,8.26477993219e-05,8.28547077139e-05,8.24283403285e-05,8.03711884689e-05,7.73743270441e-05,3.93645840897e-05,3.60152985576e-05,3.65782578662e-05,3.55975000485e-05,3.75601415345e-05,3.79583448763e-05,3.68259254322e-05,3.88992288121e-05,3.93005012221e-05,4.00369330905e-05,4.54856103471e-05,4.69902751519e-05,4.64033629793e-05,4.75118764983e-05,4.55982664435e-05,4.52442107859e-05,4.50404793677e-05,4.58898493866e-05,4.41920474487e-05,3.48541946565e-05,3.57441778382e-05,3.25378440544e-05,3.28479685731e-05,3.27710189504e-05,2.03068973216e-05,1.92641948415e-05,1.9344779607e-05,1.89340114503e-05,1.67417510713e-05,3.152667448e-07,3.94047048e-07,3.664852401e-07,3.146953008e-07,3.603795213e-07,1.428661002e-07,0,0,0,0,0,0,0,0,0,0,0,0,0,0
0.0002601241038617,0.0013506657027532,0.0024195373215254,0.0024674136996205,0.0024949153563468,0.0020935538285439,0.0012272959468412,0.0012366336080205,0.0012026216236557,0.0012310775824719,0.0012491336237522,0.0012795350250806,0.0013388194756804,0.0013763964452206,0.0014194678795443,0.0014444218242515,0.0014682927832658,0.0011194291103212,0.0011270584794339,0.0003163156393169,0.0003036131366186,0.0002999707531518,0.000305996526716,0.000298474107044,0.0003306008089513,0.0003060001532212,7.71197961221e-05,8.12502407763e-05,8.02256957724e-05,8.40614448934e-05,8.96235359707e-05,8.37596215086e-05,8.41947104417e-05,8.41971374432e-05,8.06501242493e-05,7.97452518893e-05,3.80157960293e-05,3.57146171536e-05,3.49132758384e-05,3.68177676004e-05,3.60177646466e-05,3.85098703428e-05,3.58817932913e-05,3.85365127826e-05,4.00628482463e-05,4.16723726698e-05,4.76660515727e-05,4.61957823437e-05,4.42529359429e-05,4.64858231328e-05,4.31691188073e-05,4.43340847547e-05,4.58515318185e-05,4.5949938006e-05,4.44921180538e-05,3.46990792989e-05,3.43504455013e-05,3.3791939187e-05,3.37400447262e-05,3.20242490965e-05,1.92929252404e-05,2.00397154535e-05,1.89087887298e-05,1.91170635372e-05,1.62388577117e-05,3.383890173e-07,4.200845872e-07,3.573957418e-07,3.777759019e-07,3.790502646e-07,1.463630469e-07,0,0,0,0,0,0,0,0,0,0,0,0,0,0
0.0002982090077723,0.0013475711322882,0.002364622812234,0.0024098648311474,0.0026165727802318,0.0020483169968964,0.0012472141897791,0.0012471510656455,0.0012158598819602,0.0012475615202521,0.0012658792770891,0.0012998117837651,0.0013095170266307,0.0013491364702582,0.0013882775734347,0.0014124831740195,0.001438174765701,0.0012523739015566,0.0012570699726517,0.0003192339931978,0.000306553668409,0.0003031392336987,0.0003097585165729,0.000301714129613,0.0003321336515412,0.0003077075338553,7.66562249394e-05,8.10221850978e-05,7.9178158234e-05,8.14037298339e-05,8.94407066726e-05,8.39292147264e-05,8.43454360943e-05,8.35131317447e-05,8.04262367866e-05,7.88498180409e-05,3.91423489245e-05,3.77468499893e-05,3.73240700784e-05,3.77932447093e-05,3.735285207e-05,3.82716410079e-05,3.85542337024e-05,4.0619854138e-05,4.03439335589e-05,4.16283188524e-05,4.67326250152e-05,4.71124842602e-05,4.61034769737e-05,4.61091703207e-05,4.46329938949e-05,4.68771418168e-05,4.51761463997e-05,4.552090869e-05,4.43002276415e-05,3.3799636502e-05,3.56701163651e-05,3.34258234819e-05,3.31270250529e-05,3.24437488009e-05,1.99914080873e-05,1.95959812779e-05,1.95706939587e-05,1.86977665008e-05,1.65185328559e-05,3.792867358e-07,4.705411108e-07,3.4289845e-07,3.641856936e-07,3.398505962e-07,1.522936588e-07,0,0,0,0,0,0,0,0,0,0,0,0,0,0
0.0002294158014381,0.001108031415202,0.0019717882107756,0.0021366430231002,0.0021322340111565,0.0016581596412997,0.0010112801246217,0.001007844841732,0.0009934373752155,0.0010147255616629,0.0010206557526269,0.0010480791881063,0.0011098330674908,0.0011482338537076,0.0011801162070151,0.001202340584083,0.0012235115672968,0.0009365388453357,0.0009411719659057,0.0002383568094743,0.000229564187066,0.0002265518011348,0.0002326966058571,0.0002267904751722,0.0002517284503896,0.0002329487924787,6.05299117583e-05,6.27844965438e-05,6.29284456709e-05,6.6555573198e-05,7.15504069608e-05,6.50048327155e-05,6.62097463776e-05,6.55049557371e-05,6.47288181162e-05,6.30475768586e-05,3.1415337836e-05,3.03831235946e-05,3.06229462722e-05,3.03697335755e-05,2.90026377846e-05,2.99099852762e-05,3.03153556551e-05,3.14177011033e-05,3.29381465401e-05,3.3076678502e-05,3.71682254816e-05,3.73080137237e-05,3.80833672325e-05,3.90068097971e-05,3.78453035645e-05,3.79860823611e-05,3.69910149562e-05,3.68571652448e-05,3.50903876539e-05,2.80148130817e-05,2.89400742438e-05,2.63829302141e-05,2.72285618335e-05,2.65414308428e-05,1.6208861888e-05,1.47066352705e-05,1.62306044538e-05,1.39229895943e-05,1.21193292578e-05,2.345419577e-07,3.260083572e-07,2.749181706e-07,2.600192461e-07,2.736631078e-07,1.186810288e-07,0,0,0,0,0,0,0,0,0,0,0,0,0,0
0.0002597455759906,0.0010941933970484,0.0018932881532714,0.0020325574137623,0.0019170792901875,0.0014549486463048,0.0010486161865211,0.0010533133042137,0.0010286608506528,0.0010576823963659,0.0010637953662338,0.0010918533469494,0.0010792459247555,0.0011108182328361,0.0011423011704043,0.0011646177034344,0.0011827691220412,0.0009668690912508,0.0009707319802935,0.0002556467198395,0.0002463369722899,0.000242890767827,0.0002494168247495,0.0002417366322156,0.000268524273864,0.0002489251036055,6.51269995729e-05,6.90298898978e-05,6.74174801897e-05,6.83952286541e-05,7.66622127047e-05,6.97394445048e-05,6.96110515419e-05,6.9330115689e-05,6.89825529673e-05,6.79586720277e-05,3.28749787168e-05,2.91412969685e-05,3.09089864585e-05,3.07333806959e-05,2.90389651125e-05,3.14248902235e-05,3.10977229112e-05,3.21504162206e-05,3.36930434309e-05,3.41368720622e-05,3.81442530187e-05,3.91973458626e-05,3.85067630857e-05,3.79196880454e-05,3.78380523761e-05,3.81147749546e-05,3.80364454573e-05,3.65838804958e-05,3.71307806374e-05,2.90170366595e-05,2.94673815732e-05,2.68283788455e-05,2.72269958889e-05,2.64833012308e-05,1.67459751553e-05,1.58007330139e-05,1.62814281241e-05,1.48512215207e-05,1.32483454526e-05,2.832800987e-07,3.57316993e-07,3.220267537e-07,2.66009434e-07,3.13249416e-07,1.258666677e-07,0,0,0,0,0,0,0,0,0,0,0,0,0,0
0.0002420626117521,0.0010979763053522,0.0020200104047206,0.0022047124866316,0.0020125504656387,0.0018237787321971,0.0009502098022478,0.0009521467249081,0.0009323220170871,0.0009480145031638,0.000964537577323,0.0009821988503552,0.0009999999496685,0.0010302528083502,0.0010618911434207,0.001079578066757,0.0011007854831867,0.0009729126877286,0.0009759304086636,0.0002733170604148,0.0002622412118627,0.0002590498737962,0.0002633735867947,0.0002578925009325,0.0002832821021434,0.0002627715792019,6.37365517059e-05,6.79420799052e-05,6.97376253264e-05,6.9191837811e-05,7.74482674279e-05,7.01891213097e-05,6.98528582953e-05,6.98144577289e-05,7.00863793016e-05,6.72831941684e-05,3.04489638027e-05,2.80081520553e-05,3.0341420594e-05,2.84670626163e-05,2.86309921536e-05,3.02377009099e-05,3.01656246308e-05,3.02930771864e-05,3.268716377e-05,3.24190395528e-05,3.73719021088e-05,3.85016223511e-05,3.66326411819e-05,3.56613890148e-05,3.74144168853e-05,3.78166632969e-05,3.5251458669e-05,3.66407383854e-05,3.542463429e-05,2.69320959125e-05,2.73141780882e-05,2.76480436881e-05,2.55589982102e-05,2.43515785669e-05,1.56198918763e-05,1.49446307282e-05,1.53517034785e-05,1.37082915037e-05,1.26468718564e-05,3.10819787e-07,3.90073459e-07,3.303933818e-07,3.012062884e-07,3.30854772e-07,1.366208608e-07,0,0,0,0,0,0,0,0,0,0,0,0,0,0
0.0002082614522387,0.001179869541421,0.0019825859466784,0.0019565524154903,0.0020308261479428,0.0016926009577621,0.0009867343477232,0.000992017458789,0.0009701692371499,0.0009921316714034,0.0009983013105099,0.0010272812467637,0.0010381990823123,0.0010675769473599,0.0010998014634749,0.001122156014753,0.0011369444745613,0.0010358094353678,0.001041762906706,0.0002855417466656,0.0002744619804571,0.0002703688261409,0.0002748271319254,0.0002670599124272,0.0002946322085801,0.0002740673006427,6.64622442006e-05,6.82901482221e-05,6.81561014481e-05,6.86899102355e-05,7.6672252406e-05,7.09878880369e-05,7.22929771467e-05,7.1297615808e-05,7.00821935144e-05,6.65842098901e-05,3.26273880352e-05,2.94534610312e-05,2.94731834032e-05,3.15802021553e-05,2.98291733453e-05,3.33086419025e-05,3.09649637406e-05,3.22833390111e-05,3.47973751234e-05,3.34077484126e-05,3.80455640335e-05,3.89073160583e-05,3.76185219396e-05,3.8058327106e-05,3.69833426563e-05,3.77335657888e-05,3.70307036273e-05,3.80681598909e-05,3.6531779272e-05,2.89225749848e-05,2.88442041541e-05,2.65955487912e-05,2.77352564526e-05,2.7012009793e-05,1.61430145129e-05,1.56133141199e-05,1.60996466039e-05,1.52724429253e-05,1.29026627689e-05,3.385662148e-07,3.954764604e-07,3.364007008e-07,2.951792983e-07,3.694219377e-07,1.358242059e-07,0,0,0,0,0,0,0,0,0,0,0,0,0,0
0.0002078754601402,0.0012292555620773,0.0021010935234678,0.0021813827729213,0.0021456889298147,0.0017263141819369,0.0010182838514359,0.0010150225353884,0.0009987511729912,0.0010305295817945,0.0010315790399928,0.0010629417388818,0.0010162212055369,0.0010485321790287,0.0010800371375747,0.0010977759365985,0.0011198392269847,0.0009592259989611,0.000964202551413,0.0002512022503222,0.0002407123358311,0.0002378956564006,0.0002426449636092,0.0002363821717144,0.000262537298542,0.0002441958709651,6.32543352165e-05,6.56004773726e-05,6.79529343586e-05,6.69910923328e-05,7.27247740894e-05,6.78316193236e-05,6.8892542751e-05,6.77828254605e-05,6.69643532384e-05,6.47686187225e-05,3.20834555838e-05,3.03949433571e-05,2.97075700854e-05,2.90708075392e-05,2.98706542902e-05,3.16211881023e-05,3.31068717964e-05,3.06074102446e-05,3.34237339205e-05,3.36239675315e-05,3.65491227187e-05,3.75147582922e-05,3.7560453866e-05,3.79362104074e-05,3.67965074718e-05,3.87450268379e-05,3.73382664952e-05,3.65179125457e-05,3.61601461571e-05,2.84936012658e-05,2.83557875352e-05,2.56096124373e-05,2.7300314914e-05,2.7615482425e-05,1.56305664414e-05,1.62526220728e-05,1.74064283155e-05,1.49459425481e-05,1.38210226212e-05,2.682364162e-07,3.392999368e-07,3.277051344e-07,2.783668211e-07,3.043453238e-07,1.199562541e-07,0,0,0,0,0,0,0,0,0,0,0,0,0,0
9.51746946822e-05,0.000718037246549,0.0011497888438098,0.0012922364781646,0.0011970687703195,0.0009806584786526,0.00061169607081,0.0006135911636179,0.0006018736323179,0.000613685200139,0.0006177746530821,0.0006381163185657,0.0006272799013803,0.0006467626453245,0.0006641689904388,0.000676666029551,0.0006868878557645,0.0006595423511382,0.0006645258434551,0.0001761682449074,0.0001696504148234,0.0001673770436004,0.0001701879018387,0.0001651240492557,0.0001822587077513,0.0001691749085841,4.11916869211e-05,4.23788984264e-05,4.27496830979e-05,4.45232203203e-05,4.86442759447e-05,4.48116509115e-05,4.52424640406e-05,4.38790213374e-05,4.37338367475e-05,4.20984384268e-05,1.98461150248e-05,1.89005680153e-05,1.82650815158e-05,1.91129601819e-05,1.80491683879e-05,2.02705083753e-05,1.92079903544e-05,1.98717587677e-05,2.03331172138e-05,1.98990545757e-05,2.33482286136e-05,2.33769372987e-05,2.15447353249e-05,2.26260678066e-05,2.29355938532e-05,2.26502569559e-05,2.35311596895e-05,2.23748752546e-05,2.26609485027e-05,1.76974659209e-05,1.82354123391e-05,1.67066533914e-05,1.65932305611e-05,1.5896820453e-05,1.00713491014e-05,9.6164376429e-06,1.01336851706e-05,9.3748772312e-06,8.4727611274e-06,1.926939264e-07,2.544284601e-07,1.962551906e-07,1.991457559e-07,2.047056437e-07,9.26151186e-08,0,0,0,0,0,0,0,0,0,0,0,0,0,0
0.0001643860167388,0.0007320431677956,0.0013130039890678,0.0013873869006486,0.001325792069444,0.0011058675866532,0.0005872191281336,0.000592248847196,0.0005746435143415,0.0005898487709067,0.0005936161232217,0.0006108281646315,0.0006935725222192,0.0007218692584628,0.0007415999799021,0.0007516171802168,0.0007630170645636,0.000579527426269,0.0005835490289799,0.0001567749841823,0.0001503604830407,0.0001487703245794,0.0001528567310816,0.0001480027644585,0.0001629706952678,0.0001520099760057,3.89203823371e-05,4.07802128939e-05,3.97926986512e-05,4.0509632396e-05,4.49621152748e-05,4.25497894723e-05,4.21141890142e-05,4.29538765657e-05,4.03434556083e-05,3.94364229658e-05,1.98524685818e-05,1.85069586681e-05,1.9138540175e-05,1.85278669634e-05,1.82495865121e-05,1.86782043081e-05,1.88782790068e-05,2.08180082701e-05,2.0251795155e-05,2.00348048462e-05,2.26343667978e-05,2.27817811684e-05,2.21514912833e-05,2.40655321552e-05,2.29251976375e-05,2.2892246855e-05,2.32014968977e-05,2.41556916335e-05,2.30869785849e-05,1.66892672735e-05,1.78833042488e-05,1.66135335395e-05,1.66804127431e-05,1.71800480402e-05,9.9949264993e-06,9.9745341417e-06,9.4392057525e-06,9.2606307209e-06,8.4586544349e-06,1.504613704e-07,2.13670577e-07,1.931143696e-07,1.674808852e-07,1.867415891e-07,7.94879687e-08,0,0,0,0,0,0,0,0,0,0,0,0,0,0
0.0001287801382145,0.0007609914681356,0.0013719089188639,0.0013609278932,0.0012828448593392,0.0009875784974466,0.0006222999070165,0.0006204876561093,0.000606870419516,0.0006226808135016,0.0006309137629006,0.0006445331170856,0.0006395001707754,0.0006606583748231,0.0006811198002881,0.0006917428343218,0.0007047602887467,0.0006990528287961,0.0007026600234278,0.0001752854407963,0.0001680314241464,0.0001666082419761,0.0001693238187192,0.0001644442730269,0.0001812933272181,0.0001681869221608,4.11976403842e-05,4.27673173972e-05,4.30005367695e-05,4.40852697225e-05,4.83383423387e-05,4.44056076042e-05,4.48772549352e-05,4.37318812024e-05,4.34047657834e-05,4.06488885769e-05,2.06737465559e-05,1.8043283709e-05,1.87746321954e-05,1.98384192088e-05,1.91462043466e-05,1.99243913964e-05,1.97363176583e-05,2.06578904017e-05,2.08780140241e-05,2.0255912087e-05,2.4339814341e-05,2.36879248066e-05,2.36916455517e-05,2.47506731897e-05,2.29072393981e-05,2.38584743632e-05,2.34288080518e-05,2.2919909611e-05,2.31860930672e-05,1.85216599623e-05,1.85303785595e-05,1.71614769914e-05,1.7296144443e-05,1.85025619938e-05,1.05914167641e-05,9.4919778849e-06,9.6183710668e-06,9.3324216282e-06,7.9156702165e-06,1.644471159e-07,2.230786577e-07,2.185052007e-07,1.962039213e-07,2.235545812e-07,8.0286211e-08,0,0,0,0,0,0,0,0,0,0,0,0,0,0
0.0001614595781036,0.0007107227962092,0.0012875331137501,0.0014744413280357,0.0013528678132975,0.0011646013209788,0.0005966642242563,0.0006016971612408,0.0005866770075307,0.0006037093780925,0.0006087774508176,0.0006201423603743,0.0006263681234044,0.0006451170439135,0.0006644845731526,0.0006764035452597,0.0006894838051475,0.0006099429120673,0.000612249674689,0.0001757147263427,0.0001692840707871,0.0001666198705286,0.0001690549388816,0.0001637325114833,0.0001813356905471,0.0001682333219124,3.97781033091e-05,4.16124366642e-05,4.09036384455e-05,4.20058353185e-05,4.65784008093e-05,4.24956908306e-05,4.50368319042e-05,4.34717023102e-05,4.31717773216e-05,4.00618581393e-05,1.90252157827e-05,1.8952422785e-05,1.89371943693e-05,1.84805028451e-05,1.80255986204e-05,2.03934011126e-05,1.92012347094e-05,2.09364252724e-05,2.0985171485e-05,2.01520510614e-05,2.37321602657e-05,2.21792338289e-05,2.4097347583e-05,2.29211363069e-05,2.09102239431e-05,2.3058164562e-05,2.39624076458e-05,2.42142924466e-05,2.31479475527e-05,1.66027152681e-05,1.7662630351e-05,1.60133733273e-05,1.71452127978e-05,1.66014843062e-05,1.02389081608e-05,9.7311292287e-06,9.7520464245e-06,9.614222635e-06,8.3976305569e-06,1.82997021e-07,2.285954993e-07,1.855328464e-07,1.856055862e-07,2.257379911e-07,7.97953397e-08,0,0,0,0,0,0,0,0,0,0,0,0,0,0
0.0001114635321921,0.0007882674876005,0.0013171323289333,0.0011821602375733,0.0013474820032029,0.00113249996113,0.0005951223954782,0.0005925386860845,0.000579909105972,0.0005979192432506,0.0006025314369423,0.0006171687441555,0.0005919599996508,0.0006100822316908,0.0006276542641457,0.0006406575846327,0.0006490792426188,0.0004934029984566,0.0004950766455613,0.000158571333204,0.0001521652433884,0.0001503784258318,0.0001526701269298,0.0001497432416007,0.0001646171229042,0.0001515542679926,3.49357859845e-05,3.84743534889e-05,3.76081172338e-05,3.84682142412e-05,4.15905465513e-05,3.88116015129e-05,3.90922562614e-05,3.94611083084e-05,3.81393346379e-05,3.74427830983e-05,1.78087589457e-05,1.72649664123e-05,1.65221595838e-05,1.75641767794e-05,1.71165841132e-05,1.7787493816e-05,1.89731796133e-05,1.71564475448e-05,1.81121739795e-05,1.91214320619e-05,2.1286821435e-05,2.22211258763e-05,2.13599727854e-05,2.06775344363e-05,2.21248038207e-05,2.2142381123e-05,2.15856060887e-05,2.09547086429e-05,2.08338618395e-05,1.47231506705e-05,1.60520461018e-05,1.50507508445e-05,1.47567006012e-05,1.56400932846e-05,9.4273270014e-06,9.0552304424e-06,8.4268381249e-06,8.5552423197e-06,6.766711594e-06,1.601259328e-07,2.244650867e-07,1.733977587e-07,1.710219538e-07,2.04936371e-07,7.65040204e-08,0,0,0,0,0,0,0,0,0,0,0,0,0,0
6.907776453e-05,0.0002066655311418,0.0003342228278355,0.0003298699823994,0.000409735233445,0.0002288082666212,0,0,0,0,0,0,0,0,0,0,0,0,0,5.52069059455e-05,5.31665800691e-05,5.22499428231e-05,4.95655570031e-05,4.85442713245e-05,5.33911829959e-05,4.86029522872e-05,6.9285168042e-06,7.0807898586e-06,7.257342828e-06,7.2839017341e-06,8.0532851863e-06,7.2032725187e-06,7.2758222765e-06,7.2162738348e-06,7.1466765469e-06,6.8769921551e-06,3.046008931e-07,2.546497933e-07,3.248823838e-07,2.678210459e-07,2.803240136e-07,2.357949211e-07,2.519430886e-07,2.775382593e-07,2.61013791e-07,2.985694631e-07,3.527039137e-07,3.242003443e-07,3.452015708e-07,3.681759274e-07,5.011223031e-07,5.151480225e-07,4.498006035e-07,4.831933109e-07,5.293518892e-07,3.152980042e-07,3.798073138e-07,4.093192887e-07,4.284814664e-07,3.358887076e-07,2.372521404e-07,1.782385913e-07,1.937232401e-07,2.062994521e-07,1.771903951e-07,6.05054095e-08,7.86766533e-08,4.5530029e-08,5.40282284e-08,5.81941068e-08,1.99748331e-08,0,0,0,0,0,0,0,0,0,0,0,0,0,0
3.76130934228e-05,0.0002187658839077,0.0003759276202094,0.0003954457659856,0.0004226898444648,0.0003061909118634,0,0,0,0,0,0,0,0,0,0,0,0,0,7.44384552977e-05,7.16065174973e-05,7.06233142413e-05,6.67628963952e-05,6.54544965866e-05,7.22590873395e-05,6.5466185812e-05,9.380482293e-06,9.5427463942e-06,9.7721220586e-06,9.9204206604e-06,1.09131000245e-05,9.8632395817e-06,9.898098314e-06,9.6715591049e-06,9.6479691893e-06,9.1738208656e-06,3.943193279e-07,3.918637165e-07,4.065174197e-07,3.655553913e-07,4.134965383e-07,3.334425218e-07,3.717222346e-07,3.577743532e-07,3.589475051e-07,3.976628989e-07,4.438805355e-07,4.202472552e-07,4.510041539e-07,5.019231201e-07,6.77692033e-07,6.81650593e-07,6.039651278e-07,6.444115503e-07,7.054988332e-07,4.708161193e-07,5.146628767e-07,5.518510432e-07,5.376887825e-07,4.564396442e-07,3.365345959e-07,2.719213858e-07,2.823159401e-07,2.768494367e-07,2.668389472e-07,8.4521616e-08,9.36752764e-08,7.58688418e-08,8.11456985e-08,8.69788756e-08,3.90185496e-08,0,0,0,0,0,0,0,0,0,0,0,0,0,0
4.93570593584e-05,0.000197644715764,0.0003420357622202,0.0004076286963675,0.0003781876434169,0.0002747110014288,0,0,0,0,0,0,0,0,0,0,0,0,0,6.06999564782e-05,5.80851185185e-05,5.76514723978e-05,5.47401744504e-05,5.30715770762e-05,6.09563805899e-05,5.59980525465e-05,1.16947967796e-05,1.18040125205e-05,1.21600135412e-05,1.21559393362e-05,1.34207012426e-05,1.18190168277e-05,1.18707019269e-05,1.16801892023e-05,1.14733112266e-05,1.12609493202e-05,3.392221657e-07,3.479461936e-07,3.715240607e-07,3.384881878e-07,3.92517114e-07,2.8783809e-07,3.401964879e-07,3.064101067e-07,3.423155955e-07,3.401743161e-07,4.526629668e-07,3.87809329e-07,3.706536114e-07,4.083245679e-07,5.889473211e-07,5.909400527e-07,5.980911546e-07,5.83744831e-07,5.474082698e-07,4.227398034e-07,4.93864981e-07,4.976842663e-07,4.869835992e-07,4.693857825e-07,2.76396338e-07,2.616738587e-07,2.944328489e-07,2.392455573e-07,2.194780047e-07,5.20795169e-08,8.07812483e-08,8.95340911e-08,6.13361279e-08,7.67573698e-08,3.67412793e-08,0,0,0,0,0,0,0,0,0,0,0,0,0,0
5.10618121472e-05,0.0001951290678484,0.0002885904204393,0.0003298501882904,0.0003521897311048,0.0002329695179218,0,0,0,0,0,0,0,0,0,0,0,0,0,6.47653180513e-05,6.18355810566e-05,6.12847608852e-05,5.8518151599e-05,5.68713647734e-05,6.38905503042e-05,5.73137084988e-05,9.5177598567e-06,9.2221668197e-06,1.00249888562e-05,9.865330254e-06,1.07796900157e-05,9.7597206804e-06,9.5722405646e-06,9.5677787272e-06,9.734442376e-06,8.9346978e-06,3.295955167e-07,3.542767157e-07,3.57047461e-07,3.636005907e-07,3.497267521e-07,3.022849554e-07,3.264988791e-07,2.916240146e-07,3.654896741e-07,3.366908539e-07,4.071309879e-07,3.745123587e-07,4.046446749e-07,4.912959952e-07,5.82917559e-07,6.252404903e-07,5.407978099e-07,6.497431362e-07,6.122129173e-07,4.210260482e-07,4.29583006e-07,4.777716564e-07,4.499633221e-07,4.198536472e-07,2.953357109e-07,2.389707633e-07,2.783978911e-07,2.520274775e-07,2.279466231e-07,6.50764003e-08,9.09800945e-08,6.45877463e-08,6.90836457e-08,7.74002683e-08,3.19865612e-08,0,0,0,0,0,0,0,0,0,0,0,0,0,0
2.19197926197e-05,0.0002456446325099,0.0004090900426959,0.0004136169563891,0.000398606663617,0.0002980615279048,0,0,0,0,0,0,0,0,0,0,0,0,0,7.65323655035e-05,7.41206814804e-05,7.25911733997e-05,6.87235062046e-05,6.68878536535e-05,7.40687190842e-05,6.73339426979e-05,9.740625047e-06,9.8110832217e-06,1.01285315433e-05,1.03178780848e-05,1.12222881512e-05,9.9891503339e-06,1.01227160408e-05,1.0073413536e-05,1.00193078396e-05,9.3423510981e-06,4.072565383e-07,4.043358189e-07,4.208367687e-07,3.820107934e-07,3.823711519e-07,3.701336905e-07,3.841490278e-07,3.575547682e-07,3.833692008e-07,4.123783429e-07,4.876905442e-07,3.85779305e-07,4.735961294e-07,5.164876445e-07,6.847933314e-07,6.974261426e-07,6.472993617e-07,6.814039739e-07,5.971288465e-07,4.631483638e-07,5.287382532e-07,5.485221363e-07,5.885919376e-07,4.797859237e-07,3.173036974e-07,2.784972953e-07,3.315448153e-07,3.203774306e-07,2.85496474e-07,7.32625802e-08,1.019283699e-07,8.44800706e-08,8.08989481e-08,8.77240233e-08,3.53391933e-08,0,0,0,0,0,0,0,0,0,0,0,0,0,0
5.547738288e-06,4.26167168485e-05,0.000115998164203,0.0001069200470045,9.63289102729e-05,0.0001167546739695,0,0,0,0,0,0,0,0,0,0,0,0,0,3.11299008473e-05,2.98952085398e-05,2.9541054744e-05,2.82396754135e-05,2.73104990219e-05,3.05441140469e-05,2.77011078933e-05,4.5678599463e-06,4.6245000913e-06,4.6724715953e-06,4.8595899865e-06,5.2126639402e-06,4.7381612293e-06,4.7368742492e-06,4.6125493151e-06,4.6818281325e-06,4.4028110376e-06,1.573498996e-07,1.791518805e-07,1.697632244e-07,1.5099275e-07,1.84854562e-07,1.427064305e-07,1.680975883e-07,1.497345603e-07,1.710546923e-07,1.661635331e-07,2.053454379e-07,1.783815342e-07,1.864157399e-07,1.902541114e-07,2.801473797e-07,2.826398646e-07,2.715932271e-07,2.784735621e-07,2.832086457e-07,2.125836466e-07,2.248567179e-07,2.397278243e-07,2.290411271e-07,2.001467006e-07,1.519399133e-07,1.254659852e-07,1.260214e-07,1.198614306e-07,1.128003992e-07,2.66152796e-08,4.83946198e-08,4.27989513e-08,3.53844649e-08,3.74025578e-08,1.30809517e-08,0,0,0,0,0,0,0,0,0,0,0,0,0,0
0,0,0,0,0,0,0,0,0,0,0,0,0,0,0,0,0,0,0,0,0,0,0,0,0,0,0,0,0,0,0,0,0,0,0,0,0,0,0,0,0,0,0,0,0,0,0,0,0,0,0,0,0,0,0,0,0,0,0,0,0,0,0,0,0,0,0,0,0,0,0,0,0,0,0,0,0,0,0,0,0,0,0,0,0
0,0,0,0,0,0,0,0,0,0,0,0,0,0,0,0,0,0,0,0,0,0,0,0,0,0,0,0,0,0,0,0,0,0,0,0,0,0,0,0,0,0,0,0,0,0,0,0,0,0,0,0,0,0,0,0,0,0,0,0,0,0,0,0,0,0,0,0,0,0,0,0,0,0,0,0,0,0,0,0,0,0,0,0,0
0,0,0,0,0,0,0,0,0,0,0,0,0,0,0,0,0,0,0,0,0,0,0,0,0,0,0,0,0,0,0,0,0,0,0,0,0,0,0,0,0,0,0,0,0,0,0,0,0,0,0,0,0,0,0,0,0,0,0,0,0,0,0,0,0,0,0,0,0,0,0,0,0,0,0,0,0,0,0,0,0,0,0,0,0
0,0,0,0,0,0,0,0,0,0,0,0,0,0,0,0,0,0,0,0,0,0,0,0,0,0,0,0,0,0,0,0,0,0,0,0,0,0,0,0,0,0,0,0,0,0,0,0,0,0,0,0,0,0,0,0,0,0,0,0,0,0,0,0,0,0,0,0,0,0,0,0,0,0,0,0,0,0,0,0,0,0,0,0,0
0,0,0,0,0,0,0,0,0,0,0,0,0,0,0,0,0,0,0,0,0,0,0,0,0,0,0,0,0,0,0,0,0,0,0,0,0,0,0,0,0,0,0,0,0,0,0,0,0,0,0,0,0,0,0,0,0,0,0,0,0,0,0,0,0,0,0,0,0,0,0,0,0,0,0,0,0,0,0,0,0,0,0,0,0
0,0,0,0,0,0,0,0,0,0,0,0,0,0,0,0,0,0,0,0,0,0,0,0,0,0,0,0,0,0,0,0,0,0,0,0,0,0,0,0,0,0,0,0,0,0,0,0,0,0,0,0,0,0,0,0,0,0,0,0,0,0,0,0,0,0,0,0,0,0,0,0,0,0,0,0,0,0,0,0,0,0,0,0,0
0,0,0,0,0,0,0,0,0,0,0,0,0,0,0,0,0,0,0,0,0,0,0,0,0,0,0,0,0,0,0,0,0,0,0,0,0,0,0,0,0,0,0,0,0,0,0,0,0,0,0,0,0,0,0,0,0,0,0,0,0,0,0,0,0,0,0,0,0,0,0,0,0,0,0,0,0,0,0,0,0,0,0,0,0
0,0,0,0,0,0,0,0,0,0,0,0,0,0,0,0,0,0,0,0,0,0,0,0,0,0,0,0,0,0,0,0,0,0,0,0,0,0,0,0,0,0,0,0,0,0,0,0,0,0,0,0,0,0,0,0,0,0,0,0,0,0,0,0,0,0,0,0,0,0,0,0,0,0,0,0,0,0,0,0,0,0,0,0,0
0,0,0,0,0,0,0,0,0,0,0,0,0,0,0,0,0,0,0,0,0,0,0,0,0,0,0,0,0,0,0,0,0,0,0,0,0,0,0,0,0,0,0,0,0,0,0,0,0,0,0,0,0,0,0,0,0,0,0,0,0,0,0,0,0,0,0,0,0,0,0,0,0,0,0,0,0,0,0,0,0,0,0,0,0
0,0,0,0,0,0,0,0,0,0,0,0,0,0,0,0,0,0,0,0,0,0,0,0,0,0,0,0,0,0,0,0,0,0,0,0,0,0,0,0,0,0,0,0,0,0,0,0,0,0,0,0,0,0,0,0,0,0,0,0,0,0,0,0,0,0,0,0,0,0,0,0,0,0,0,0,0,0,0,0,0,0,0,0,0
0,0,0,0,0,0,0,0,0,0,0,0,0,0,0,0,0,0,0,0,0,0,0,0,0,0,0,0,0,0,0,0,0,0,0,0,0,0,0,0,0,0,0,0,0,0,0,0,0,0,0,0,0,0,0,0,0,0,0,0,0,0,0,0,0,0,0,0,0,0,0,0,0,0,0,0,0,0,0,0,0,0,0,0,0
0,0,0,0,0,0,0,0,0,0,0,0,0,0,0,0,0,0,0,0,0,0,0,0,0,0,0,0,0,0,0,0,0,0,0,0,0,0,0,0,0,0,0,0,0,0,0,0,0,0,0,0,0,0,0,0,0,0,0,0,0,0,0,0,0,0,0,0,0,0,0,0,0,0,0,0,0,0,0,0,0,0,0,0,0
0,0,0,0,0,0,0,0,0,0,0,0,0,0,0,0,0,0,0,0,0,0,0,0,0,0,0,0,0,0,0,0,0,0,0,0,0,0,0,0,0,0,0,0,0,0,0,0,0,0,0,0,0,0,0,0,0,0,0,0,0,0,0,0,0,0,0,0,0,0,0,0,0,0,0,0,0,0,0,0,0,0,0,0,0
0,0,0,0,0,0,0,0,0,0,0,0,0,0,0,0,0,0,0,0,0,0,0,0,0,0,0,0,0,0,0,0,0,0,0,0,0,0,0,0,0,0,0,0,0,0,0,0,0,0,0,0,0,0,0,0,0,0,0,0,0,0,0,0,0,0,0,0,0,0,0,0,0,0,0,0,0,0,0,0,0,0,0,0,0
