0.0017422712939768,0.0078812013301864,0.0153793195154593,0.0155113285405442,0.0147977045196598,0,0,0,0,0,0,0,0,0,0,0,0,0,0,0,0,0,0.0002493662677124,0.0002309889845922,0.0001592075629729,0.0001385743263596,0.0002348177507318,0.0003290395548082,0.0003350607264552,0.00025685301478,0.000367061109014,0.000386685521354,0.0002789438833157,0.000225992524215,0.0003751436184477,0.0002249360389524,0.000329845819877,0.000244175191629,0.0003063568956555,0.0002377052123329,0.0001732238655731,0.0001884038906619,0.0005056473506209,0.0005102625230838,0.0002368433427766,0.0003028776434373,0.0002882774937183,0.0003851524261985,0.0004493557505208,0.0002798454703631,0.0004656438936105,0.0002395123581768,0.000235123575413,0.0004952254809629,0.0003114129322693,0.0004252948944277,0.00033076726567,0.0004386955759163,0.000180277691988,0.0002417206506805,0.0002840714114135,0.0001368029262576,0.0003043749928509,0.000268716629364,0.0002010340528236,4.79390117271e-05,5.72726221297e-05,5.75506445672e-05,0.0001000880775082,6.78930792431e-05,1.50132116262e-05,0,0,0,0,0,0,0,0,0,0,0,0,0,0
0.0079624634262338,0.0411218543938019,0.0745112755766729,0.0758897007836754,0.0756849463628126,0,0,0,0,0,0,0,0,0,0,0,0,0,0,0,0,0,0.0010423473211286,0.0008103850957358,0.000836977267405,0.0010816236416805,0.0013452220043058,0.0016037603505624,0.0015378798202374,0.0013322208520185,0.0014082735801979,0.0017018949741237,0.0015091890057762,0.001208597549652,0.001574098462381,0.0014050896072953,0.0014669713751543,0.0013032651992699,0.0012614247625725,0.0015523054814945,0.0015402152124075,0.0015082219447573,0.0019638842435183,0.001493744118383,0.0015199751469331,0.001520260048727,0.0018183676427322,0.0019129149113105,0.0017375478253807,0.0020239343188207,0.0016729192578685,0.0021152353120285,0.0020266830192271,0.0017428186141662,0.00188686445432,0.0018320228653352,0.0017816072859099,0.0015477510654926,0.0015425987569935,0.0016650904775869,0.0008842268254862,0.000584927459188,0.0009798294345125,0.0009919418790541,0.0007911201166829,0.0004310604269482,0.0004177543093603,0.0002816635439825,0.0002940427275647,0.0002701470911848,9.52214024006e-05,0,0,0,0,0,0,0,0,0,0,0,0,0,0
0.0153663491470878,0.0736886409310361,0.127387158331144,0.127920572417647,0.131341453280188,0,0,0,0,0,0,0,0,0,0,0,0,0,0,0,0,0,0.0017769461070715,0.0015078251281912,0.0016502351117954,0.0021563171602006,0.0020781754061141,0.0031823190659848,0.0031337537931946,0.0023483242004588,0.0023247677811678,0.0023607730696157,0.0030230433846066,0.0021752384889033,0.0023534474041826,0.0022536747400036,0.0022532096018124,0.002668982783337,0.0032295549249504,0.0020272886196303,0.0025771183038616,0.0028148373376865,0.0027514659664505,0.0023488559659886,0.0029036302759673,0.0028799111522978,0.002794626279154,0.003317796255704,0.0034355188261665,0.0035376971758806,0.0028504338809883,0.0032831005390833,0.0036855240247698,0.0034652786892913,0.0033406780470839,0.0031469011006594,0.0030030783668417,0.0025787651896443,0.0021760956631902,0.0027580177939858,0.0016563583521872,0.0011782455832904,0.0016141980761517,0.0017074959832905,0.0014401401067245,0.0005004151739532,0.0006066809751278,0.0005025739832683,0.0004506990653149,0.0005109869901579,0.0001830582994392,0,0,0,0,0,0,0,0,0,0,0,0,0,0
0.0161701970674644,0.0783058355658451,0.13346676474229,0.135506299302093,0.13671258331588,0,0,0,0,0,0,0,0,0,0,0,0,0,0,0,0,0,0.0019130063797795,0.0016629187263363,0.0016505139216192,0.0020802269565847,0.0022983585743782,0.0031845899533006,0.002751349250238,0.0025144779307925,0.002922151321062,0.0025446038851053,0.0027008356929789,0.00225479270147,0.002407662459467,0.0028791984534884,0.0021079307444224,0.0027021606387431,0.0022748656297972,0.0024984295252239,0.0026626317099601,0.0025620641860038,0.0033642774416556,0.0026455481905133,0.0030007413071551,0.002734182921681,0.0032551474556984,0.0032383165040379,0.0034111888026184,0.0030796997937888,0.0034580463376594,0.0034144763242957,0.0035599595096574,0.0038429018955154,0.0033747610750146,0.0034475792661225,0.0030110261986494,0.0027629508065856,0.002274646185655,0.0026738771871335,0.0021292913544142,0.0014891148252653,0.0017397987043024,0.0017185997899944,0.0013140232425298,0.0006756519519846,0.0005935508596165,0.0004820276903728,0.0004969623134083,0.0005465566895435,0.0002813066880115,0,0,0,0,0,0,0,0,0,0,0,0,0,0
0.0159903553316921,0.0809502589663284,0.142046979695977,0.141711774795342,0.139873961166526,0,0,0,0,0,0,0,0,0,0,0,0,0,0,0,0,0,0.0021483807669726,0.0015137476866873,0.0018723583600287,0.0021399773046431,0.0024380255382851,0.0036241712417897,0.0026971981019677,0.0026365669925047,0.002979975896913,0.0028961902015114,0.0027334943639291,0.0027069234572479,0.002892387613348,0.0028386557821477,0.0023285745187108,0.002522042994139,0.0025381460537204,0.0022773726261721,0.0026334167670962,0.002530828432029,0.0031187660730166,0.0026736229137267,0.0030507915907007,0.0029602290479967,0.0030277528849884,0.0036543558947842,0.0030766757997452,0.0034534238744167,0.0031680237528713,0.0037711202441897,0.003929871862221,0.0040652522683159,0.0037903992803409,0.0031498691841002,0.002619747192265,0.00278791515164,0.0021540588980563,0.0028061770169168,0.0019266503919327,0.0017371304279156,0.0018480106369464,0.002034687356505,0.0015617478514948,0.0008521188055581,0.0007651528417265,0.0006194613543737,0.0006116930873582,0.0005950878801301,0.0001278115976364,0,0,0,0,0,0,0,0,0,0,0,0,0,0
0,0,0,0,0,0.0829634966627034,0.0827773338310724,0.0882998341781126,0.0848359114895284,0.0864391206854038,0.0872825340262388,0.0908444295236896,0.0895256587386151,0.0898021797857275,0.041401950787263,0.0388744753237238,0.0394966916499124,0.0389195173259575,0,0,0,0,0.0009263515842669,0.0006811542884257,0.0007519623639969,0.0008972893723147,0.0016341061532213,0.0015142034347993,0.0013517439456715,0.0012627914967843,0.0015431354159577,0.0014346284762757,0.0014446652762857,0.0013962441899493,0.0012408211214924,0.0013341657949647,0.0012808921827231,0.0014361859247123,0.0010826593386122,0.001252471786432,0.0013642776220613,0.0012999662097589,0.0013795378810591,0.0013455075056812,0.0013568138558772,0.001447044511016,0.0017223573969272,0.0017115170923516,0.0017969675638887,0.0017311207444272,0.0016522191863503,0.0018108063560083,0.0017685277479127,0.0014931259283745,0.001681168879067,0.0014980007575975,0.0015836451692771,0.0014055466211531,0.0013860124747961,0.0010958506147308,0.0008525355391273,0.0006905350588102,0.000800485421576,0.0008649507532428,0.0006853069930727,0.0002875989547499,0.0002691261303544,0.0003339580376529,0.0004054868990134,0.000328570589611,2.28253496392e-05,0,0,0,0,0,0,0,0,0,0,0,0,0,0
0,0,0,0,0,0.0827773338310724,0.08270783198162,0.0879563319627105,0.0847908099849395,0.0866741555174777,0.087420573919593,0.0906538214100075,0.0894204446936228,0.0903612911844822,0.0413599847102963,0.0387531367571427,0.0393990709318287,0.0391112234847336,0,0,0,0,0.0009075031897955,0.0006876614989299,0.0007253684038894,0.0008882297101455,0.0015835198755996,0.001518896148785,0.0013228632319401,0.0012277578062973,0.0015222239166399,0.0014837369065823,0.001473984563936,0.0014644791393828,0.0012905875482142,0.0013435420874279,0.0012702289197892,0.0014633303862312,0.0011168341156761,0.0012998209968467,0.001365706887165,0.0012733770780043,0.0013196609844029,0.0013830848093823,0.0013906930129025,0.0014456332177283,0.0017070571666881,0.0017086687126857,0.0017686116394822,0.0017719725831034,0.0017057498938811,0.0018310795498674,0.0016945524814551,0.0015564749432353,0.0016627188806232,0.0014973196161752,0.001546678188774,0.0014097879496379,0.001370056541237,0.0010693438327735,0.0008383236168127,0.0006916338283338,0.0008235835184296,0.0008512618839563,0.000689038363159,0.0002960453874495,0.0002463044177989,0.0003505433641926,0.0003820058322366,0.000349797971286,2.66550315051e-05,0,0,0,0,0,0,0,0,0,0,0,0,0,0
0,0,0,0,0,0.0837335673725821,0.083407828755248,0.0878400528621867,0.0849163902329364,0.0866363568518089,0.0876671277265369,0.0908107996627793,0.0892835263142694,0.0900785016642551,0.0408434708955956,0.0384646600521197,0.0391647371001837,0.0384877817935243,0,0,0,0,0.000925210425309,0.0006749446110698,0.0007460030459601,0.0009089405062727,0.0016194600549779,0.0015134191626167,0.0013178205708758,0.0012746099628718,0.0014890416385293,0.0014636034446287,0.0014640150992962,0.0014488181138476,0.0012665773664663,0.0014259049267632,0.0012870810308047,0.0014914940362458,0.0011132660241093,0.0012775590191271,0.001354827623955,0.0012940111475317,0.0014038657590421,0.0013908200651344,0.0013049648861902,0.0014286543980314,0.0017147990593498,0.0016594108145101,0.0017933187751514,0.0017941652935487,0.0016558864221447,0.0018391145193099,0.0017647181989632,0.0015333556732337,0.0016176163289177,0.0014941476106972,0.0015209482348432,0.0014318286263557,0.0013752496615929,0.0011002192869205,0.0008258645197409,0.000707725987757,0.0007887264016147,0.0008689114482482,0.0006832677306734,0.0002845719441798,0.0002568154768696,0.0003476729899335,0.0003736272865842,0.0003211525635996,2.71709415769e-05,0,0,0,0,0,0,0,0,0,0,0,0,0,0
0,0,0,0,0,0.0831596423521195,0.0831154320062258,0.0877778017591918,0.0847917085516714,0.0863376586985916,0.087473500115108,0.0907186184826275,0.0892341312279984,0.0898617227725893,0.041462568991969,0.0390103679022111,0.0395932909713373,0.03886570030651,0,0,0,0,0.0009190294547295,0.0006790576775201,0.0007570728938433,0.0008912224221674,0.0016200457162151,0.001519356341995,0.001376208620958,0.0012613729709074,0.001525589692467,0.0014791748733319,0.0014604303397024,0.0014612496389604,0.00122733839666,0.0013740729321508,0.0012808106618512,0.0014210420148042,0.0010596204302628,0.0012737562449142,0.0013551313419418,0.0012858919034272,0.0013721126263781,0.001349684115668,0.0013490789427193,0.0014784502297558,0.0016724577404992,0.001705324695595,0.0017798910905935,0.0017755789003176,0.0016755291613987,0.0018243587479122,0.0017259558277505,0.0015141347845042,0.0016788302361022,0.0014837633667026,0.0015506380418636,0.001400165047189,0.0013831253758748,0.0010988005500377,0.000881311199013,0.0006712678002595,0.0007992607843829,0.0008488308224373,0.0007051729792568,0.0003002602395911,0.0002589033662438,0.0003559717290392,0.0003903855154533,0.0003183462737091,2.2791102791e-05,0,0,0,0,0,0,0,0,0,0,0,0,0,0
0,0,0,0,0,0.083056025630048,0.0832818615580618,0.087785195466335,0.0846307500720664,0.087267310982025,0.0875289312811001,0.0908742491425986,0.0896244845455349,0.0901442658395441,0.040864177595896,0.0386954059339758,0.039162629121198,0.0384742316831379,0,0,0,0,0.0009503437373284,0.0006731501750392,0.0007528331327429,0.00089957074268,0.0016023880397685,0.0014773576998601,0.0013179717892015,0.0013239171314492,0.0015022921738804,0.0014105388246142,0.0014578862621619,0.0014368401715462,0.0012875596269995,0.001360695420255,0.0012870051151313,0.0014632164820779,0.0010865155074605,0.0013073650425738,0.0013981924910093,0.0012395532113495,0.0013551923060537,0.0013783410477712,0.0013347583765491,0.0013756120139332,0.0016555051246698,0.0016988656991393,0.0017890562971411,0.0018187228616616,0.0016905425225733,0.0018168548277434,0.0018035045954806,0.0015103593432877,0.0017153940229666,0.0014802568371529,0.0015674603512211,0.0013977472275174,0.001364972006209,0.0010816081784637,0.000889944178989,0.0007079502258719,0.0008070248491339,0.0008554938171569,0.000678272070402,0.0002691316123844,0.0002559976961319,0.0003498034005844,0.0003648480281976,0.0003400615189941,2.20073339679e-05,0,0,0,0,0,0,0,0,0,0,0,0,0,0
0,0,0,0,0,0.0833906006726635,0.0835224853590102,0.0883256469854705,0.0852576538999498,0.0870323231525274,0.0875854149850765,0.0912932158680482,0.0898485935497716,0.0908375948745891,0.04027178725728,0.0377841960908048,0.0384056283129619,0.0378863943652952,0,0,0,0,0.0009324725284349,0.0006812782866159,0.0007632042113426,0.000891313965617,0.0016680462569468,0.0015280433151289,0.001361812933994,0.0012733778405693,0.0014800379085156,0.0014363401175659,0.0014866658176992,0.0014628494961108,0.0012203986452848,0.0013546657290081,0.0012909036923929,0.0014488882435285,0.0010864337961546,0.0012741441759503,0.0013536296497454,0.0013270934505045,0.0013762153694752,0.0013415883243666,0.0013302448793157,0.0014340399265647,0.0017259128891722,0.0016936960860477,0.0017698541259388,0.001774065956666,0.0016834505659673,0.0018206886346211,0.0017445392949298,0.0014842474042823,0.0016306249160113,0.0015061380334096,0.0015531986677514,0.0014299910331277,0.0013482189322973,0.0010793579170284,0.0008687148418302,0.0006801737762303,0.0007950703974867,0.0008524215904548,0.0007099024934183,0.0002988553480832,0.0002600255317825,0.0003380111086355,0.000356472436105,0.0003268939234984,2.4250160943e-05,0,0,0,0,0,0,0,0,0,0,0,0,0,0
0,0,0,0,0,0.0836132409072543,0.0834378051407275,0.0881403050152672,0.085180522681494,0.0870475967730065,0.0879479063412437,0.0915175934691099,0.0902112946031356,0.0905059873655916,0.0398656610175124,0.0378627367101228,0.0382685351536236,0.0377805160742745,0,0,0,0,0.000912376820911,0.0006897997325442,0.0007469145280335,0.0009013529303074,0.0015975932294912,0.0014861247859786,0.0013288706545443,0.0013119711588888,0.0015275877498507,0.0014610378495631,0.0015249970785644,0.0015086766025853,0.0012455301145766,0.0013303492454521,0.0012572137601874,0.0014743903834417,0.0010746631117426,0.0012785179872098,0.0013801420558746,0.0012861735574779,0.0013651787444382,0.0013566022126812,0.0013340975804022,0.0014433762396755,0.0017201162560599,0.0017164350714596,0.0017888180081338,0.0017258837030908,0.0016834801751553,0.0018221966976814,0.0017239256585773,0.0015265397312574,0.0016713360348032,0.0014933343394881,0.0015069814303317,0.0013944874187339,0.0013767758576833,0.0010411425203223,0.0008758704223445,0.0007051723480362,0.0007986238403869,0.0008594191932983,0.0006683735991144,0.0002817161395062,0.0002781365750558,0.0003902877040756,0.0003814293154049,0.0003429121026863,2.33664905257e-05,0,0,0,0,0,0,0,0,0,0,0,0,0,0
0,0,0,0,0,0.0836029661703415,0.0835047127045969,0.0879236663102639,0.0850104427546588,0.0871043865656557,0.0878204561182411,0.0915289164176155,0.0899111011570456,0.0904432454501304,0.0404430060172456,0.0378603632641405,0.0384847030027349,0.0377649624295756,0,0,0,0,0.0009405976782153,0.0006861027883893,0.0007676161894899,0.000888958413749,0.0016076151009335,0.0015218523889343,0.0013213992778578,0.0012936636902004,0.0014926778046616,0.0014110781327358,0.0015011354360229,0.0014351822616706,0.0012521197313319,0.0013481131726625,0.0012974751714854,0.0014613696028417,0.0011097068285769,0.0012761185462334,0.0014066916242751,0.0013513064430342,0.0013638400384348,0.0013917054798215,0.0013057415813536,0.0014212479582664,0.0016850500909117,0.0016604468702671,0.0017386188179135,0.0017303184620765,0.0017257574239697,0.0018352082510114,0.0017422685511871,0.0015257839500148,0.0016678576991752,0.0015093407730921,0.0015595037971479,0.0014137245377072,0.0013788686896304,0.0010706657587713,0.0008556077185091,0.0006953701148187,0.0007828338308455,0.0008600325866109,0.000665349715788,0.0002712352618563,0.0002641720109558,0.0003626422570622,0.0003744131390877,0.0003381397314159,3.05462567492e-05,0,0,0,0,0,0,0,0,0,0,0,0,0,0
0,0,0,0,0,0.0832951793264668,0.0838137779209984,0.0881078160576361,0.0850305223163128,0.0870182389326181,0.0881878713933754,0.0912081284622991,0.0898328061674181,0.0905433522786002,0.0403642120148171,0.0376880481793959,0.0383885962054586,0.0378701073165329,0,0,0,0,0.0009403820372897,0.0006963348337942,0.0007710795184544,0.0008906223572101,0.0016044740581716,0.0014860497153713,0.0013377847063569,0.001243792859097,0.0014746380200272,0.0014492705997879,0.0014921766248394,0.0014519763809652,0.0012396563876665,0.0013468887866193,0.0012884348215137,0.0014875368185936,0.0010833604824005,0.0012766562819528,0.0014432905565181,0.0013398261878494,0.001362392994447,0.0013370342454463,0.0013541681278416,0.0014083436347056,0.0017084142611783,0.0017661719544727,0.0017740313347684,0.0017124189264537,0.0016850947736142,0.0017959880846133,0.0017327606522952,0.0015173435976877,0.0016652453801776,0.0014785280573344,0.0015214357482042,0.0014005212087204,0.0014235666281069,0.0010866392990065,0.0009072207011711,0.0006700725946234,0.0007891518029637,0.0008748317476566,0.0006813408321582,0.0002936365542878,0.0002804930679997,0.0003496823167617,0.0003686952624198,0.0003378741562596,2.40134482161e-05,0,0,0,0,0,0,0,0,0,0,0,0,0,0
0,0,0,0,0,0.0370926731819046,0.037055075099011,0.0385878217348572,0.0378957627572159,0.0381021327707556,0.0377640423932261,0.0388051657263009,0.0388004350722215,0.0389879874762827,0.15503995961475,0.147269981322882,0.149114731253454,0.146118497655118,0,0,0,0,0.0008522265519258,0.0007449256507949,0.0008662568455366,0.0010099740650954,0.0015135805969454,0.0015819307426585,0.0014199045106115,0.0013863107506467,0.0014422527235529,0.0014577007661268,0.0013866184833917,0.0013625640591041,0.001258881454007,0.0012186280275138,0.0014333351340482,0.0011940934545025,0.001413888971323,0.0014081055232531,0.0013559423507544,0.0012140397713188,0.0013132750073011,0.0011445010832995,0.0014185272277076,0.0013020587473525,0.0017595597505108,0.0019465955285893,0.0017211813059775,0.0018435027356485,0.0017921426134332,0.0018304153142608,0.001710268702623,0.0017395532083963,0.0018953245316096,0.001652580708444,0.0014984421170595,0.0012737199031998,0.001226049510801,0.0012558055847951,0.0007839552237746,0.0007175052084215,0.0008180311049086,0.0007075280894369,0.0007714951396399,0.0002565796947201,0.0003333408748488,0.0004121535107503,0.0003814072724096,0.0002446018393056,9.44719696836e-05,0,0,0,0,0,0,0,0,0,0,0,0,0,0
0,0,0,0,0,0.0342785771052763,0.0341715836764066,0.0357668289650509,0.0350917809059126,0.0355105049071805,0.0348721461671459,0.0362738365561247,0.0357494085751745,0.0358285228285576,0.144945637639491,0.137754759058258,0.140357950093604,0.13706503767757,0,0,0,0,0.0007828356670657,0.0006794564872363,0.0007786361449613,0.0009636126058897,0.0013657247739774,0.0014601728268018,0.0013200677034576,0.0013095608387573,0.0013510949139067,0.0013071575099607,0.0012918878941831,0.0012753619848831,0.001225010124942,0.001182521223538,0.00139843690632,0.0011427623891562,0.0013215361954156,0.0012451005554735,0.0012660056257677,0.0011481365120246,0.0012156485110904,0.0011170036623316,0.0013551316757086,0.0012107179331652,0.0016824241763048,0.0018226971953919,0.0016044864252247,0.0016903394187933,0.0016520807910572,0.0016746834476188,0.0016353823726832,0.0015672126661645,0.0017708242419558,0.0015555345388716,0.0013974152876892,0.0011776892533997,0.001125248470594,0.0011365117222453,0.0007258705592869,0.000690961520739,0.0007613656668704,0.0006708592339451,0.0007159131147254,0.0002304164998267,0.0002994068401812,0.0004033609173162,0.0003453137112267,0.0002285320746091,8.87245749896e-05,0,0,0,0,0,0,0,0,0,0,0,0,0,0
0,0,0,0,0,0.0344990097433045,0.0344137413837627,0.0360745912740442,0.0352804916698861,0.0356005694151861,0.0351116330149332,0.0363170858887763,0.0359964678947994,0.0361505702139364,0.145378147908924,0.139035172802394,0.140500710201678,0.137737013108978,0,0,0,0,0.0007627865302809,0.0006876708007036,0.0008197352351396,0.0009677768170088,0.00138520857831,0.001478312964634,0.001319645727677,0.0013080214752833,0.0013735469195311,0.0012994024568597,0.0012784236602017,0.0012816792932394,0.0011861022405836,0.0011359237610034,0.0013956968984842,0.0011655404070053,0.0013531184930936,0.0012835499723817,0.0012799966731638,0.0011628665709515,0.001252805506735,0.0011448386670787,0.0013326105994315,0.0012389236464207,0.0016518835261894,0.0018412959877503,0.0015926753327875,0.0017293389420812,0.001653158647738,0.0017198309006863,0.0016133876180517,0.0016016919016282,0.0017855961258618,0.0015280708452341,0.0013813195278153,0.0011997779874291,0.001146342554257,0.0011521899951437,0.0007220778151031,0.0007016695083083,0.0007568719327238,0.0006625044791654,0.0007368502847769,0.0002472144442185,0.0002881780865839,0.0003927283938893,0.0003475143831497,0.0002346979726101,7.9442812988e-05,0,0,0,0,0,0,0,0,0,0,0,0,0,0
0,0,0,0,0,0.034575847016581,0.0347461575258935,0.0360569143151103,0.0352240263515011,0.0355725118764515,0.0352288853534927,0.0364667041020081,0.0359269441214041,0.0362717850579662,0.144891614742722,0.138093687462488,0.140090967115151,0.13725313640732,0,0,0,0,0.0007961937862701,0.0006702128834661,0.0007889767242866,0.0009435231842806,0.0014234019630995,0.0014951051481256,0.0013300369698643,0.0012817298125729,0.0013078655300749,0.0013286976906298,0.0013160335850372,0.0012949378147064,0.0011770123083695,0.0011376870408738,0.0013472667158335,0.0011397750072111,0.0013255665093147,0.0013184983237845,0.0012754280273804,0.0011298499023926,0.0012260770942086,0.0010721270753244,0.0013468836053787,0.0012102191290475,0.0016858108877411,0.0017809277641549,0.0016440016235056,0.0017328307620496,0.0016794140430967,0.0017523999942724,0.0016006518719459,0.0015755286983664,0.0017653482804356,0.0015296290065734,0.001434673309018,0.0012224146988208,0.0011482708850408,0.001125659164215,0.0007129252874731,0.0006787060755221,0.000750286197539,0.0006756018735088,0.0007550548527639,0.0002424270479747,0.0003171152917044,0.0004040812502113,0.000337487249739,0.0002259169517837,8.94276437072e-05,0,0,0,0,0,0,0,0,0,0,0,0,0,0
0,0,0,0,0,0,0,0,0,0,0,0,0,0,0,0,0,0,0.0536145304052144,0.0542155196435369,0.0536087172032537,0.0558755018081747,0.0525480290346723,0.0514206092687396,0.051100448014924,0.0506027257974014,0.0012383721109154,0.0011351851407486,0.0012859825371518,0.0013574335054581,0.0015368441684735,0.0013828733613601,0.0014684275108881,0.0013695212734026,0.0014985605464523,0.0015119972685036,0.0014835190579064,0.0015209055763997,0.0014176785267853,0.0013825847332023,0.0014515886801267,0.0015156916173526,0.0013497417681637,0.0012777091735275,0.0012816490792989,0.0013269690647026,0.0015500740745251,0.0017795216601166,0.0016190074068208,0.0016339575625342,0.0024229919830535,0.0006995870736842,0.0007034893365782,0.0007018406628627,0.0008115715553697,0.0006147121769532,0.0005311526443724,0.0005919379703331,0.0005373405438909,0.0006071156458119,0.0003831134700926,0.0003070497119622,0.0004291904505927,0.0004146562486666,0.0005108892749176,0.0001884282835194,0.0002065864680105,0.0001174331344784,0.0001519400756436,0.0001600631859767,4.05856913121e-05,0,0,0,0,0,0,0,0,0,0,0,0,0,0
0,0,0,0,0,0,0,0,0,0,0,0,0,0,0,0,0,0,0.0530152190366835,0.0534742584801705,0.052924107329682,0.0551459708229751,0.0518273095202091,0.0507469240175838,0.0504983180260853,0.0499588279722986,0.0012185828799878,0.0011172089649968,0.0012651370672806,0.0013355447207462,0.001514701241575,0.0013606554785017,0.0014431345285897,0.0013492593544939,0.0014779763636419,0.0014873055768349,0.001459216082205,0.0014949108344326,0.0013977471324292,0.0013653151616491,0.0014263511840914,0.0014922295545913,0.001328235806964,0.0012571197780682,0.0012736089760688,0.0013050025245125,0.0015250718244593,0.0017459049297767,0.0015951565251109,0.0016054641562213,0.0023993193155751,0.0006886426573025,0.0006907690497155,0.0006913610169773,0.0008029805103289,0.0006026093637196,0.0005243214945646,0.000585462226753,0.0005299549809018,0.000599528890793,0.0003765274853125,0.0003033432157981,0.0004212623748208,0.0004163099684562,0.000503521445847,0.0001861219471356,0.0002041403505719,0.0001161485737368,0.0001468073060171,0.0001591891824439,4.01936837704e-05,0,0,0,0,0,0,0,0,0,0,0,0,0,0
0,0,0,0,0,0,0,0,0,0,0,0,0,0,0,0,0,0,0.0512540646157623,0.0517451324693781,0.0511726849062911,0.0533417893814827,0.05012859459733,0.0490697254232085,0.0489254947892462,0.0483151775951213,0.0011734787271141,0.0010754077397588,0.0012191184924832,0.0012866505322208,0.0014633474830807,0.0013118144453435,0.0014024671457051,0.0013005707610316,0.0014237219486378,0.0014322063482238,0.0014092656898794,0.00144484703595,0.0013438160711271,0.0013110420882481,0.0013849996948438,0.0014410030173728,0.0012789507576672,0.0012120469623471,0.0012207735643455,0.0012618192280664,0.0014698873472259,0.001685427515093,0.0015407839560723,0.0015557736824139,0.0022978760137482,0.0006604695155769,0.0006668291838297,0.0006720794563062,0.0007773173089959,0.0005812787370188,0.0005122693426555,0.0005668125758713,0.000509465827548,0.0005843289178528,0.000370055463205,0.0002941841309645,0.0004029891574831,0.000400053066315,0.0004901538652019,0.000181507472625,0.0001963487467328,0.0001129506518144,0.0001461381629634,0.0001521256913045,3.8294258584e-05,0,0,0,0,0,0,0,0,0,0,0,0,0,0
0,0,0,0,0,0,0,0,0,0,0,0,0,0,0,0,0,0,0.0526177360572668,0.0531064869092848,0.0525394358256169,0.0547673965432874,0.0514946122416038,0.0504042013321336,0.0500730519154401,0.0495825540150964,0.0012008077766086,0.0010999589487288,0.0012483994147859,0.0013172078786159,0.001498024478932,0.0013425109727369,0.0014394874079967,0.0013359403856904,0.0014533495113378,0.0014756669894007,0.0014394683054111,0.0014824601360344,0.0013785700163948,0.0013379737961612,0.0014189289342091,0.0014690535362389,0.001315627861853,0.0012439638406796,0.0012462922150445,0.0012971610446428,0.0015132948356952,0.0017338793110562,0.001574178037994,0.0015897126798159,0.002354136621447,0.0006830472258577,0.0006836809118579,0.0006859945499325,0.0007905228517595,0.0005981076604657,0.0005206715671732,0.0005765580754758,0.0005278401162691,0.0005956314583088,0.0003803492129417,0.0003046937451158,0.0004190485097145,0.0004075857466123,0.0004986100529709,0.0001827286044955,0.0002048283318226,0.0001162003093076,0.0001491289741554,0.0001553895859727,3.90512421751e-05,0,0,0,0,0,0,0,0,0,0,0,0,0,0
0.0002346214136761,0.0009707052267156,0.00167328771024,0.0017265535162532,0.001870584943303,0.0007996144351668,0.000783344750357,0.0008421812896033,0.0008092846913101,0.0008537381505724,0.0008424634481868,0.0008556620391043,0.0008694297938192,0.0008751371352729,0.0008210933026821,0.0007663323088401,0.000753809979531,0.0007736030593909,0.0517778860923548,0.0522239375477264,0.0516631064816177,0.05388141038319,0.0505747431260008,0.0495892396550066,0.0492798001756164,0.0487962570486026,0.0012198740857437,0.0011161804460712,0.0012568037165265,0.0013301217697815,0.0014953888181105,0.0013534102777973,0.001448291299597,0.0013428681107786,0.0014709736198874,0.001470089286269,0.0014526275694359,0.0014901879442029,0.0013859593734464,0.0013505631982907,0.001420289192898,0.0014740976724213,0.0013293666263419,0.0012531117454767,0.0012583919425246,0.0013061781915212,0.0015158445595546,0.0017441077302525,0.001582387650645,0.00160523534322,0.0023622811673251,0.0007026684108802,0.0007099024643748,0.0007048337091409,0.0008070337443161,0.0006148421251605,0.0005414028518767,0.0005907250978418,0.0005389859419969,0.0006024545480166,0.0003796925365959,0.0003096663804832,0.0004218354200911,0.0004144661136817,0.0005011751766985,0.0001850919374513,0.0002054766394756,0.000117557239289,0.000151618843969,0.0001597945567095,3.9498361847e-05,0,0,0,0,0,0,0,0,0,0,0,0,0,0
0.0002262664196636,0.0007857153750674,0.0014782443736469,0.0015625486318348,0.001372203630596,0.000612137753489,0.0006179856344863,0.0006396348208334,0.000622554607089,0.0006295856605542,0.0006408235477083,0.0006735191315206,0.0006602656343768,0.000674665965695,0.0007472213477043,0.0006924797437189,0.0007075193866529,0.0006779709099283,0.0527501860568069,0.0532377344041955,0.0526511072171003,0.0549089063369372,0.0516281237568774,0.0504658246162079,0.0501970295750089,0.0497232914551446,0.0012522906635819,0.0011518653635488,0.0013010332419717,0.0013709023463434,0.0015492894372483,0.0013891921224872,0.001486566097753,0.001386871619106,0.001502721350376,0.0015150830613566,0.0014971292883663,0.0015349999487334,0.001420488287169,0.0013767264317084,0.0014560832719605,0.0015191797684222,0.0013632358994692,0.001287477319557,0.0012979000055755,0.0013356684248658,0.0015619221185036,0.0017986818728178,0.0016334185305083,0.0016502440067134,0.002430066782807,0.0007076322247725,0.0007198084557871,0.0007152931477608,0.0008204760311787,0.0006275762994228,0.0005473713690591,0.0005956775200693,0.0005394451063708,0.0006154625561592,0.0003964942034079,0.0003108903403399,0.0004365472038474,0.0004289927914764,0.0005101083215135,0.00018827951088,0.0002066717938565,0.0001181045583946,0.000156405822539,0.0001622207838804,4.0050106572e-05,0,0,0,0,0,0,0,0,0,0,0,0,0,0
0.0001549856547892,0.0008064667044339,0.0016078297275825,0.001541276950337,0.0016867589319449,0.0006715815361132,0.0006478303306866,0.0007025925452652,0.0006897750120421,0.0006997462217614,0.000713433741745,0.0007247643026186,0.0007341293847792,0.0007424527521384,0.0008635390754976,0.0007886402845694,0.0008381665719422,0.0007931611828975,0.0520967292528336,0.0526484667729942,0.0521708701065578,0.0542099605147138,0.0509878622717908,0.049885805741833,0.0498383027330169,0.0491912389811699,0.0012030506803663,0.001104280511975,0.0012547062299775,0.0013200309743295,0.0015061671401317,0.001347870474581,0.0014526351971368,0.0013471524935679,0.0014636028610048,0.0014734279308325,0.0014386747350643,0.001483015195095,0.0013780775789188,0.0013468240186658,0.0014289672701536,0.0014703846207694,0.0013152347431124,0.0012554834982616,0.0012613126740662,0.0012902448447508,0.0015059010749647,0.0017392861743312,0.0015867641393607,0.0016091905986502,0.0023497216143977,0.0006866264556392,0.000710779967103,0.0006994157520019,0.0008059134407086,0.0006027015366651,0.0005508457414214,0.0005878321647041,0.0005300720733356,0.0006091271883846,0.0003869243028234,0.0003066725532581,0.0004197779846837,0.0004201464607064,0.0005000657405279,0.0001904853888827,0.0002004780022131,0.0001231683349408,0.0001520624697933,0.0001628698938762,3.9667607144e-05,0,0,0,0,0,0,0,0,0,0,0,0,0,0
0.0001272657238279,0.0009832179953515,0.0019820186554261,0.0018326227754944,0.0018187544957009,0.0007560247875542,0.0007483914316067,0.000807605489999,0.0007660493222816,0.0007888202079752,0.0007860396734131,0.0008251285810214,0.0008020672706996,0.0008090290475291,0.0009498311415573,0.0009207627430062,0.000933539751319,0.0008948509523642,0.0486699085047875,0.0491385033128521,0.0486045919781787,0.0506412935405773,0.0476305113728115,0.0466186518336324,0.0464075487132432,0.0458441379663583,0.0011321487408553,0.0010391819718085,0.0011754142304036,0.001236511445484,0.001400509092306,0.0012677834835571,0.0013525199721642,0.0012515137804692,0.0013661744694124,0.0013835218622793,0.0013527777975024,0.0013943743907015,0.0012882113316984,0.0012624669955286,0.0013341991188516,0.0013815267813476,0.0012414775689511,0.0011710874389027,0.0011792885933368,0.0012227309456301,0.0014249008275711,0.0016464972336571,0.0014820220748437,0.0014997867395686,0.0021980414553697,0.000663161422331,0.0006666996320825,0.0006664372880567,0.0007569598407006,0.0005871346153711,0.0005124175545239,0.0005578663999996,0.0005021887792019,0.0005725171563627,0.0003655228955299,0.0002911863731164,0.0004025042817146,0.0003910628440691,0.0004707962580501,0.000176074296939,0.0001881867889341,0.0001131699855369,0.0001430362844573,0.0001516326274968,3.76287969626e-05,0,0,0,0,0,0,0,0,0,0,0,0,0,0
0.0002153515079195,0.0012211132043308,0.0019075047024593,0.0020219409245814,0.0020691476419225,0.0013749031082276,0.0013323408608493,0.0014368861627841,0.0013905487403712,0.0014031326093483,0.0014689606516138,0.0014604318121809,0.0014484374480825,0.0014554307255336,0.0014214449729934,0.0013031570872878,0.0013343233652292,0.0013480748500629,0.0011893949732423,0.0011968867878951,0.0011788465045429,0.0012247225268395,0.0011890553104599,0.0011724472194436,0.001133373642369,0.0011305552873144,9.14304487768e-05,9.13102197773e-05,8.4106862783e-05,8.33439019936e-05,0.0001017548189297,9.46345695197e-05,9.85075887399e-05,8.89327499601e-05,9.34215920534e-05,8.64556148953e-05,9.00841374197e-05,9.22472213613e-05,8.55141140141e-05,7.65129701766e-05,8.52589399993e-05,8.92769630745e-05,8.07858154267e-05,7.38774526879e-05,8.49012543149e-05,7.9645908413e-05,0.0001022843873489,0.0001066487444975,9.76061538885e-05,0.000101295361163,0.0001333636736371,6.35441769846e-05,5.46482277532e-05,5.42164639278e-05,5.58120336264e-05,5.56955579444e-05,5.09435084666e-05,5.30364846521e-05,4.53593374644e-05,4.20164376173e-05,2.13784555506e-05,2.3604384713e-05,3.14666661009e-05,3.27895507706e-05,3.29841503474e-05,1.00963314807e-05,1.35505650286e-05,9.5656683116e-06,1.08923450515e-05,1.5723652056e-05,2.4693689512e-06,0,0,0,0,0,0,0,0,0,0,0,0,0,0
0.0003061138976485,0.00147679217318,0.0029630916317561,0.0028419873648066,0.0031201816944591,0.0012923912240477,0.0012963965130549,0.0013621636780605,0.0013229289908133,0.0013123045302227,0.0013650723904571,0.0013781239984196,0.0013909391872877,0.0013674458046214,0.0015070578070229,0.0014133697429045,0.0014445422515642,0.0014364024188659,0.0011060113364461,0.0011131414566291,0.0010959055885963,0.0011380429071906,0.0011036704282219,0.0010939760705778,0.0010553257576962,0.0010526836222132,9.2626943392e-05,0.000101542098154,8.9929757353e-05,0.0001008096105304,9.26412250309e-05,9.80435540398e-05,8.94918177129e-05,8.94784692805e-05,8.79126642773e-05,8.6103975681e-05,8.78449613952e-05,9.35926103115e-05,8.39818358904e-05,9.13938792538e-05,8.22887929907e-05,9.2661389152e-05,9.20353104317e-05,8.25444024953e-05,8.98111953958e-05,8.03181978848e-05,0.0001017594079334,0.0001085887779621,0.0001044366516088,0.0001082768533552,0.000128570899895,6.49098072712e-05,6.58737907638e-05,5.51262263088e-05,7.73150803028e-05,6.2939292354e-05,5.65105468892e-05,4.70519888325e-05,4.89698035845e-05,5.35762566457e-05,3.54867422131e-05,2.86271854302e-05,3.20498149444e-05,3.75793859124e-05,3.44410643141e-05,1.21013983266e-05,1.75235668607e-05,1.2524176815e-05,9.3898387359e-06,9.8570659213e-06,2.2695791967e-06,0,0,0,0,0,0,0,0,0,0,0,0,0,0
0.0003201020003785,0.0014542270948788,0.002996374952323,0.0025214146306888,0.0023845912403585,0.0011847702231837,0.0011594569900356,0.0012180252003227,0.0012305268345301,0.0012022229288934,0.0012493018881314,0.0012654519318621,0.0012402224876779,0.0012641334847108,0.0013890935924133,0.0013121323943392,0.0013241925606952,0.0013121939403587,0.0012866424504837,0.0012944445457103,0.0012757801099771,0.0013263728992371,0.0012761519153734,0.0012688913020447,0.0012313431787045,0.0012227203232481,8.76151689866e-05,9.23492442636e-05,0.0001009941189523,9.15584175198e-05,9.86526180521e-05,9.58022407131e-05,8.54420438558e-05,9.00172621772e-05,9.56121061104e-05,9.41182258011e-05,9.19744637339e-05,9.40291023597e-05,8.19894884959e-05,8.71705187939e-05,9.01142915884e-05,8.84886561284e-05,8.33381020265e-05,8.29149423885e-05,8.59394165721e-05,8.46525444206e-05,0.0001046244703184,0.0001147465646217,0.0001134361377881,0.0001153341330958,0.0001317162855446,6.23135904119e-05,5.97998777734e-05,5.31203163859e-05,5.77282497906e-05,5.98407910117e-05,5.24645869342e-05,5.1443963301e-05,3.96214887144e-05,5.01120799266e-05,2.67402860834e-05,2.38763188956e-05,3.21667850902e-05,3.49852302164e-05,3.50002532237e-05,1.10298127669e-05,1.3501137278e-05,1.0151053902e-05,1.17298209899e-05,1.13211256881e-05,2.9485090534e-06,0,0,0,0,0,0,0,0,0,0,0,0,0,0
0.0002545094653751,0.0013065934283901,0.0023288619637001,0.0023900158616816,0.0024176549520686,0.0011479573551972,0.0011161095143013,0.0012218888695171,0.0011697814876944,0.0012525472070121,0.00121160662233,0.0012958109301981,0.0012593351753068,0.0012190153553649,0.0014066542706342,0.0013500863300419,0.0013613289198356,0.0013115510810223,0.0014086262532308,0.0014172899686325,0.0013965128001408,0.0014515126052905,0.00140081482917,0.0013867461082537,0.0013436172942024,0.0013341010805519,9.00484220902e-05,0.0001073708199749,9.4962619631e-05,9.33993916586e-05,0.0001012525065926,9.49426720295e-05,9.25191318549e-05,9.35824626646e-05,9.62373252773e-05,9.32630954038e-05,9.46035921743e-05,0.0001048155952823,9.07665837051e-05,9.73669852387e-05,9.66823494308e-05,0.0001012276704583,9.40659567069e-05,8.83196102871e-05,8.46542354189e-05,8.79352049745e-05,9.99886814485e-05,0.0001234068744829,0.0001167790042208,0.0001155477485171,0.0001517057126725,6.10234099749e-05,6.00561861874e-05,5.63044035439e-05,7.23225623787e-05,5.97843971264e-05,4.70235611465e-05,5.19819073138e-05,4.44928555486e-05,4.76105675929e-05,2.46800043867e-05,2.47183624622e-05,3.25331951863e-05,3.71657242516e-05,3.21805550521e-05,9.8157540048e-06,1.60925762245e-05,1.2284755236e-05,1.30317098669e-05,1.39494100244e-05,2.6188900078e-06,0,0,0,0,0,0,0,0,0,0,0,0,0,0
0.0003605864897234,0.001369314104551,0.0022856886906206,0.0027536419165232,0.0027090689971936,0.0013907528292771,0.0013719063129313,0.0014151844548905,0.0014026547172486,0.0014090925312523,0.001396140086474,0.001495806186534,0.0014405814814626,0.001432842158763,0.0014508414439781,0.0013809359217293,0.0014172403312635,0.0013267943844224,0.001581098236946,0.0015935990674403,0.0015746483733587,0.0016365798864135,0.0015613320156527,0.0015537273234699,0.0015199049830351,0.0014980569892826,0.0001089956261866,9.7822876544e-05,0.0001014413058079,0.0001003824036413,0.0001051345900996,9.60428036369e-05,9.45734133046e-05,0.0001050482750198,0.0001064054541475,0.0001080416087424,9.92370969432e-05,0.0001008020838095,8.18341443201e-05,0.0001001771561683,9.84671568263e-05,0.0001035036219322,9.6313311555e-05,9.06107404901e-05,9.32919228299e-05,0.0001029914720448,0.0001085705442758,0.0001216965308314,0.0001124480813443,0.0001185308875431,0.0001500421440627,6.84116255154e-05,7.33317850061e-05,5.79566721544e-05,8.30542255591e-05,6.63723084839e-05,4.72260186113e-05,5.79333701559e-05,4.4190230365e-05,4.91595103657e-05,3.17336777307e-05,2.62528008725e-05,4.14035855013e-05,4.16328631844e-05,3.24254568677e-05,1.25019145316e-05,1.47826469023e-05,1.03023319883e-05,1.8008146331e-05,1.16079944059e-05,2.0776583697e-06,0,0,0,0,0,0,0,0,0,0,0,0,0,0
0.0003905212115844,0.0017012355293879,0.002386202971714,0.0024651343124381,0.0027067617661367,0.0013292326458735,0.0013747332962723,0.0014300303959919,0.0013981320466544,0.001360146822278,0.001392929342159,0.0014707750825964,0.0014000335813249,0.001447698235529,0.0015075183450063,0.0013735081120239,0.0013783494133211,0.0013857419033243,0.0014626050554745,0.0014716885084818,0.0014511896471853,0.0015078279237349,0.0014527344821583,0.001432254494542,0.0013983216090526,0.0013941295436823,0.0001042124328018,0.0001064316572372,0.0001012738968976,9.67673607046e-05,9.87371228338e-05,8.00449517243e-05,9.46088570405e-05,0.0001049992717809,0.0001024274648396,9.67381194443e-05,9.32806740949e-05,0.0001067511862356,8.81451613269e-05,8.26036722867e-05,9.85554569779e-05,9.34496515124e-05,8.94204979966e-05,8.95224437229e-05,9.03642477728e-05,8.02621813434e-05,0.0001077991397191,0.0001243310501325,0.0001163895012307,0.000113388392914,0.0001405079653708,5.6724774015e-05,6.59087767747e-05,5.88646989413e-05,6.4444784134e-05,5.96626937308e-05,5.31725284954e-05,4.86198244899e-05,3.95423393307e-05,4.73402680771e-05,3.36422170161e-05,2.5350525181e-05,3.46838095832e-05,3.44417278803e-05,3.64730455354e-05,1.38485544526e-05,1.6495741514e-05,1.10304110141e-05,1.56487586958e-05,1.14764910026e-05,2.1173979863e-06,0,0,0,0,0,0,0,0,0,0,0,0,0,0
0.0002875036924526,0.0015396258292872,0.0031184399608846,0.0026702900188176,0.0026072399580026,0.001366056472894,0.0013937804054428,0.0014598467551349,0.0014088001307617,0.001434710436577,0.0014713805791433,0.0015667282545516,0.0015200124159602,0.001521208216876,0.0014634944369552,0.001385377092473,0.0013839815770991,0.0014007576706288,0.0015850283667037,0.001592994986992,0.0015833769776132,0.0016499913796343,0.0015865456177411,0.0015641628728651,0.0015379964713754,0.0015178945274446,0.0001107080699141,9.91459492662e-05,9.21792882186e-05,9.62362877377e-05,9.922579096e-05,9.65543096529e-05,9.07889978724e-05,0.0001023080048969,9.990383785e-05,0.0001005020541651,0.0001044076538941,0.0001038846313143,9.35560724381e-05,7.86826504496e-05,0.0001016655929304,9.27022801239e-05,9.02026511962e-05,8.66900565829e-05,8.83204843388e-05,9.42647280003e-05,0.0001143261217602,0.0001267615417305,0.0001180480143363,0.0001185438175129,0.0001448231652279,6.57720265214e-05,6.66380370783e-05,6.73417392724e-05,6.76835180356e-05,6.31988985553e-05,5.40370919955e-05,5.48559022644e-05,5.03357775213e-05,5.24855157858e-05,3.0486279932e-05,2.4642082287e-05,3.59128612101e-05,3.15752711211e-05,3.54859874017e-05,1.02897619396e-05,1.34807446474e-05,1.17684189006e-05,1.12322209188e-05,1.08280893408e-05,2.7855005883e-06,0,0,0,0,0,0,0,0,0,0,0,0,0,0
0.0002383566344747,0.0012617108929233,0.0022961828755881,0.0022812531208382,0.0026420764725162,0.0013510436658331,0.0014170696496002,0.0014783666865807,0.0014424459247653,0.0014469571264608,0.0014815554058215,0.0015860884645179,0.0014871025004992,0.0015147277072387,0.0014716265270916,0.0013995332755771,0.0014198467275705,0.0014104300024538,0.0015127246956458,0.0015240865013493,0.0015025613154522,0.0015669944973949,0.0015053468923919,0.0014932777614589,0.0014595605723044,0.0014372758615132,0.0001022769809755,0.0001014417609001,9.93788825963e-05,9.96112454649e-05,0.00011278491554,0.0001096560863597,0.0001046926524698,9.32438407627e-05,9.62879842208e-05,0.0001065542688098,9.2549003545e-05,9.97854701974e-05,9.03073085071e-05,9.86085556623e-05,0.0001004424186279,9.6499711101e-05,9.83668584986e-05,8.44949106454e-05,8.56880116296e-05,8.94954949185e-05,0.0001097289981038,0.0001317179409237,0.0001093829251394,0.0001169371104612,0.000150288660413,6.16272278977e-05,6.87642386835e-05,5.95481844181e-05,7.08261324537e-05,6.71183284443e-05,5.93202667109e-05,5.10399205597e-05,5.13013562046e-05,4.6462174055e-05,3.43835924824e-05,2.48060495088e-05,3.0757737454e-05,3.425979145e-05,3.84709644939e-05,1.54363172988e-05,1.47164877451e-05,1.13438994603e-05,1.1822995769e-05,1.20543648837e-05,2.5890547978e-06,0,0,0,0,0,0,0,0,0,0,0,0,0,0
0.0003914542105541,0.0016257743667429,0.002457844062195,0.0024099758512128,0.0027930334387843,0.0011878659082844,0.0012355084255304,0.0012786458032194,0.0011986425193419,0.0012828172342666,0.0012228415923688,0.001295494930607,0.0012836006822198,0.0012794595914021,0.0013451655860136,0.0013299633504755,0.0012999733740978,0.0012683346661892,0.0016376294609642,0.0016517027870405,0.0016273225091525,0.0016865557264647,0.0016313920737497,0.0016007850785013,0.0015688406998375,0.0015522472352439,0.0001062952056273,9.860522069e-05,0.0001044314788575,0.0001013462488628,0.0001130254427673,0.0001058310518288,0.0001011437365501,9.5262577711e-05,0.0001005011619381,0.0001007620857173,0.0001050004906241,0.0001138472476153,9.34341012409e-05,9.18609915163e-05,9.38567180012e-05,0.0001035387911655,8.76590949306e-05,9.4665061121e-05,9.37671182967e-05,0.0001013073863805,0.0001100656372,0.0001223394565963,0.0001167154162709,0.0001152041530954,0.0001571295565472,6.02421849873e-05,5.67936311709e-05,5.74563563215e-05,7.57296567517e-05,5.3700895666e-05,5.7593815902e-05,5.75329114347e-05,4.53217953972e-05,4.86440730639e-05,3.11933304235e-05,2.59975539848e-05,3.81853595291e-05,3.62036772673e-05,3.52367237602e-05,8.57436937e-06,1.69177231281e-05,1.39904269487e-05,1.09986741181e-05,1.3156297902e-05,3.479272747e-06,0,0,0,0,0,0,0,0,0,0,0,0,0,0
0.0002355835778853,0.0014565820818535,0.0023623466715316,0.0028926191326094,0.0027512809397011,0.0012819485851159,0.0012909579038244,0.0014448130930347,0.0013469073015707,0.001360695420255,0.0013623954780043,0.0013888320098387,0.0013871166880654,0.0013952741669632,0.0013069670519306,0.0012885803479829,0.0012495800402326,0.0012304904119649,0.0016584214996816,0.001668273240849,0.0016430720582572,0.0017187849937623,0.0016364386967863,0.001619920039242,0.0015852109386848,0.0015777686430719,9.87329653349e-05,9.69335764156e-05,0.0001031798375113,9.85772105402e-05,0.0001151876542294,0.000100322164535,0.000102125530247,0.0001058092538306,0.0001011345888069,9.0860718928e-05,9.50672228922e-05,0.0001072561305003,8.85752937908e-05,8.80275768049e-05,0.0001044454047395,9.91395411308e-05,9.43089497429e-05,9.77974922303e-05,8.50700568875e-05,9.51809607876e-05,0.0001080231463771,0.0001307520311117,0.0001182663396459,0.0001159210578735,0.000159281719234,7.00178631436e-05,6.32185264052e-05,5.10152245506e-05,6.65526589663e-05,6.36699672495e-05,4.96371164705e-05,4.41866692801e-05,4.8145142608e-05,5.0824624103e-05,3.2341860786e-05,2.82155766541e-05,3.43061652856e-05,4.33891816364e-05,3.16775363457e-05,1.11996337467e-05,1.15119053102e-05,1.22122884922e-05,1.38253858172e-05,9.3252868893e-06,2.1508189976e-06,0,0,0,0,0,0,0,0,0,0,0,0,0,0
0.0003411548194157,0.0015017828387394,0.0023324295901936,0.0020913684314305,0.0022287784679089,0.0012154243600505,0.0012053061083333,0.00128789822511,0.0012398450509999,0.0012709686228237,0.0012820927624289,0.0012961275194313,0.0013183789381371,0.0013180892737549,0.0015180839177677,0.0015048734930788,0.0015162142179724,0.001439009163626,0.0016069101668497,0.0016163713380425,0.0015966085494467,0.0016557312817717,0.0015968527352585,0.0015807784168592,0.0015285348157385,0.0015234854719491,0.0001015948883122,9.766128724e-05,9.95733063328e-05,9.87481304981e-05,0.0001044824863531,9.55312554382e-05,0.0001047722520505,9.07567847462e-05,0.0001040754863019,9.38826551149e-05,9.57472498839e-05,0.0001062092640262,8.68061042507e-05,8.92370485963e-05,9.89423568056e-05,0.0001040951098612,9.5117499404e-05,8.40258515182e-05,9.05835385041e-05,9.34187430117e-05,0.0001138204204129,0.0001223922586627,0.0001178717880222,0.0001060973695184,0.000155643931799,6.43656075344e-05,6.48169960651e-05,5.34108111047e-05,6.21633012859e-05,6.5325289719e-05,4.95202965779e-05,5.69568765683e-05,5.09129205384e-05,4.6777878501e-05,2.93413738129e-05,2.82163268752e-05,3.23972002716e-05,3.72945404387e-05,3.27802191002e-05,1.12278487415e-05,1.19058568572e-05,1.05577038111e-05,1.27608933055e-05,1.71364008695e-05,2.7079190002e-06,0,0,0,0,0,0,0,0,0,0,0,0,0,0
0.0002562482764784,0.0013537459981787,0.0028033131295751,0.0027202214644007,0.0024493347164855,0.0013827539793735,0.0014088885567547,0.0015143144474945,0.0013957520900763,0.0014661622392089,0.0014600891834044,0.0015423040007173,0.0015066770031552,0.0015440771131963,0.0012832321750954,0.0012477625410347,0.0012847412700184,0.0012352304756843,0.001671550918562,0.0016801796195986,0.0016609108904966,0.0017301735184045,0.0016621511688802,0.001644519191331,0.0015987376724703,0.0015933461591282,0.0001055591089986,0.0001055762027092,0.000103289658986,0.000111011008951,0.0001076856533915,0.0001109290793351,0.0001057752680253,9.9287266046e-05,0.0001144981700328,0.000107472059254,0.0001077658823265,0.0001048413426494,9.12312930042e-05,9.59276646162e-05,0.0001026222184672,0.0001075616741744,9.64322635558e-05,7.80219581157e-05,9.99458039724e-05,9.95484622654e-05,0.000119361839155,0.0001280507850184,0.0001222970180584,0.0001257124785431,0.0001621941746893,6.52037263964e-05,7.04955822476e-05,6.18471131903e-05,6.74685729801e-05,5.72802444303e-05,5.76991767529e-05,6.23328811131e-05,5.68430012224e-05,5.782146219e-05,3.12639672093e-05,2.68492958631e-05,3.66275545438e-05,3.86781554831e-05,3.76780172962e-05,1.57847894524e-05,1.53643477695e-05,1.44223488889e-05,1.35168654356e-05,1.41960207202e-05,2.2697865943e-06,0,0,0,0,0,0,0,0,0,0,0,0,0,0
0.0003225434693959,0.0013145191478771,0.0034030606629608,0.0022974709353769,0.0024729391992137,0.00104574850965,0.0010787581747474,0.0011339520142164,0.0010441258998154,0.001092221074433,0.0010983707000387,0.001127797206458,0.0011478087353587,0.0011281722910117,0.0015243454776462,0.0014476255674293,0.0014963229870307,0.0014412242755176,0.0015631343135858,0.001576050793934,0.0015497636464162,0.001614123060883,0.0015508905543388,0.0015267552247937,0.0014904123888339,0.0014767909837454,9.81705897673e-05,9.50410047789e-05,9.0355357293e-05,9.64422450226e-05,8.77049409073e-05,9.18908678108e-05,9.55665680973e-05,9.01468010918e-05,9.42719736951e-05,8.90404249991e-05,8.83629757278e-05,9.15261105612e-05,8.40709903682e-05,8.42511749624e-05,8.0834517939e-05,9.8252790775e-05,8.18436558565e-05,8.23727989211e-05,8.78102506749e-05,9.07407683188e-05,0.0001039665208017,0.0001145662426784,0.0001065628008595,0.0001215275093618,0.0001428092786191,6.40430858212e-05,6.30219028147e-05,6.12240448341e-05,7.22792639204e-05,5.74076101034e-05,4.45785291177e-05,4.33946033023e-05,4.0364711044e-05,4.34145443156e-05,2.64057861244e-05,1.99172765228e-05,2.67231795114e-05,3.23861911459e-05,3.2546061437e-05,1.11803707221e-05,1.23577146437e-05,8.163755541e-06,1.42652424478e-05,1.092813454e-05,2.8973623442e-06,0,0,0,0,0,0,0,0,0,0,0,0,0,0
0.0002580403437836,0.0016679040737857,0.0022025760487995,0.0026016549350124,0.0022878062367043,0.0012473596566914,0.0012945156050228,0.001341729622087,0.0012941278566613,0.0013550639920654,0.0013281666153971,0.0013834192964478,0.0013609450851668,0.0013707704685024,0.0015652784846158,0.001406273921838,0.0014634928797968,0.0014780800034562,0.0015718047845686,0.0015873139284579,0.0015589442573713,0.0016152648253032,0.0015582383056663,0.001525694997705,0.0015018686495526,0.0014922454532737,9.05663728621e-05,0.0001066426872626,9.90498164821e-05,0.0001066697700841,0.0001106997212602,8.87894866462e-05,8.28707565419e-05,0.0001014916546242,9.55645083755e-05,9.12392451631e-05,9.36598760777e-05,9.9227800017e-05,8.68688916022e-05,0.0001038125279017,9.72785183086e-05,9.68044901593e-05,8.66320894505e-05,8.22068759824e-05,8.83282469241e-05,9.53586999514e-05,0.0001043053436583,0.0001163399544445,0.0001049784379506,0.0001129874675461,0.000148804180596,6.97863730576e-05,7.346021482e-05,5.87609622836e-05,7.4210096357e-05,6.3632280578e-05,4.93945133284e-05,4.89135474842e-05,4.51781677101e-05,3.60401542878e-05,3.59748969117e-05,3.12793397173e-05,3.02360917436e-05,3.34941702303e-05,3.36154091215e-05,1.24769316138e-05,1.63307550273e-05,1.08470462551e-05,1.4751864947e-05,1.45066257516e-05,2.9504788072e-06,0,0,0,0,0,0,0,0,0,0,0,0,0,0
0.0001832794849516,0.001612993100986,0.0027290211932506,0.0027024079732249,0.0025784692872599,0.0013242918932666,0.0013256792679179,0.0013868366227836,0.0013419287957834,0.001412495669857,0.0013752798113919,0.001455552919202,0.0014621963843139,0.0015104339752796,0.0014691118511665,0.0013936648761699,0.0014224725551893,0.0013935788254027,0.0016084502968555,0.0016162688541336,0.0016051693305103,0.0016696059952498,0.0015971767159884,0.0015727638101942,0.0015531042336239,0.0015370857754733,9.83623883567e-05,9.35862151672e-05,9.98010109245e-05,0.0001032366858581,0.0001060538525986,0.0001032523842529,0.0001043646794684,0.0001007604550269,9.51673744513e-05,0.0001055138565538,0.0001012156934116,0.0001034637256577,8.12348512665e-05,9.48143713806e-05,8.37300549015e-05,0.0001008626563308,9.46057694784e-05,9.07909608474e-05,8.83307490758e-05,9.54435974248e-05,0.0001106866320809,0.0001300089024206,0.0001114084116554,0.0001238340687664,0.0001448786481524,6.40279465776e-05,7.41705444707e-05,5.739767407e-05,7.04242096788e-05,5.59545926734e-05,5.36856639542e-05,4.94511898103e-05,4.82303993758e-05,4.48154853462e-05,3.49927828486e-05,3.28576805387e-05,3.20064617323e-05,3.95901185727e-05,2.98286538877e-05,1.47466992608e-05,1.38591927615e-05,1.32560885825e-05,1.65581590241e-05,1.24258802748e-05,3.5920911229e-06,0,0,0,0,0,0,0,0,0,0,0,0,0,0
0.0002017816817148,0.0015988292953176,0.0030172520870681,0.0026321798478989,0.0025083654577802,0.0012773172258282,0.0012511913498208,0.001340803135115,0.0012889565701925,0.0012675674399097,0.0013648296712371,0.0013730600354732,0.001421825804583,0.0014193260652021,0.0013314727768121,0.0012793871603009,0.0013081293247193,0.0012496318200526,0.0017000459560838,0.001711624580328,0.0016905258113903,0.0017497528682372,0.0016779854422015,0.0016610098322722,0.0016176889314793,0.0016111000186819,0.0001042591753196,0.0001066733020416,9.92006704675e-05,0.0001094137345387,0.0001128434458048,9.91020959168e-05,9.6328700681e-05,9.79906665322e-05,0.0001062702139107,0.0001013801208326,0.000107790794235,0.0001097716033775,9.99484750339e-05,9.55077173211e-05,0.0001020977430989,9.37317797525e-05,9.02404309656e-05,9.78490464621e-05,9.31785229805e-05,9.03377063212e-05,0.0001196539924426,0.000126347804528,0.0001173862488814,0.0001215764310651,0.000161834344484,7.07437984896e-05,6.00266281413e-05,6.64509730382e-05,6.77282372245e-05,6.35776307694e-05,5.51381036841e-05,5.09122660574e-05,3.96296175788e-05,5.13020662039e-05,3.35791230493e-05,2.69259516444e-05,4.19232817838e-05,3.56399542755e-05,3.39187163949e-05,1.10178610786e-05,1.1956498052e-05,8.7503257779e-06,1.1514468997e-05,1.09599167189e-05,3.7339767454e-06,0,0,0,0,0,0,0,0,0,0,0,0,0,0
0.0005335705484447,0.0020511856564488,0.0029058599676449,0.0034054115221163,0.0030455318899255,0.0013355267130318,0.0012775600590705,0.0014331934809719,0.0013551139841242,0.001365397397913,0.0013944906181063,0.0014359248494132,0.0014138659119094,0.0014219632144471,0.0014190813742861,0.0013346541021761,0.0013885345567764,0.0013360765614461,0.0014916012673601,0.0015010677860563,0.001478301381838,0.0015439185912417,0.0014909358009281,0.0014685417333229,0.0014256718628377,0.0014264426480499,9.29527479525e-05,0.0001043911440103,9.20498015986e-05,0.0001001745313854,0.0001034568737723,9.34317494857e-05,9.23499855648e-05,9.84146480655e-05,8.86457033675e-05,9.5019130498e-05,9.70429548575e-05,9.69632266264e-05,8.20292123232e-05,8.42120027411e-05,9.43529767341e-05,8.89105719829e-05,9.99055139995e-05,8.61091993832e-05,8.80676159868e-05,8.79257128273e-05,0.0001095461313494,0.0001227126390829,0.0001121869544668,0.0001072717357107,0.0001431863482315,7.61165994026e-05,7.25201910396e-05,5.79935517506e-05,7.88004695636e-05,6.65269301814e-05,6.78528558711e-05,4.98527458515e-05,5.17546705605e-05,4.98793900369e-05,3.22599480474e-05,2.5508081064e-05,3.44048779306e-05,4.14113445256e-05,2.71040872207e-05,1.04818391717e-05,1.36285553652e-05,1.47329267011e-05,1.18401590931e-05,1.35717818133e-05,2.2976579792e-06,0,0,0,0,0,0,0,0,0,0,0,0,0,0
0.0005366589622168,0.0015549838901641,0.0024724500334428,0.0026690338091846,0.0026022025937813,0.0012982719504419,0.0013345300606065,0.0014151770947635,0.0013285527527078,0.0013841253859589,0.0013549056808267,0.0014221824503857,0.0014379796027887,0.0013908781715602,0.0012326177836036,0.0012222946217056,0.0012646720744874,0.0011644488886866,0.0014073258655721,0.0014159971545878,0.0013963336605201,0.0014549889389855,0.0014007627137921,0.0013823418819616,0.0013564004189515,0.0013411129657033,8.47226698971e-05,9.33162771491e-05,9.12793744752e-05,9.37438071581e-05,9.70092876557e-05,9.32287639255e-05,8.84600980901e-05,8.425624372e-05,9.54137638884e-05,9.8207908629e-05,8.54431223573e-05,7.81919680317e-05,8.22863776164e-05,7.96459967854e-05,9.0248750283e-05,9.60880637035e-05,8.58242766833e-05,8.46911113899e-05,8.34260739035e-05,8.81385977283e-05,9.66117826002e-05,0.0001127445439102,9.89476901898e-05,0.0001093236388824,0.0001419993059452,5.93024248323e-05,6.3200832559e-05,6.08950320497e-05,6.69485449556e-05,6.79072127471e-05,5.55955439146e-05,5.23816544035e-05,4.7488260303e-05,5.03589044255e-05,3.62687980967e-05,2.35399353637e-05,3.80792630804e-05,3.56257148712e-05,3.05080226371e-05,1.04534835193e-05,1.14372665433e-05,1.05504047842e-05,1.24493519437e-05,1.10067817256e-05,1.8367957578e-06,0,0,0,0,0,0,0,0,0,0,0,0,0,0
0.0002455483248261,0.0015597581082172,0.0030128917811807,0.0029842694574976,0.0029270124569492,0.0012905383023761,0.0013227625825189,0.0013089098874372,0.0013090466081422,0.0013212727509467,0.0013243185695909,0.001378673633208,0.0013299450649221,0.0013886417794653,0.0015059861458837,0.0014617526166215,0.0014511355517118,0.0014420333779782,0.0013915629780646,0.0014141416451068,0.001386359795627,0.0014369541028353,0.0013866337944239,0.0013736882795685,0.0013432929807259,0.0013312732807836,9.59782676066e-05,0.00010008553899,9.32617009913e-05,8.85737871304e-05,9.84574899174e-05,9.27653343883e-05,8.88404299108e-05,8.42292022033e-05,9.31628910428e-05,8.42105583016e-05,9.07997283335e-05,9.87372310047e-05,8.64689962494e-05,8.43580433034e-05,8.65528907213e-05,9.019858931e-05,8.65262575527e-05,8.2238065373e-05,7.80161692701e-05,8.65680513507e-05,9.88347764832e-05,0.0001096444146182,0.0001057205830725,0.0001113820643599,0.000133941725102,6.56919894479e-05,5.65901252183e-05,5.86786453166e-05,7.13563941897e-05,5.35011948333e-05,5.9424764832e-05,4.65360938461e-05,4.47754940289e-05,5.04107502886e-05,3.62095259654e-05,3.24479771578e-05,3.58675903688e-05,3.55551053307e-05,3.15780395918e-05,1.20987991779e-05,1.19529231233e-05,1.13822046542e-05,1.16414223883e-05,1.46334767348e-05,2.47456346e-06,0,0,0,0,0,0,0,0,0,0,0,0,0,0
0.0002946037803609,0.0014636389288349,0.0028036036094507,0.002551128579186,0.0026646038452635,0.0012913019983361,0.0012900425997283,0.0013444151851306,0.0013459215892171,0.0012775593588125,0.0013394219764913,0.001399422104298,0.0013581308859296,0.001354944726926,0.0012969080447394,0.0012252667902513,0.001265740175564,0.0012156388295806,0.0013517296458473,0.0013594506817899,0.0013444147992722,0.0014031762218247,0.0013503414039976,0.0013262974118834,0.0012891855304283,0.0012950106074407,8.44729331653e-05,8.39750198515e-05,8.61878906137e-05,8.63206311259e-05,0.0001019767777389,7.73028204251e-05,8.89597865976e-05,8.25351795203e-05,9.44340907976e-05,8.83965289655e-05,8.78546172524e-05,9.2266965548e-05,8.38326041387e-05,8.54441851707e-05,8.77428563578e-05,8.20442760498e-05,8.10481081816e-05,8.1514059147e-05,8.12181225167e-05,8.04917333878e-05,9.77520040923e-05,0.0001059713951026,9.5270538863e-05,0.0001019134838455,0.0001305604709487,5.69510054152e-05,5.7678546754e-05,6.25035964069e-05,6.98816476281e-05,5.6299877471e-05,5.22105918669e-05,4.50150227194e-05,4.70726791387e-05,4.25512012623e-05,2.91136013342e-05,2.58053710015e-05,2.98871216643e-05,3.80579644306e-05,3.02030609773e-05,9.140653435e-06,1.21958017029e-05,1.22660751401e-05,1.39038323686e-05,9.9974936555e-06,1.6775401271e-06,0,0,0,0,0,0,0,0,0,0,0,0,0,0
0.0002601144013111,0.0016239786902723,0.0025237354122417,0.0028174616314952,0.0025281935742547,0.0014257775419,0.0014131119216868,0.0014969318382803,0.0014123774188789,0.001426258413506,0.0014954008097418,0.001547068487587,0.0014937129622615,0.0015247150748866,0.0016257927626232,0.0015794495192492,0.0015655322098235,0.0015708400558901,0.0014647518499701,0.0014737538914338,0.0014527897169321,0.0015185336878578,0.0014537120400465,0.0014387462344785,0.0013957971121341,0.0013999406455192,0.0001006342964916,9.86945777422e-05,9.88148168395e-05,9.10511070007e-05,9.9722830462e-05,9.63124073209e-05,0.0001000858189805,9.38732604424e-05,9.51748073801e-05,9.30645994856e-05,9.92963579037e-05,0.0001026265539449,8.91018205694e-05,8.66984456566e-05,9.439363341e-05,0.000100806603894,9.36713094347e-05,8.28855915114e-05,8.60176653322e-05,9.06793152966e-05,0.000126088312793,0.0001120891444584,0.0001092924120678,0.0001078138007605,0.0001428887589261,6.35689001128e-05,5.98193628534e-05,6.74560795402e-05,7.66815324736e-05,6.1193288424e-05,5.37091791339e-05,5.26120531688e-05,5.01540366462e-05,5.11916954713e-05,2.79086455791e-05,2.31947525035e-05,3.66436874934e-05,3.44273977937e-05,3.01075592387e-05,1.20081302783e-05,1.21852864172e-05,1.28327206146e-05,1.04516654746e-05,1.46796237569e-05,2.5663847036e-06,0,0,0,0,0,0,0,0,0,0,0,0,0,0
0.0003220807506558,0.001583334794725,0.0027768234447605,0.002597676759303,0.002827998722478,0.0013130709930798,0.0013108857243885,0.0013425212749835,0.0013346923326599,0.0013564544336749,0.0013600431738194,0.0014307296957302,0.0013641363757719,0.0014608544977639,0.0016669223132074,0.0015858541627514,0.0016172779440661,0.0015379700879105,0.0015584517208208,0.0015636290493386,0.0015438576602896,0.0016124944080555,0.0015501563251879,0.0015355276973799,0.0014940852166178,0.0014992168727922,9.72458071939e-05,9.7607263969e-05,0.0001004400595485,0.0001041483068018,0.0001035951089585,0.0001029496837082,0.0001028473391709,0.0001044344762611,9.80427023506e-05,0.0001043985833626,9.89567799762e-05,0.000102036360906,9.09972376716e-05,8.96214805638e-05,0.0001027540843888,9.86524695519e-05,9.72472467065e-05,8.96443559799e-05,8.84388020887e-05,9.11065677352e-05,0.0001038824123083,0.000124826433892,0.0001134633407773,0.0001180664273549,0.0001472742253834,7.07268520889e-05,7.44205258279e-05,6.84579247995e-05,6.75055882925e-05,6.185132863e-05,5.81695585673e-05,5.7483200639e-05,5.70100596705e-05,5.03806311826e-05,3.28097630495e-05,2.75161787961e-05,3.80332319778e-05,4.19030970184e-05,3.65027183044e-05,1.39994334526e-05,1.502919972e-05,1.41574352318e-05,1.16011216535e-05,1.25608313722e-05,3.3115403495e-06,0,0,0,0,0,0,0,0,0,0,0,0,0,0
0.0003673548799189,0.0014059738661054,0.0028109574085496,0.0026750687674256,0.002327627510503,0.0013477538544541,0.0013264864664481,0.0014183654172956,0.0013618550675597,0.0013964762251632,0.0013893704618279,0.0014576717850611,0.0013963701603254,0.001434493689553,0.0014408860503274,0.0013647344231618,0.0013675766862302,0.0013879288532174,0.0013861246526749,0.001396625031113,0.0013797560361917,0.0014311876484943,0.0013749232387606,0.0013632143610741,0.0013325394601106,0.0013192329993119,8.70073048589e-05,9.17727003159e-05,9.70693404158e-05,9.63476233305e-05,9.35785864823e-05,9.42155525927e-05,9.3632713962e-05,8.47836034767e-05,9.14408653038e-05,9.23146643381e-05,9.31675885503e-05,9.52690778652e-05,8.27447681474e-05,7.90581611942e-05,8.60810116279e-05,8.96026520538e-05,8.69148038181e-05,7.69124163567e-05,8.33641383365e-05,8.00724345829e-05,9.90220379836e-05,0.0001109223199719,0.0001143026053983,0.0001048515141269,0.0001303943242113,6.83251117365e-05,6.3838389896e-05,5.03471531199e-05,6.93849417348e-05,6.04969402815e-05,4.91081572191e-05,5.00180351431e-05,3.85049748939e-05,4.51712991298e-05,2.63226066389e-05,2.41107291461e-05,3.26309015781e-05,3.77698113727e-05,3.2121218151e-05,9.6092287868e-06,1.60689896956e-05,1.27112353247e-05,1.77376839783e-05,1.45636015546e-05,2.0901435096e-06,0,0,0,0,0,0,0,0,0,0,0,0,0,0
0.0002278629284456,0.0016311608109008,0.0028829855835683,0.0024054562400596,0.0026022050562615,0.0012931758588174,0.0013236928587057,0.0014133605761363,0.0013531231394673,0.001413956174174,0.0013871078651495,0.0014007640926679,0.0013841466585421,0.0013791365174626,0.0015371161516544,0.0014320095082423,0.001478987281425,0.0014570719397478,0.0013933303850963,0.0014000289427292,0.0013876082047147,0.0014395317631098,0.0013891980467941,0.001371749219951,0.001345969043682,0.0013297078309577,8.9934837996e-05,9.47667704967e-05,9.82988384604e-05,9.49505772256e-05,9.82462201904e-05,9.14191703944e-05,9.36499861689e-05,9.02764721561e-05,8.98959492664e-05,9.01221945092e-05,8.3525576753e-05,9.75381167478e-05,9.39873483836e-05,8.47494250479e-05,9.52992330519e-05,9.24299914527e-05,8.27745039692e-05,8.46378762507e-05,8.74771976885e-05,8.53131431779e-05,9.72917665969e-05,0.0001149607750015,0.0001044322390939,0.0001027483983335,0.0001387013480391,5.86910560193e-05,6.63510690727e-05,5.94283398542e-05,6.88139552804e-05,5.71675089778e-05,5.24651091622e-05,4.29261729915e-05,4.63964883539e-05,5.35070815399e-05,3.48466768029e-05,2.42307766123e-05,2.90086846171e-05,3.1805572875e-05,3.89515858834e-05,1.05095410872e-05,1.33890305436e-05,1.3019295949e-05,1.61273629095e-05,1.52249731628e-05,3.5896082264e-06,0,0,0,0,0,0,0,0,0,0,0,0,0,0
0.0003761402852248,0.0013375680597066,0.002304482062216,0.0026795411434377,0.0023682121403104,0.0012244426078227,0.0012641136633759,0.0012940814486085,0.0012667469894985,0.0013038753243898,0.0013058141934244,0.0013555078085457,0.0013695451744303,0.0013463628359193,0.0014824361976239,0.001388493364281,0.0014026179613362,0.0014009517257792,0.002049773419991,0.0020757019579422,0.0020332349901602,0.0021148268799747,0.0020281383777735,0.0020039427557468,0.001949775196922,0.0019333173155455,0.0001174671668247,0.0001116358498562,0.000111370597602,0.0001236740552326,0.0001233781121388,0.0001123854698534,0.0001135030125297,0.0001151036191696,0.0001216383209396,0.000122850209659,0.0001215591359739,0.0001248451782862,0.0001095700273196,0.0001107292002762,0.0001106099491287,0.0001220603919718,0.0001096108225785,0.0001090630012996,0.000104360471365,0.0001084267767787,0.0001279205569435,0.0001422625381748,0.0001288424919267,0.000137600884855,0.0001791197232887,7.50413742186e-05,6.49712310566e-05,5.79572703078e-05,7.72964168748e-05,6.86160711766e-05,6.09381135469e-05,5.01028300228e-05,5.34614838188e-05,5.1124446624e-05,3.6170035262e-05,2.54103881271e-05,4.4253684912e-05,4.00639484374e-05,3.58816834104e-05,1.25058584856e-05,1.43255713028e-05,1.16305505753e-05,1.38461835118e-05,1.26842461519e-05,3.050981519e-06,0,0,0,0,0,0,0,0,0,0,0,0,0,0
0.0001925555244762,0.001683184471922,0.0026416705941556,0.0026332121239988,0.0028056576276945,0.0013355953604216,0.0013505482478849,0.0014304476162529,0.0013727145989072,0.0013946406305744,0.0014055581476649,0.0014602304196719,0.0014494861960333,0.0014281484522311,0.0015069026754355,0.0014008040016202,0.0014522544952865,0.001454891987842,0.0005890169266898,0.0005929293996281,0.0005816287683443,0.0006106973130386,0.0006004108673104,0.0005807735421575,0.0005670492511809,0.0005805219360195,5.57040564436e-05,5.60923245068e-05,5.24379819129e-05,4.95114057983e-05,5.59869601534e-05,4.51558595861e-05,5.13029921861e-05,4.69750788343e-05,4.64136118634e-05,5.37465929115e-05,5.00312557022e-05,4.99506399994e-05,4.890347417e-05,5.16832454384e-05,4.86509696481e-05,5.31036730426e-05,5.79913635177e-05,4.53310515791e-05,5.09406728785e-05,4.70715342723e-05,5.66394586261e-05,6.79955128287e-05,6.71912773715e-05,5.79488187285e-05,7.46849161178e-05,7.55522822478e-05,4.75038675468e-05,5.45352800869e-05,5.70425284919e-05,4.69079060117e-05,5.51852138773e-05,4.16316904059e-05,3.33315234885e-05,4.2731659284e-05,2.43051914087e-05,2.53006589916e-05,3.27985970502e-05,3.87798598235e-05,2.92536256939e-05,7.5718353912e-06,1.18180960502e-05,1.10418805543e-05,1.21991364961e-05,9.8669783004e-06,1.4553033631e-06,0,0,0,0,0,0,0,0,0,0,0,0,0,0
0.0001829877835045,0.0015611934467011,0.0028707249838801,0.0026576920770515,0.0028303526221789,0.0012627362050788,0.0012099175555854,0.0013287289968664,0.0012571802467049,0.0013401617008997,0.0013037422954166,0.0013373421501893,0.0013321149155478,0.0013338480028716,0.0013630060218873,0.0013242251174208,0.0013188444142067,0.001286448067641,0.0005733784691322,0.0005757577561588,0.000568467399174,0.0005917340970771,0.000587211647301,0.0005718920093038,0.0005682419480208,0.0005649726950881,4.63751159375e-05,5.51066026288e-05,4.8714848176e-05,4.7169839399e-05,5.8096115849e-05,5.07904959988e-05,5.03177868509e-05,5.07405752866e-05,4.23586539082e-05,4.69768960322e-05,4.87724186576e-05,5.22791364796e-05,4.65861518687e-05,5.26658631779e-05,5.45570974169e-05,4.3619230291e-05,5.34860769985e-05,4.67674838004e-05,4.24806135559e-05,4.61497264503e-05,5.15957633736e-05,6.92606434459e-05,6.07732322085e-05,6.34188629745e-05,6.25966479926e-05,4.59861267801e-05,5.2391107389e-05,4.33916330372e-05,5.11881710561e-05,3.8866234822e-05,4.75486530621e-05,4.21596801174e-05,3.88345184341e-05,3.55926019547e-05,2.71036943641e-05,2.25888520118e-05,2.50658718066e-05,2.31043581093e-05,1.70766037404e-05,8.6826960517e-06,1.1330656001e-05,1.11607813507e-05,1.18435644836e-05,1.1319353241e-05,2.4637288058e-06,0,0,0,0,0,0,0,0,0,0,0,0,0,0
0.000406051243734,0.0014144090414074,0.0028436913265651,0.003022531558817,0.0030846195014401,0.0011231794135929,0.0011708326677565,0.0012163425398346,0.0011619417369194,0.0011824211217144,0.0011686090359373,0.0012476249596724,0.0012290557387718,0.0012305624118658,0.0014605723899615,0.0013369722247719,0.0013793858531199,0.0013340546887262,0.0006026627259815,0.0006071049272652,0.0006036198715723,0.0006255265516655,0.0006142350387134,0.0005987328575443,0.0005890951725211,0.0005949883677819,4.8472124853e-05,4.85848860032e-05,4.55904263131e-05,4.65908843217e-05,4.83738022399e-05,4.77909950383e-05,5.3571722119e-05,4.62927750516e-05,4.51473785139e-05,3.99384949719e-05,4.23415263571e-05,4.83212187994e-05,4.76803338969e-05,4.43831227013e-05,4.44801278168e-05,5.08729986113e-05,4.5062310565e-05,4.74739110436e-05,4.64068561488e-05,5.26880070882e-05,6.12978581099e-05,6.71227066866e-05,5.04960342195e-05,5.98433735602e-05,5.882878079e-05,5.56195350578e-05,4.57149172775e-05,4.46044002129e-05,5.99199064034e-05,4.91670929409e-05,4.59306122142e-05,3.71716169422e-05,3.18795229057e-05,3.36100331141e-05,2.2760884186e-05,2.02085679573e-05,2.36013920803e-05,2.78894377084e-05,2.30382606517e-05,8.3385527096e-06,1.21926983827e-05,9.1885717389e-06,6.614859893e-06,1.45726416948e-05,2.0016903736e-06,0,0,0,0,0,0,0,0,0,0,0,0,0,0
0.0002610868073426,0.0015657915978045,0.002803169310867,0.002714094711706,0.0029408270278507,0.001293106994218,0.0012789157833718,0.0013120758282935,0.0013173373899729,0.0013731760053894,0.0013127663535104,0.0013967225355181,0.0013737507798855,0.0013809195156002,0.001627194150433,0.0015446864318502,0.0015723906182962,0.0015284390863421,0.0007125790393519,0.0007209983905469,0.0007138577319813,0.0007370720336175,0.0007191343536105,0.0007022396499486,0.0006940789520565,0.0006910229117049,5.10221949197e-05,6.96750929543e-05,5.06607729924e-05,6.11931510811e-05,7.08824856065e-05,5.34994528091e-05,5.5055996014e-05,5.63000316906e-05,6.08458365397e-05,5.32755233863e-05,5.03897063949e-05,5.39002019601e-05,5.75574323731e-05,5.73142181399e-05,5.58038465397e-05,5.30183473075e-05,6.26084533653e-05,5.33684650377e-05,5.77039291665e-05,6.02338082168e-05,7.12500883631e-05,6.76793031363e-05,7.11570610007e-05,7.08548220704e-05,8.0225366279e-05,5.94865791851e-05,5.51432015141e-05,6.12691065605e-05,7.00714084996e-05,5.86394217597e-05,5.62870376035e-05,4.45396368126e-05,3.83468609541e-05,4.73203211513e-05,2.8436437288e-05,2.35678834068e-05,2.50116244608e-05,3.36242465914e-05,2.6533785666e-05,1.04130145427e-05,9.3320104478e-06,1.21932065741e-05,1.30025436491e-05,9.4473807771e-06,1.5219864005e-06,0,0,0,0,0,0,0,0,0,0,0,0,0,0
0.0003725761672615,0.0015885495388517,0.0027591443301896,0.0028971624365284,0.002553604622227,0.0012039591999083,0.0012034117592761,0.001266349359752,0.0012165543011342,0.001238157826344,0.0012669945785217,0.0013040073319407,0.0012990111533946,0.0012811391946115,0.0014825013144787,0.0014178201675558,0.0014060388363514,0.0013838227460651,0.000563968256995,0.0005653817484159,0.0005577947009238,0.000582708679963,0.000572477700699,0.000561258072568,0.0005423746619613,0.0005600591686015,5.32020622741e-05,5.92668464167e-05,5.48728307469e-05,5.28559015196e-05,5.91889650677e-05,5.17536568904e-05,5.37165147441e-05,5.57484583394e-05,4.50840606328e-05,5.32566148485e-05,5.53306433489e-05,4.78156813213e-05,4.77676390064e-05,5.13515412973e-05,4.63291689943e-05,5.20040744288e-05,5.52304105768e-05,5.65634762805e-05,4.52077184092e-05,5.07062219922e-05,5.94121178212e-05,6.47950460722e-05,6.48280266891e-05,6.15061831937e-05,7.44140277153e-05,5.1114355771e-05,4.37493346393e-05,5.2531713848e-05,6.12725982679e-05,4.32038777469e-05,3.86976019022e-05,4.15762166845e-05,3.93293894022e-05,4.48820657612e-05,2.63410059841e-05,1.80069017463e-05,2.6655729811e-05,2.70406478086e-05,2.43247622914e-05,8.5867422823e-06,7.1288292611e-06,9.556784955e-06,8.986244786e-06,1.76339793708e-05,1.5312771681e-06,0,0,0,0,0,0,0,0,0,0,0,0,0,0
0.0002884860799231,0.0015380104658648,0.0026214128723542,0.0025191298694497,0.0021144526260686,0.0012671705022003,0.0012375909801219,0.0012833700538685,0.0012657697896272,0.0013053078001769,0.0013008116803802,0.0013101116838448,0.0013362553282616,0.0013124954353067,0.0013382887198607,0.0012680734764943,0.0012653929659173,0.0012921853428433,0.0004851540148839,0.00048975740193,0.0004894020122077,0.0005050256339875,0.000501871965021,0.00048736639633,0.0004935197390181,0.0004866286373105,4.84478152396e-05,5.29781649594e-05,4.78964951392e-05,4.13903009101e-05,4.19288156135e-05,4.59201116119e-05,4.57264751165e-05,4.90537555535e-05,4.81387476108e-05,4.13354731791e-05,4.17585153849e-05,4.79526420103e-05,3.69289943394e-05,3.96855262018e-05,4.42542044521e-05,4.49016494196e-05,5.60823698306e-05,4.61038940333e-05,4.99912524386e-05,4.68155206688e-05,5.19155182861e-05,6.06688797158e-05,5.23914559115e-05,5.61975687419e-05,6.57953811974e-05,5.98683119363e-05,5.32861862887e-05,4.88569903984e-05,5.85547926991e-05,3.8526671523e-05,4.18590594548e-05,3.32171794117e-05,3.74803079813e-05,3.44632128186e-05,2.31944638692e-05,1.8391948369e-05,2.20827447523e-05,2.84051247687e-05,2.76954199635e-05,1.02667243624e-05,9.208682021e-06,1.41234570657e-05,9.7053092264e-06,1.05888234921e-05,1.733654366e-06,0,0,0,0,0,0,0,0,0,0,0,0,0,0
0.000394199872119,0.0013765731913252,0.0023191639225353,0.0023815519570521,0.002318296678534,0.0011587061575196,0.0011622026288265,0.0012447421444592,0.0011775365841939,0.0011992118011445,0.0012338762868758,0.0012490099682379,0.0012480118083338,0.0012447575246781,0.001172019038006,0.0011010334818207,0.0011323561395525,0.0011343347594794,0.0005570412617463,0.0005634211058947,0.0005579017803601,0.0005761605314673,0.000564168332773,0.0005464313402056,0.000542598716741,0.0005458266714469,5.1965003579e-05,4.54460635431e-05,4.83863409908e-05,4.71396293864e-05,5.29920767074e-05,4.32593404963e-05,4.78244520604e-05,4.34840556048e-05,4.95434414196e-05,3.79104134215e-05,4.94833237786e-05,5.33716967291e-05,3.70363648677e-05,4.04886670033e-05,4.19975387778e-05,4.27153315443e-05,4.24520038107e-05,4.47535737236e-05,4.0333634396e-05,4.15852771423e-05,5.23943931543e-05,6.17677858897e-05,5.49774183422e-05,4.73718126408e-05,5.5733914139e-05,4.6531731468e-05,4.8677090503e-05,4.07367909866e-05,4.77366141223e-05,4.26455077845e-05,3.42226501255e-05,4.09857279772e-05,3.73147015101e-05,3.16084125767e-05,2.30952997058e-05,1.85560345093e-05,2.29707839883e-05,2.2564552571e-05,1.80681496962e-05,1.12278946731e-05,1.13807747842e-05,1.64710403427e-05,7.9133227407e-06,6.9890314047e-06,2.2585462125e-06,0,0,0,0,0,0,0,0,0,0,0,0,0,0
0.0001759175501301,0.0014899274703452,0.002125257636465,0.0021291914613908,0.0019451853471029,0.0012408210519403,0.0012265365785871,0.0012983262997651,0.0012631958225043,0.0012717593914833,0.0012633179871785,0.0013391477642311,0.0013218761387748,0.0013740002872555,0.0012251314654915,0.0011424368410921,0.0011749260114316,0.0011571268866252,0.000549129445378,0.0005538436292359,0.0005445619384685,0.0005728181808378,0.0005590036901983,0.0005373850763877,0.0005313421823844,0.0005335873288562,4.82632860629e-05,5.13642088066e-05,4.04699908313e-05,4.38165508181e-05,4.38957391256e-05,3.82069896461e-05,4.76559768611e-05,4.7463838058e-05,4.23829204579e-05,4.48573575044e-05,4.80346535967e-05,5.28548400733e-05,3.74117853465e-05,4.06112993905e-05,4.44817543325e-05,3.61073146162e-05,4.78599911211e-05,4.40604293085e-05,4.21436136236e-05,4.72242422389e-05,5.42399664007e-05,6.65252542047e-05,4.5960898898e-05,5.56028301089e-05,6.45821129501e-05,4.04570569635e-05,4.86921760524e-05,3.79403322398e-05,4.46322431052e-05,4.38086107635e-05,4.19341641225e-05,4.0522284987e-05,3.28077677755e-05,3.39677495641e-05,2.52689592216e-05,2.2077682974e-05,2.86790688927e-05,1.88175118003e-05,2.06761686013e-05,6.1927353397e-06,9.1878294888e-06,1.1589236711e-05,9.945316339e-06,1.07928194333e-05,1.0213588323e-06,0,0,0,0,0,0,0,0,0,0,0,0,0,0
0.0002490791112255,0.0016982685277452,0.002844376222579,0.0026430093078482,0.0026759306415764,0.0010359761168436,0.0010109175982161,0.0010968265018972,0.0010597035114106,0.001064161505861,0.0010680070351619,0.0010693794053125,0.0010838723578357,0.0011075180330666,0.0013251146935313,0.0012184678138629,0.0012470290704141,0.0011978430483123,0.0006551683667305,0.000661629218692,0.0006595473473827,0.000682571892565,0.0006598084877503,0.0006474352690079,0.0006447683775523,0.0006423672371936,4.72091071829e-05,5.93418362531e-05,5.40506746484e-05,4.95116774714e-05,5.15655937781e-05,4.83022708363e-05,5.24730656753e-05,4.53931068731e-05,4.80363587013e-05,5.00048072834e-05,4.66040380416e-05,5.67744854491e-05,4.24911227594e-05,3.42106469697e-05,4.36461084058e-05,4.93590212357e-05,4.8708030913e-05,4.93395417677e-05,5.01038294558e-05,4.50779627194e-05,5.84614262427e-05,6.20804741322e-05,5.69364813338e-05,6.77141488136e-05,6.52163119622e-05,5.47703168335e-05,4.7125651912e-05,4.22390975185e-05,5.81598064344e-05,5.27924100786e-05,4.0717112828e-05,3.62470789595e-05,3.58693204261e-05,3.38375960859e-05,2.12810630123e-05,1.81185540339e-05,1.97950967118e-05,2.61630748145e-05,2.21285397723e-05,8.5372126949e-06,9.5663974236e-06,5.4587716185e-06,8.2993587874e-06,1.26164829668e-05,1.0825830005e-06,0,0,0,0,0,0,0,0,0,0,0,0,0,0
0.0003154412605266,0.0009718508709906,0.0018408215735836,0.0022680871865654,0.0019798401266793,0.0008685169483475,0.0008540386130379,0.0008872273231845,0.0009159298478495,0.0009435561877267,0.0009263034705745,0.0009694578038731,0.0009333968660593,0.0009964276446911,0.0008914351108786,0.0008386229476288,0.0008421780106621,0.0008175314007168,0.0004455293660381,0.0004477840927494,0.0004501143266233,0.000469700165573,0.0004481187222554,0.0004494682074078,0.0004413561385392,0.0004419538077342,2.58851272473e-05,4.23567045774e-05,3.10807977559e-05,2.76577554273e-05,3.58707369441e-05,3.69903858534e-05,3.28449662117e-05,3.62000399381e-05,3.31947429839e-05,3.42901988548e-05,3.15014749525e-05,3.30807723931e-05,2.78502744246e-05,3.67994748998e-05,3.67251283526e-05,3.48151643885e-05,3.39477128822e-05,3.82930024894e-05,3.87826978004e-05,3.32365397644e-05,3.43459925101e-05,4.35674290528e-05,3.57539768601e-05,4.75222445663e-05,4.97214705932e-05,3.35708207852e-05,3.86717247892e-05,3.08249397796e-05,3.76632567489e-05,3.33886166513e-05,2.95306475063e-05,2.85404849721e-05,2.87548526247e-05,2.29329928354e-05,1.67381922124e-05,1.36152007632e-05,2.1575431509e-05,1.15532284671e-05,1.50356818056e-05,9.585302432e-06,5.0651693613e-06,4.7767845971e-06,7.5733129969e-06,6.2850120488e-06,7.3746445e-07,0,0,0,0,0,0,0,0,0,0,0,0,0,0
0.0001612386483666,0.000682371284803,0.0013898758381891,0.0016835872687566,0.0018947085973286,0.0007466796746979,0.0007478677807325,0.0008070009273438,0.0007404769250036,0.000796692110023,0.00076980145028,0.0008284515511432,0.0008051753260399,0.0007811554440351,0.000865976938264,0.0008473136709506,0.0008686309333204,0.0008260854087344,0.0003790010372488,0.0003829032525002,0.0003798027014125,0.0003993783528954,0.0003879161649699,0.0003740693757694,0.0003712965063278,0.0003736940069206,3.03353809145e-05,3.62674878816e-05,2.94561694903e-05,2.94018181336e-05,3.14976626911e-05,2.9585165681e-05,2.81789353746e-05,2.77203172407e-05,2.93645158467e-05,3.17524120745e-05,3.21539041899e-05,3.01541608057e-05,2.22968299538e-05,3.39611534146e-05,3.66019762318e-05,2.96314533426e-05,2.84909831908e-05,2.63799709769e-05,3.68880413198e-05,3.12689120627e-05,3.0297712798e-05,3.87819598769e-05,3.476070664e-05,3.50740327106e-05,3.70756798096e-05,3.70917683146e-05,3.42091278772e-05,2.90490168322e-05,3.31318784187e-05,2.42263426226e-05,2.48541641068e-05,2.43391669068e-05,2.66661351286e-05,2.07240076754e-05,1.44512974729e-05,1.50544829303e-05,1.55629888577e-05,1.78757642241e-05,1.02083303616e-05,4.3969663697e-06,3.511417482e-06,1.09783274641e-05,5.2625796146e-06,7.0415202356e-06,2.3767609349e-06,0,0,0,0,0,0,0,0,0,0,0,0,0,0
0.0003628775873051,0.0011562363805486,0.0019260804599073,0.0019896828837695,0.0020388810064563,0.0008755469490771,0.0009008109547475,0.000909730351437,0.0008918290903959,0.0009186543040685,0.0009102104980467,0.0009490553185094,0.0009168988689338,0.0009305797036138,0.0009986849414515,0.0009444110398953,0.000947769006964,0.0009237353990009,0.0005358696614847,0.0005378793308365,0.0005262711758368,0.0005556005901831,0.0005345203918838,0.0005313168054145,0.0005140945824683,0.0005225080740582,4.09058023323e-05,4.10716135523e-05,4.01415346643e-05,3.91434071073e-05,5.0247915585e-05,4.09440928425e-05,4.15407755137e-05,3.47674141416e-05,4.36279347872e-05,3.90514696413e-05,3.73437675805e-05,4.16101886675e-05,3.0260682096e-05,3.32068686655e-05,3.60647323353e-05,4.66675045966e-05,3.88711227191e-05,4.31653232851e-05,4.1245596097e-05,3.66322986056e-05,4.84168674839e-05,5.42228421135e-05,4.7586607086e-05,4.24740643396e-05,6.53137589137e-05,4.86383000809e-05,3.8397952923e-05,3.43171279594e-05,3.55667999834e-05,3.62757878207e-05,3.01857444049e-05,3.04771091558e-05,3.50387855697e-05,2.29026244729e-05,2.31643275263e-05,1.57423810996e-05,1.73507563134e-05,2.27541587157e-05,1.82150606233e-05,7.6899470211e-06,5.5206854496e-06,8.9948949602e-06,6.5565565737e-06,6.7765573091e-06,4.659082183e-07,0,0,0,0,0,0,0,0,0,0,0,0,0,0
0.0003263971585303,0.0011925676482355,0.0020757638279483,0.0020024434686103,0.0022871031335121,0.0009638690656884,0.0009486146970437,0.0010210863584224,0.0009649724616709,0.0009921623233184,0.0009942402631141,0.0010405308342758,0.001026283643059,0.0010510374897282,0.0008800412297078,0.0008478125037806,0.0008452196207304,0.0008474461751963,0.0005274702658032,0.0005415638204627,0.0005322730470358,0.0005505769620329,0.0005350703831304,0.0005319526608073,0.0005242334485484,0.0005172133243863,4.34280470174e-05,4.90644084128e-05,4.44807088621e-05,4.55591019999e-05,5.14774501822e-05,4.1423809914e-05,3.72110847288e-05,3.9455120063e-05,4.21425785619e-05,5.03207742661e-05,4.37982299867e-05,4.47670178757e-05,3.73638059469e-05,3.74776319895e-05,4.54498546425e-05,4.04200730379e-05,4.76680123862e-05,4.11443967722e-05,4.16560419431e-05,4.75254550696e-05,4.63449442012e-05,6.08647463822e-05,5.6117864022e-05,4.74460055796e-05,6.02434225129e-05,5.85908777834e-05,3.60595094175e-05,4.13155674283e-05,4.8714259392e-05,3.7492466847e-05,3.95590804637e-05,3.05017900957e-05,2.34232333016e-05,3.0840190808e-05,1.26375887119e-05,1.84222504452e-05,2.3182562114e-05,1.92088004485e-05,1.94091101794e-05,9.1836364254e-06,7.4231761917e-06,8.9009144799e-06,9.4465248759e-06,4.7342862327e-06,8.558811542e-07,0,0,0,0,0,0,0,0,0,0,0,0,0,0
0.0002442546873389,0.000951394591189,0.0017512350747724,0.0015314753454098,0.0017559835063422,0.0007638943137402,0.0007680535772822,0.0008031549084775,0.0008018827920935,0.0007868487201205,0.0008282416373892,0.0008094511516405,0.0007941891116198,0.0008188032189558,0.0009598734512861,0.0009050033491107,0.0009403325282516,0.0009473735044281,0.0006500668305124,0.0006551975405264,0.0006523351133467,0.0006737232423744,0.0006471916252518,0.0006327131371821,0.0006241264281603,0.0006228415906891,4.36980026512e-05,4.49795290799e-05,4.45122556614e-05,3.94591329521e-05,4.01040565735e-05,4.38791888484e-05,4.18315145168e-05,4.43172885779e-05,4.10284768825e-05,3.67484229676e-05,3.85074361983e-05,4.36216314362e-05,3.7558749624e-05,3.76238100414e-05,3.42531726585e-05,3.84787377487e-05,3.1207857279e-05,3.52437915809e-05,3.7006895177e-05,3.77270754217e-05,4.05410663887e-05,5.30354616871e-05,4.77386107166e-05,5.81223319097e-05,5.39697182976e-05,4.42104486759e-05,2.66593072564e-05,3.41385525637e-05,3.84524673123e-05,3.37362636441e-05,3.85814809896e-05,2.44305775727e-05,2.57440081737e-05,2.60917063677e-05,1.64514974521e-05,1.0523355287e-05,1.85631948231e-05,1.9414538795e-05,1.49388074948e-05,4.4482911353e-06,7.0173259871e-06,9.4765615613e-06,7.0009931233e-06,8.829941067e-06,4.625739362e-07,0,0,0,0,0,0,0,0,0,0,0,0,0,0
7.07040743355e-05,0.0006292721194211,0.0007386730549877,0.0009558991683748,0.0011630322312167,0.0003891504190799,0.0004005792951953,0.0004060528601425,0.0004144719491052,0.0003789955469556,0.0004232543940599,0.0004141571584638,0.000393008720863,0.0004283584410107,0.0003875119993254,0.0003535782391523,0.0003829641594005,0.0003692375748804,0.0002910445012985,0.0002939909479596,0.0002932344015077,0.0002997154442002,0.0002901435520188,0.0002834846777668,0.0002885952807801,0.0002827630458991,1.62368572137e-05,1.91847428429e-05,1.70278039784e-05,1.46103210357e-05,1.87698504048e-05,2.02242809707e-05,1.4724281345e-05,2.1585687703e-05,1.21192054167e-05,1.57715077762e-05,1.6010739491e-05,2.21837387302e-05,1.56621354457e-05,1.69517387985e-05,2.0556257899e-05,1.51726271621e-05,1.46503750307e-05,1.46592478822e-05,1.72116235475e-05,1.38599450795e-05,1.96280472622e-05,2.46907164923e-05,1.7335979639e-05,1.90363518675e-05,2.28335236473e-05,1.38908388062e-05,1.64544754851e-05,1.49992028934e-05,1.83182320112e-05,1.44563578758e-05,1.73614073589e-05,1.84289448216e-05,9.3598891423e-06,1.22193446075e-05,1.27312255933e-05,5.5021793968e-06,9.5132198832e-06,1.11511130837e-05,5.3997703392e-06,1.4780718618e-06,1.9988152023e-06,3.0226322729e-06,5.360295894e-06,2.1881588489e-06,4.532874849e-07,0,0,0,0,0,0,0,0,0,0,0,0,0,0
8.91302617141e-05,0.0006434932931023,0.0009449414806057,0.0008860734769604,0.0011019516684048,0.000384245523587,0.0003516617648918,0.0003866646205364,0.0003771010697487,0.0003803892205599,0.0003885788756539,0.0004314537986595,0.0004038923162488,0.0004317596902933,0.0005312197247262,0.0004847930912369,0.0004710510686841,0.0005096414611605,0.0003366959774787,0.0003402420435792,0.0003347120085515,0.0003544992850615,0.000339868274824,0.0003283450615556,0.0003204918814935,0.0003188882893449,2.29942117335e-05,2.93133657254e-05,2.19929560078e-05,2.52746074164e-05,2.34185089332e-05,2.54192797345e-05,2.03547331409e-05,2.17144641244e-05,2.52311254056e-05,1.71056410048e-05,1.79142341057e-05,2.2784149821e-05,1.82665144327e-05,2.3411835933e-05,2.03849626514e-05,1.7373616945e-05,2.00994338142e-05,1.69237126508e-05,1.79422311512e-05,1.9512700169e-05,2.1016490533e-05,2.79693155525e-05,3.05894154212e-05,2.55900924111e-05,2.75990496571e-05,2.28769210621e-05,2.26572527749e-05,2.3141957021e-05,1.73222797231e-05,1.2664015296e-05,1.64313502218e-05,1.97104581677e-05,1.46529093412e-05,1.44478419174e-05,7.098737476e-06,4.6364632313e-06,7.2064261582e-06,9.5107782853e-06,8.9882778288e-06,2.1090913694e-06,6.0709598594e-06,5.313809583e-06,7.6838888916e-06,3.1225806679e-06,5.999720865e-07,0,0,0,0,0,0,0,0,0,0,0,0,0,0
9.35862241078e-05,0.0004533538874258,0.0008179526408495,0.0007519126724919,0.0009322066301157,0.0004982283875939,0.0005229718570361,0.0005469754251412,0.0005417752906277,0.0005431249954419,0.0005278102088177,0.0006326225699953,0.0005793497401007,0.0005624413605014,0.0006863225107266,0.0006824520436598,0.0006707844092284,0.0006785781713681,0.0001999909432694,0.0002022817124588,0.0002011942294298,0.0002101436339899,0.000203180099999,0.0001960647672675,0.0002057467556592,0.0002003845888157,1.69613360004e-05,2.18915234371e-05,1.72785782727e-05,2.01608561098e-05,1.70539975239e-05,1.77609712659e-05,1.85674929596e-05,1.74900451375e-05,2.18026506316e-05,1.89615055789e-05,1.65993346668e-05,2.23479820941e-05,1.2609304478e-05,1.62489131885e-05,2.03737513191e-05,1.32859950169e-05,2.27042232042e-05,1.63127109659e-05,1.7853046232e-05,2.05067225764e-05,2.31274000296e-05,2.7530505447e-05,2.52844774533e-05,2.6001226811e-05,2.34134854543e-05,2.23345250544e-05,2.33201002891e-05,1.82235037706e-05,2.36500128509e-05,1.77397969791e-05,2.63330041772e-05,2.98077736574e-05,1.93129843118e-05,8.6145601022e-06,6.9953012268e-06,1.51469137473e-05,1.22689289755e-05,1.19163852576e-05,1.26835037818e-05,3.3326651813e-06,5.5525132828e-06,4.7957050567e-06,2.0260527221e-06,1.7309227666e-06,2.7224299287e-06,0,0,0,0,0,0,0,0,0,0,0,0,0,0
0.0001663496781134,0.000483721099714,0.0007497089540751,0.0007923129549697,0.0009408262509298,0.0006182886576462,0.000582484597656,0.0006007770474753,0.0006072608254029,0.0005789827847038,0.0005689192788443,0.0006319049620087,0.0006113520494503,0.0006061066104567,0.0006491365961365,0.0005971315661934,0.0006066543650749,0.0005792505301604,0.0002644660314225,0.000261317379171,0.0002660530896954,0.0002756442064067,0.0002678322417823,0.0002653772558422,0.0002596174318483,0.0002588553598328,1.97398575668e-05,1.67750109695e-05,2.04063879764e-05,2.1858570102e-05,3.04675512342e-05,2.57532945046e-05,1.81125113247e-05,1.86309062265e-05,1.75184850225e-05,2.1939711226e-05,2.05059629702e-05,2.14070188724e-05,2.25194708608e-05,2.25859123439e-05,2.60103105089e-05,1.78686466975e-05,1.86488923352e-05,1.96735008206e-05,1.8662502158e-05,2.37576260776e-05,1.92518051842e-05,2.30572477806e-05,3.60612702842e-05,3.29190719764e-05,2.8488774212e-05,2.52197427116e-05,2.52927544036e-05,1.34085681851e-05,2.57762451832e-05,1.7048766412e-05,1.84946729322e-05,1.46367707829e-05,1.69391276249e-05,1.33863015666e-05,1.133534005e-05,7.4210359391e-06,9.1403800417e-06,1.29258723878e-05,9.5769228722e-06,6.040501788e-06,8.2062091032e-06,2.0707545613e-06,7.6133888476e-06,3.6697239317e-06,1.329174347e-07,0,0,0,0,0,0,0,0,0,0,0,0,0,0
0.0001227160344932,0.0004833047613305,0.0009243832611136,0.0009476428815511,0.0009953897135047,0.0005448529777239,0.0005800533349093,0.000561593831049,0.0005385394591442,0.0005868773205054,0.0005673717834478,0.0006178125123294,0.0006004442415143,0.0006040496358094,0.0004527339175498,0.0004297734257454,0.0004455680789302,0.0004216907541061,0.0003029878449667,0.0003081558140595,0.0003011919893719,0.0003123524645635,0.0003069784195538,0.0002993322203529,0.0003024048917226,0.0002984281531457,3.09893336637e-05,1.91508709327e-05,2.14190673386e-05,2.54455812262e-05,2.13580657128e-05,2.05398945767e-05,1.89889544556e-05,2.06579379338e-05,2.27890436197e-05,1.60935568327e-05,2.99471083156e-05,2.44502337453e-05,1.87612273698e-05,2.41542360816e-05,2.12274018508e-05,1.84965695749e-05,2.32470881268e-05,1.8916093254e-05,2.55121778858e-05,1.85778668511e-05,2.94060757172e-05,2.71495140227e-05,3.2199496863e-05,3.37969064453e-05,2.83821003008e-05,2.21835947641e-05,2.6288844663e-05,3.21244891952e-05,2.0367557115e-05,3.63832284493e-05,2.19442719306e-05,1.40585190656e-05,1.99914151917e-05,2.21304660307e-05,1.02303608051e-05,1.07986254154e-05,1.02738624057e-05,7.0449593606e-06,1.31359151019e-05,2.6816326753e-06,3.6266977133e-06,1.9239410612e-06,3.9908883978e-06,2.9418584437e-06,5.220119334e-07,0,0,0,0,0,0,0,0,0,0,0,0,0,0
2.65723446846e-05,0.0001668152749647,0.0003242739915233,0.0004776062619628,0.0002093450859018,3.70636806039e-05,4.32822975248e-05,4.65260398482e-05,3.77540514385e-05,3.71909896188e-05,4.12150637024e-05,4.12237826877e-05,5.3114725677e-05,4.20390258733e-05,0.0001712248316484,0.0001633867326203,0.0001476861638163,0.0001634547370652,7.52293243281e-05,7.61894940084e-05,7.4242909315e-05,7.68667191149e-05,7.43028398673e-05,7.23654241252e-05,7.21214527824e-05,7.25183524243e-05,4.7656842043e-06,4.3178412858e-06,5.4625304899e-06,4.6779358119e-06,3.743340477e-06,3.7108384647e-06,4.783358609e-06,4.3447454953e-06,5.9014854458e-06,3.6347468134e-06,4.6339507541e-06,3.8280877262e-06,4.8707797225e-06,4.8106068288e-06,6.0089347224e-06,6.1707224009e-06,3.8538742418e-06,3.0910955092e-06,4.2245365601e-06,3.0525169935e-06,5.0341293324e-06,7.008969823e-06,4.5251905048e-06,7.8027542663e-06,6.6849768906e-06,3.2039206187e-06,5.6030339335e-06,4.3209108785e-06,3.2130594337e-06,3.0937497152e-06,3.5181669886e-06,4.4486888116e-06,1.8525393462e-06,1.8594903175e-06,1.1754560349e-06,3.5691763761e-06,6.916803931e-07,1.2471477528e-06,6.738514246e-07,5.439696071e-07,6.823531512e-07,2.9631337021e-06,1.41546327e-07,5.111647481e-07,4.42655895e-08,0,0,0,0,0,0,0,0,0,0,0,0,0,0
0,0,0,0,0,0,0,0,0,0,0,0,0,0,0,0,0,0,0,0,0,0,0,0,0,0,0,0,0,0,0,0,0,0,0,0,0,0,0,0,0,0,0,0,0,0,0,0,0,0,0,0,0,0,0,0,0,0,0,0,0,0,0,0,0,0,0,0,0,0,0,0,0,0,0,0,0,0,0,0,0,0,0,0,0
0,0,0,0,0,0,0,0,0,0,0,0,0,0,0,0,0,0,0,0,0,0,0,0,0,0,0,0,0,0,0,0,0,0,0,0,0,0,0,0,0,0,0,0,0,0,0,0,0,0,0,0,0,0,0,0,0,0,0,0,0,0,0,0,0,0,0,0,0,0,0,0,0,0,0,0,0,0,0,0,0,0,0,0,0
0,0,0,0,0,0,0,0,0,0,0,0,0,0,0,0,0,0,0,0,0,0,0,0,0,0,0,0,0,0,0,0,0,0,0,0,0,0,0,0,0,0,0,0,0,0,0,0,0,0,0,0,0,0,0,0,0,0,0,0,0,0,0,0,0,0,0,0,0,0,0,0,0,0,0,0,0,0,0,0,0,0,0,0,0
0,0,0,0,0,0,0,0,0,0,0,0,0,0,0,0,0,0,0,0,0,0,0,0,0,0,0,0,0,0,0,0,0,0,0,0,0,0,0,0,0,0,0,0,0,0,0,0,0,0,0,0,0,0,0,0,0,0,0,0,0,0,0,0,0,0,0,0,0,0,0,0,0,0,0,0,0,0,0,0,0,0,0,0,0
0,0,0,0,0,0,0,0,0,0,0,0,0,0,0,0,0,0,0,0,0,0,0,0,0,0,0,0,0,0,0,0,0,0,0,0,0,0,0,0,0,0,0,0,0,0,0,0,0,0,0,0,0,0,0,0,0,0,0,0,0,0,0,0,0,0,0,0,0,0,0,0,0,0,0,0,0,0,0,0,0,0,0,0,0
0,0,0,0,0,0,0,0,0,0,0,0,0,0,0,0,0,0,0,0,0,0,0,0,0,0,0,0,0,0,0,0,0,0,0,0,0,0,0,0,0,0,0,0,0,0,0,0,0,0,0,0,0,0,0,0,0,0,0,0,0,0,0,0,0,0,0,0,0,0,0,0,0,0,0,0,0,0,0,0,0,0,0,0,0
0,0,0,0,0,0,0,0,0,0,0,0,0,0,0,0,0,0,0,0,0,0,0,0,0,0,0,0,0,0,0,0,0,0,0,0,0,0,0,0,0,0,0,0,0,0,0,0,0,0,0,0,0,0,0,0,0,0,0,0,0,0,0,0,0,0,0,0,0,0,0,0,0,0,0,0,0,0,0,0,0,0,0,0,0
0,0,0,0,0,0,0,0,0,0,0,0,0,0,0,0,0,0,0,0,0,0,0,0,0,0,0,0,0,0,0,0,0,0,0,0,0,0,0,0,0,0,0,0,0,0,0,0,0,0,0,0,0,0,0,0,0,0,0,0,0,0,0,0,0,0,0,0,0,0,0,0,0,0,0,0,0,0,0,0,0,0,0,0,0
0,0,0,0,0,0,0,0,0,0,0,0,0,0,0,0,0,0,0,0,0,0,0,0,0,0,0,0,0,0,0,0,0,0,0,0,0,0,0,0,0,0,0,0,0,0,0,0,0,0,0,0,0,0,0,0,0,0,0,0,0,0,0,0,0,0,0,0,0,0,0,0,0,0,0,0,0,0,0,0,0,0,0,0,0
0,0,0,0,0,0,0,0,0,0,0,0,0,0,0,0,0,0,0,0,0,0,0,0,0,0,0,0,0,0,0,0,0,0,0,0,0,0,0,0,0,0,0,0,0,0,0,0,0,0,0,0,0,0,0,0,0,0,0,0,0,0,0,0,0,0,0,0,0,0,0,0,0,0,0,0,0,0,0,0,0,0,0,0,0
0,0,0,0,0,0,0,0,0,0,0,0,0,0,0,0,0,0,0,0,0,0,0,0,0,0,0,0,0,0,0,0,0,0,0,0,0,0,0,0,0,0,0,0,0,0,0,0,0,0,0,0,0,0,0,0,0,0,0,0,0,0,0,0,0,0,0,0,0,0,0,0,0,0,0,0,0,0,0,0,0,0,0,0,0
0,0,0,0,0,0,0,0,0,0,0,0,0,0,0,0,0,0,0,0,0,0,0,0,0,0,0,0,0,0,0,0,0,0,0,0,0,0,0,0,0,0,0,0,0,0,0,0,0,0,0,0,0,0,0,0,0,0,0,0,0,0,0,0,0,0,0,0,0,0,0,0,0,0,0,0,0,0,0,0,0,0,0,0,0
0,0,0,0,0,0,0,0,0,0,0,0,0,0,0,0,0,0,0,0,0,0,0,0,0,0,0,0,0,0,0,0,0,0,0,0,0,0,0,0,0,0,0,0,0,0,0,0,0,0,0,0,0,0,0,0,0,0,0,0,0,0,0,0,0,0,0,0,0,0,0,0,0,0,0,0,0,0,0,0,0,0,0,0,0
0,0,0,0,0,0,0,0,0,0,0,0,0,0,0,0,0,0,0,0,0,0,0,0,0,0,0,0,0,0,0,0,0,0,0,0,0,0,0,0,0,0,0,0,0,0,0,0,0,0,0,0,0,0,0,0,0,0,0,0,0,0,0,0,0,0,0,0,0,0,0,0,0,0,0,0,0,0,0,0,0,0,0,0,0
